council_district,standardized_category,lat_bin_approx_100m,lon_bin_approx_100m,cluster_request_count,open_cluster_count,long_resolution_cluster_count,median_resolution_days
I,Solid Waste / Recycling,29.758,-95.37,101,14,30,6.993506944444444
I,Road / Pothole / Bridge,29.669,-95.263,58,5,5,1.6887037037037036
G,Traffic Signals / Lighting,29.732,-95.461,52,2,0,0.01739004629629625
G,Traffic Signals / Lighting,29.748,-95.57,47,2,0,0.0073842592592592
G,Traffic Signals / Lighting,29.732,-95.459,44,0,1,0.0138310185185185
J,Traffic Signals / Lighting,29.716,-95.499,41,1,1,0.0141550925925925
D,Solid Waste / Recycling,29.622,-95.34,41,2,9,0.0652835648148148
H,Traffic Signals / Lighting,29.846,-95.363,38,1,0,0.0174421296296296
C,Traffic Signals / Lighting,29.803,-95.43,35,3,1,0.00937499999999995
J,Traffic Signals / Lighting,29.675,-95.561,34,3,1,0.0074884259259259
D,Traffic Signals / Lighting,29.669,-95.356,30,1,0,0.002974537037037
I,Solid Waste / Recycling,29.716,-95.321,29,4,6,4.054039351851852
C,Traffic Signals / Lighting,29.679,-95.493,29,0,0,0.0024074074074074
I,Traffic Signals / Lighting,29.758,-95.352,26,3,0,1.418153935185185
K,Traffic Signals / Lighting,29.644,-95.508,26,0,0,0.0412847222222222
B,Solid Waste / Recycling,29.868,-95.285,24,0,12,22.484247685185185
B,Solid Waste / Recycling,29.862,-95.286,24,1,9,8.844409722222222
C,Traffic Signals / Lighting,29.817,-95.43,24,4,0,0.0082407407407407
I,Road / Pothole / Bridge,29.669,-95.264,24,1,4,3.134027777777778
K,Traffic Signals / Lighting,29.659,-95.477,24,0,0,0.4420023148148148
B,Solid Waste / Recycling,29.862,-95.287,23,0,10,7.913645833333334
C,Traffic Signals / Lighting,29.696,-95.427,21,0,0,0.0376967592592592
H,Solid Waste / Recycling,29.836,-95.369,21,5,3,2.6201041666666667
E,Solid Waste / Recycling,29.784,-95.194,21,2,3,8.909490740740742
H,Solid Waste / Recycling,29.823,-95.415,20,0,3,10.622754629629627
D,Traffic Signals / Lighting,29.686,-95.341,20,2,0,0.5094791666666666
B,Traffic Signals / Lighting,29.848,-95.302,20,2,0,0.0098321759259259
K,Traffic Signals / Lighting,29.695,-95.427,19,0,0,0.0207291666666666
I,Drainage / Flooding,29.758,-95.37,19,3,1,1.8449652777777776
B,Traffic Signals / Lighting,29.864,-95.429,18,2,0,0.16316550925925924
H,Solid Waste / Recycling,29.786,-95.356,18,4,5,7.8551620370370365
A,Traffic Signals / Lighting,29.8,-95.516,18,0,0,0.007864583333333251
H,Solid Waste / Recycling,29.874,-95.396,18,1,1,8.884733796296297
G,Traffic Signals / Lighting,29.732,-95.46,18,0,0,0.01259259259259255
G,Traffic Signals / Lighting,29.755,-95.625,18,0,0,0.02049768518518515
G,Traffic Signals / Lighting,29.778,-95.618,18,1,2,1.051550925925926
G,Traffic Signals / Lighting,29.736,-95.598,18,2,0,1.511261574074074
G,Water,29.749,-95.534,17,0,0,0.11983217592592585
K,Traffic Signals / Lighting,29.68,-95.426,17,0,2,0.0108217592592592
G,Traffic Signals / Lighting,29.756,-95.645,17,0,1,0.0107523148148148
I,Traffic Signals / Lighting,29.686,-95.278,17,4,1,0.0076388888888888
H,Water,29.753,-95.342,17,0,1,0.19906249999999995
C,Solid Waste / Recycling,29.782,-95.417,17,1,12,56.999629629629624
F,Traffic Signals / Lighting,29.704,-95.56,17,1,2,0.03053240740740735
F,Traffic Signals / Lighting,29.704,-95.604,17,1,0,0.5176909722222222
F,Traffic Signals / Lighting,29.732,-95.567,17,2,0,0.8474537037037038
B,Traffic Signals / Lighting,29.888,-95.422,17,1,0,0.1612037037037037
C,Water,29.739,-95.415,17,2,1,0.0016782407407407
C,Water,29.734,-95.413,17,0,0,0.2283796296296296
A,Solid Waste / Recycling,29.799,-95.502,17,1,9,46.94140046296296
C,Road / Pothole / Bridge,29.747,-95.397,17,0,0,0.0035879629629629
C,Traffic Signals / Lighting,29.761,-95.398,16,1,1,0.0033796296296296
C,Solid Waste / Recycling,29.75,-95.391,16,0,3,0.00289351851851845
E,Traffic Signals / Lighting,30.05,-95.233,16,0,1,0.3588310185185185
B,Solid Waste / Recycling,29.818,-95.274,16,9,1,7.175960648148148
E,Traffic Signals / Lighting,29.609,-95.185,16,0,0,0.0113310185185185
E,Traffic Signals / Lighting,29.562,-95.141,16,0,0,0.0246006944444444
I,Traffic Signals / Lighting,29.753,-95.372,16,4,1,0.5037847222222221
G,Traffic Signals / Lighting,29.75,-95.497,16,1,0,0.0058796296296296
I,Traffic Signals / Lighting,29.691,-95.299,16,0,1,0.6730671296296297
B,Solid Waste / Recycling,29.863,-95.279,15,1,6,10.454699074074075
D,Solid Waste / Recycling,29.687,-95.351,15,2,3,3.9524537037037035
C,Water,29.725,-95.418,15,2,0,0.002199074074074
A,Traffic Signals / Lighting,29.773,-95.457,15,0,0,0.6446412037037037
J,Traffic Signals / Lighting,29.66,-95.558,15,2,1,0.00762731481481475
J,Solid Waste / Recycling,29.735,-95.47,15,2,3,3.9191435185185184
J,Traffic Signals / Lighting,29.723,-95.501,15,0,0,0.0127256944444444
C,Solid Waste / Recycling,29.735,-95.389,14,4,3,4.682060185185185
H,Water,29.829,-95.429,14,1,0,0.13626736111111104
H,Water,29.77,-95.377,14,0,1,0.6636689814814816
I,Road / Pothole / Bridge,29.799,-95.229,14,2,0,2.053125
C,Solid Waste / Recycling,29.758,-95.4,14,0,0,7.53125
B,Solid Waste / Recycling,29.864,-95.279,14,2,7,18.151568287037037
J,Traffic Signals / Lighting,29.735,-95.484,14,2,0,0.22707754629629628
J,Traffic Signals / Lighting,29.726,-95.468,14,0,0,0.0136921296296296
H,Solid Waste / Recycling,29.823,-95.417,14,0,4,10.888541666666669
I,Traffic Signals / Lighting,29.736,-95.304,14,2,0,0.2759722222222222
C,Solid Waste / Recycling,29.776,-95.405,14,8,2,13.131244212962962
A,Solid Waste / Recycling,29.808,-95.523,14,9,2,12.056828703703705
C,Solid Waste / Recycling,29.736,-95.423,14,0,2,4.965422453703704
A,Traffic Signals / Lighting,29.833,-95.484,14,1,1,0.0083912037037037
K,Solid Waste / Recycling,29.63,-95.429,14,1,3,4.054791666666667
D,Solid Waste / Recycling,29.627,-95.35,14,3,5,6.935173611111111
G,Traffic Signals / Lighting,29.737,-95.521,13,0,0,0.0367476851851851
G,Traffic Signals / Lighting,29.738,-95.501,13,1,1,0.02128472222222215
G,Solid Waste / Recycling,29.74,-95.45,13,4,0,4.915115740740741
B,Solid Waste / Recycling,29.867,-95.278,13,1,6,28.93990162037037
A,Traffic Signals / Lighting,29.813,-95.645,13,1,0,0.01064236111111105
K,Solid Waste / Recycling,29.656,-95.458,13,2,1,1.0967361111111111
C,Solid Waste / Recycling,29.755,-95.379,13,2,1,3.008136574074074
C,Solid Waste / Recycling,29.751,-95.389,13,2,1,3.3706655092592595
C,Solid Waste / Recycling,29.756,-95.378,13,2,2,2.7369618055555556
A,Traffic Signals / Lighting,29.807,-95.459,13,0,0,0.0055439814814814
H,Solid Waste / Recycling,29.792,-95.383,13,0,1,7.699843749999999
B,Solid Waste / Recycling,29.861,-95.286,13,0,9,28.51832175925926
F,Solid Waste / Recycling,29.734,-95.613,13,3,2,6.334467592592593
G,Solid Waste / Recycling,29.746,-95.506,13,1,3,2.0022800925925925
K,Traffic Signals / Lighting,29.667,-95.509,13,0,1,0.0236921296296296
K,Traffic Signals / Lighting,29.699,-95.406,13,0,0,0.3133101851851851
G,Traffic Signals / Lighting,29.754,-95.606,13,0,0,0.001099537037037
H,Traffic Signals / Lighting,29.804,-95.372,13,0,3,0.0257986111111111
D,Solid Waste / Recycling,29.63,-95.344,13,3,1,4.91296875
H,Solid Waste / Recycling,29.856,-95.386,13,5,8,51.858339120370374
D,Solid Waste / Recycling,29.731,-95.353,13,1,1,0.0010185185185185
C,Traffic Signals / Lighting,29.719,-95.409,13,1,2,1.000960648148148
A,Road / Pothole / Bridge,29.795,-95.476,13,3,1,0.9825983796296296
H,Water,29.823,-95.417,12,2,0,0.8578009259259259
C,Solid Waste / Recycling,29.746,-95.394,12,0,3,7.059039351851852
C,Solid Waste / Recycling,29.749,-95.401,12,2,1,2.4080902777777777
D,Solid Waste / Recycling,29.656,-95.352,12,0,7,49.96082175925926
H,Traffic Signals / Lighting,29.846,-95.403,12,3,0,0.0156597222222222
K,Solid Waste / Recycling,29.63,-95.455,12,0,0,4.019328703703704
A,Solid Waste / Recycling,29.823,-95.53,12,0,5,14.40045138888889
C,Solid Waste / Recycling,29.749,-95.399,12,3,4,12.281846064814815
I,Solid Waste / Recycling,29.704,-95.319,12,0,3,7.932361111111111
A,Traffic Signals / Lighting,29.788,-95.645,12,0,0,0.02164930555555555
C,Solid Waste / Recycling,29.756,-95.388,12,1,6,14.07148148148148
A,Solid Waste / Recycling,29.856,-95.496,12,0,3,7.171828703703704
D,Solid Waste / Recycling,29.621,-95.396,12,0,0,3.0913310185185185
B,Solid Waste / Recycling,29.838,-95.301,12,2,7,39.98317129629629
I,Traffic Signals / Lighting,29.71,-95.278,12,1,2,0.2302488425925926
G,Traffic Signals / Lighting,29.773,-95.563,12,1,1,0.0182407407407407
J,Water,29.678,-95.55,12,1,0,0.0013310185185185
B,Solid Waste / Recycling,29.846,-95.431,12,1,1,7.549606481481481
G,Traffic Signals / Lighting,29.748,-95.538,12,3,0,0.856412037037037
G,Road / Pothole / Bridge,29.737,-95.521,12,1,2,1.273414351851852
G,Solid Waste / Recycling,29.776,-95.549,12,0,1,7.1878125
J,Traffic Signals / Lighting,29.701,-95.518,12,0,0,0.0114467592592592
F,Solid Waste / Recycling,29.694,-95.592,12,2,1,3.079108796296296
F,Sewer / Wastewater,29.713,-95.586,12,1,1,0.6044328703703704
J,Solid Waste / Recycling,29.735,-95.48,12,4,1,5.00259837962963
D,Water,29.751,-95.376,12,0,0,1.7050347222222222
A,Solid Waste / Recycling,29.802,-95.505,12,0,2,4.580694444444444
A,Solid Waste / Recycling,29.802,-95.556,12,0,6,11.096498842592592
D,Solid Waste / Recycling,29.736,-95.363,12,0,3,5.035613425925926
D,Traffic Signals / Lighting,29.725,-95.351,12,2,0,0.0035185185185185
C,Solid Waste / Recycling,29.737,-95.407,12,5,5,16.94266203703704
F,Water,29.732,-95.517,12,0,0,0.53421875
F,Solid Waste / Recycling,29.663,-95.584,12,0,1,1.8389004629629633
D,Water,29.737,-95.351,11,1,3,6.364699074074074
D,Solid Waste / Recycling,29.738,-95.369,11,2,1,2.6876388888888894
D,Water,29.743,-95.376,11,0,1,0.42691550925925925
K,Solid Waste / Recycling,29.608,-95.429,11,3,2,6.176423611111112
E,Traffic Signals / Lighting,30.05,-95.184,11,1,0,0.0030787037037036504
F,Solid Waste / Recycling,29.672,-95.576,11,0,1,5.312546296296296
F,Water,29.69,-95.596,11,2,0,1.7887152777777775
F,Water,29.659,-95.593,11,0,0,0.0795601851851851
B,Solid Waste / Recycling,29.854,-95.285,11,1,4,8.900260416666665
G,Solid Waste / Recycling,29.744,-95.45,11,4,4,20.57033564814815
G,Water,29.743,-95.487,11,0,1,0.1988657407407407
G,Traffic Signals / Lighting,29.756,-95.636,11,0,0,0.0033564814814814
I,Water,29.818,-95.21,11,0,0,0.15147569444444442
J,Water,29.679,-95.552,11,2,0,0.001875
G,Solid Waste / Recycling,29.737,-95.629,11,7,0,
C,Solid Waste / Recycling,29.736,-95.417,11,3,1,0.062077546296296256
D,Solid Waste / Recycling,29.663,-95.322,11,0,1,3.0177314814814813
H,Traffic Signals / Lighting,29.841,-95.416,11,0,0,0.0012268518518518
H,Water,29.771,-95.369,11,2,2,1.0218518518518518
H,Traffic Signals / Lighting,29.846,-95.384,11,0,0,0.0249074074074074
I,Traffic Signals / Lighting,29.618,-95.213,11,2,0,0.040625
+,Traffic Signals / Lighting,0.0,0.0,11,0,0,0.0020659722222221497
K,Water,29.688,-95.393,11,0,0,0.47766782407407404
K,Traffic Signals / Lighting,29.631,-95.508,11,0,0,0.8580729166666667
C,Traffic Signals / Lighting,29.745,-95.391,11,0,0,1.036550925925926
C,Solid Waste / Recycling,29.755,-95.389,11,0,2,8.193408564814813
C,Traffic Signals / Lighting,29.725,-95.428,11,0,0,0.06060763888888885
C,Solid Waste / Recycling,29.75,-95.402,11,2,3,6.316423611111111
A,Solid Waste / Recycling,29.823,-95.554,11,1,4,6.743611111111111
D,Solid Waste / Recycling,29.732,-95.38,11,3,0,1.2314699074074076
D,Solid Waste / Recycling,29.693,-95.346,11,2,2,4.912216435185186
B,Solid Waste / Recycling,29.854,-95.241,11,1,5,14.29076388888889
H,Solid Waste / Recycling,29.833,-95.413,11,0,0,0.0035416666666666
H,Traffic Signals / Lighting,29.758,-95.347,11,1,1,1.4421296296296295
C,Water,29.766,-95.412,11,2,0,0.355775462962963
D,Traffic Signals / Lighting,29.644,-95.337,11,1,0,0.007430555555555499
F,Water,29.719,-95.608,11,0,0,0.0569328703703703
B,Solid Waste / Recycling,29.869,-95.312,11,2,4,16.946840277777778
B,Solid Waste / Recycling,29.853,-95.248,11,0,4,6.281064814814815
A,Solid Waste / Recycling,29.817,-95.519,11,2,3,3.923703703703704
I,Traffic Signals / Lighting,29.76,-95.364,11,0,0,0.3640509259259259
I,Solid Waste / Recycling,29.738,-95.294,11,1,2,12.24925925925926
G,Road / Pothole / Bridge,29.737,-95.539,11,2,1,2.148553240740741
I,Traffic Signals / Lighting,29.656,-95.264,10,1,0,0.0291319444444444
D,Traffic Signals / Lighting,29.634,-95.411,10,0,0,0.0117013888888888
K,Solid Waste / Recycling,29.63,-95.456,10,0,2,4.318709490740741
B,Road / Pothole / Bridge,29.857,-95.32,10,1,0,1.3322453703703705
C,Road / Pothole / Bridge,29.734,-95.411,10,1,1,1.2101851851851853
D,Solid Waste / Recycling,29.636,-95.316,10,0,5,9.914288194444445
C,Solid Waste / Recycling,29.729,-95.406,10,1,3,20.45689236111111
D,Solid Waste / Recycling,29.636,-95.317,10,0,6,17.789733796296296
C,Water,29.804,-95.414,10,0,1,0.18222222222222217
C,Water,29.748,-95.409,10,0,0,0.12222222222222215
C,Solid Waste / Recycling,29.74,-95.383,10,2,4,33.05877314814815
C,Water,29.81,-95.404,10,0,0,0.09821759259259255
H,Water,29.821,-95.386,10,1,0,0.8771296296296296
H,Traffic Signals / Lighting,29.848,-95.343,10,0,0,0.0307581018518518
H,Traffic Signals / Lighting,29.814,-95.361,10,0,0,0.0033101851851851495
D,Solid Waste / Recycling,29.66,-95.358,10,2,4,32.86405092592592
K,Solid Waste / Recycling,29.635,-95.429,10,1,3,6.158819444444445
C,Solid Waste / Recycling,29.741,-95.413,10,3,2,4.337534722222222
D,Solid Waste / Recycling,29.613,-95.369,10,0,5,11.85359375
D,Solid Waste / Recycling,29.615,-95.335,10,0,7,25.313414351851854
K,Traffic Signals / Lighting,29.634,-95.457,10,0,0,0.7967013888888888
C,Solid Waste / Recycling,29.773,-95.409,10,6,2,7.5796875
C,Solid Waste / Recycling,29.837,-95.448,10,0,3,31.371649305555557
C,Solid Waste / Recycling,29.806,-95.42,10,8,2,51.96590277777777
C,Solid Waste / Recycling,29.782,-95.416,10,1,7,73.81730324074074
I,Water,29.822,-95.204,10,0,0,0.2532581018518518
K,Traffic Signals / Lighting,29.644,-95.539,10,0,0,0.010011574074074
C,Solid Waste / Recycling,29.752,-95.386,10,0,2,9.960989583333333
C,Solid Waste / Recycling,29.752,-95.398,10,0,2,4.1338541666666675
I,Road / Pothole / Bridge,29.752,-95.371,10,1,1,1.1450462962962964
A,Traffic Signals / Lighting,29.813,-95.617,10,2,0,0.02348958333333325
C,Water,29.743,-95.386,10,0,0,0.0613599537037037
C,Solid Waste / Recycling,29.747,-95.384,10,0,5,11.134542824074074
C,Solid Waste / Recycling,29.756,-95.392,10,2,1,2.542453703703704
C,Traffic Signals / Lighting,29.706,-95.405,10,3,3,10.567482638888889
I,Solid Waste / Recycling,29.729,-95.283,10,2,3,7.036747685185185
G,Road / Pothole / Bridge,29.748,-95.43,10,0,1,2.4189756944444447
B,Solid Waste / Recycling,29.809,-95.286,10,7,0,0.0061342592592592
K,Solid Waste / Recycling,29.595,-95.45,10,2,2,4.211354166666666
H,Solid Waste / Recycling,29.789,-95.381,10,0,3,10.887847222222224
H,Solid Waste / Recycling,29.781,-95.302,10,0,2,5.502118055555556
B,Traffic Signals / Lighting,29.807,-95.302,10,0,0,0.40273148148148147
E,Solid Waste / Recycling,29.559,-95.145,10,3,1,0.0475
C,Drainage / Flooding,29.759,-95.405,10,0,0,2.470462962962963
E,Solid Waste / Recycling,29.688,-95.243,10,1,2,4.421076388888889
H,Solid Waste / Recycling,29.801,-95.387,10,0,9,20.142528935185183
B,Solid Waste / Recycling,29.87,-95.285,10,0,7,28.536302083333332
J,Traffic Signals / Lighting,29.732,-95.49,10,1,0,0.020474537037037
B,Solid Waste / Recycling,29.861,-95.451,10,1,6,24.860694444444444
F,Water,29.724,-95.61,10,0,0,0.22276041666666666
H,Road / Pothole / Bridge,29.856,-95.365,10,1,1,1.4178993055555558
A,Solid Waste / Recycling,29.808,-95.51,10,2,5,55.596730324074066
H,Solid Waste / Recycling,29.751,-95.344,10,1,5,28.780821759259258
H,Road / Pothole / Bridge,29.827,-95.416,10,1,1,6.035636574074074
G,Solid Waste / Recycling,29.748,-95.415,10,3,6,24.82459490740741
H,Solid Waste / Recycling,29.742,-95.314,10,1,4,16.752175925925926
G,Water,29.739,-95.59,10,0,0,0.0013483796296296
A,Solid Waste / Recycling,29.887,-95.505,10,1,2,5.727106481481481
I,Solid Waste / Recycling,29.743,-95.338,10,0,2,5.011273148148148
K,Traffic Signals / Lighting,29.692,-95.417,10,0,0,0.4651157407407407
I,Solid Waste / Recycling,29.748,-95.353,10,0,0,5.587459490740741
B,Solid Waste / Recycling,29.838,-95.281,10,0,4,6.998773148148148
C,Solid Waste / Recycling,29.761,-95.422,10,1,1,0.8088773148148148
I,Water,29.738,-95.256,10,2,1,0.9245717592592593
C,Solid Waste / Recycling,29.779,-95.415,10,1,4,4.904699074074074
A,Road / Pothole / Bridge,29.85,-95.54,9,2,1,4.170555555555556
I,Traffic Signals / Lighting,29.742,-95.345,9,0,0,0.0519618055555555
I,Traffic Signals / Lighting,29.744,-95.301,9,1,0,3.2027199074074075
A,Solid Waste / Recycling,29.836,-95.531,9,1,3,14.429317129629627
C,Solid Waste / Recycling,29.759,-95.4,9,0,1,5.644780092592592
I,Solid Waste / Recycling,29.736,-95.296,9,1,3,2.0033101851851853
A,Traffic Signals / Lighting,29.785,-95.645,9,0,0,0.0251157407407407
I,Solid Waste / Recycling,29.743,-95.336,9,1,3,7.812384259259259
A,Solid Waste / Recycling,29.855,-95.495,9,0,3,2.615520833333333
G,Water,29.741,-95.647,9,0,0,0.0588773148148148
B,Solid Waste / Recycling,29.839,-95.265,9,0,1,6.00150462962963
B,Solid Waste / Recycling,29.839,-95.315,9,1,2,8.003796296296295
G,Water,29.749,-95.536,9,0,0,0.2508912037037037
A,Solid Waste / Recycling,29.811,-95.518,9,2,2,13.513975694444444
A,Solid Waste / Recycling,29.812,-95.45,9,4,1,4.178298611111111
K,Solid Waste / Recycling,29.583,-95.48,9,0,5,15.281655092592592
G,Traffic Signals / Lighting,29.737,-95.572,9,0,0,0.7983449074074074
G,Traffic Signals / Lighting,29.737,-95.56,9,0,0,1.4559722222222222
B,Solid Waste / Recycling,29.855,-95.249,9,0,1,7.221666666666667
B,Solid Waste / Recycling,29.854,-95.286,9,0,4,15.376412037037035
G,Solid Waste / Recycling,29.746,-95.45,9,2,1,12.411840277777777
G,Solid Waste / Recycling,29.774,-95.548,9,3,4,21.779409722222223
G,Solid Waste / Recycling,29.776,-95.55,9,1,1,7.015833333333333
G,Traffic Signals / Lighting,29.731,-95.459,9,0,0,0.0109837962962962
J,Water,29.723,-95.501,9,0,0,0.5015509259259259
B,Solid Waste / Recycling,29.834,-95.329,9,1,0,0.09071759259259256
G,Water,29.754,-95.611,9,1,0,0.026458333333333302
B,Solid Waste / Recycling,29.83,-95.28,9,1,1,2.7853935185185184
G,Water,29.766,-95.638,9,0,1,0.3776273148148148
H,Solid Waste / Recycling,29.744,-95.32,9,2,3,11.929386574074076
J,Traffic Signals / Lighting,29.725,-95.476,9,0,0,1.9916203703703705
F,Traffic Signals / Lighting,29.729,-95.52,9,0,0,0.0084143518518518
B,Solid Waste / Recycling,29.86,-95.445,9,0,3,9.934803240740742
F,Water,29.722,-95.62,9,0,0,0.1586921296296296
F,Water,29.73,-95.531,9,0,0,0.0875578703703703
B,Solid Waste / Recycling,29.856,-95.25,9,2,2,8.15962962962963
K,Solid Waste / Recycling,29.592,-95.451,9,0,3,7.653287037037037
F,Solid Waste / Recycling,29.728,-95.538,9,1,4,10.711359953703704
B,Solid Waste / Recycling,29.867,-95.436,9,2,3,21.841770833333335
F,Solid Waste / Recycling,29.731,-95.615,9,0,1,6.902638888888889
F,Traffic Signals / Lighting,29.724,-95.592,9,1,2,2.960983796296296
F,Traffic Signals / Lighting,29.728,-95.58,9,0,0,0.3765509259259259
H,Solid Waste / Recycling,29.769,-95.298,9,2,2,7.633333333333334
H,Solid Waste / Recycling,29.776,-95.352,9,0,4,15.996539351851853
H,Solid Waste / Recycling,29.778,-95.352,9,1,3,32.061915509259265
B,Solid Waste / Recycling,29.795,-95.313,9,1,4,13.41896412037037
B,Solid Waste / Recycling,29.791,-95.33,9,3,1,1.0140509259259258
J,Traffic Signals / Lighting,29.677,-95.528,9,0,0,0.0340509259259259
B,Solid Waste / Recycling,29.88,-95.428,9,1,2,9.186481481481481
F,Solid Waste / Recycling,29.663,-95.583,9,0,0,1.6316435185185183
F,Solid Waste / Recycling,29.671,-95.579,9,2,2,5.046996527777778
F,Solid Waste / Recycling,29.672,-95.607,9,0,2,7.100289351851852
F,Solid Waste / Recycling,29.699,-95.577,9,3,0,5.643373842592593
K,Solid Waste / Recycling,29.609,-95.429,9,2,6,66.6977199074074
J,Traffic Signals / Lighting,29.706,-95.485,9,0,0,0.8762268518518519
H,Solid Waste / Recycling,29.802,-95.388,9,0,6,19.67915509259259
H,Solid Waste / Recycling,29.804,-95.377,9,1,7,54.699641203703706
B,Solid Waste / Recycling,29.774,-95.337,9,2,3,21.252349537037034
B,Solid Waste / Recycling,29.775,-95.338,9,1,0,5.2631250000000005
B,Solid Waste / Recycling,29.775,-95.329,9,2,0,
H,Solid Waste / Recycling,29.813,-95.348,9,1,0,1.5146585648148148
H,Solid Waste / Recycling,29.831,-95.4,9,2,1,3.606521990740741
H,Solid Waste / Recycling,29.831,-95.399,9,2,6,14.585729166666669
J,Solid Waste / Recycling,29.733,-95.48,9,0,2,5.396365740740741
B,Traffic Signals / Lighting,29.876,-95.412,9,0,0,0.0075
K,Solid Waste / Recycling,29.616,-95.421,9,0,0,7.02921875
E,Traffic Signals / Lighting,29.572,-95.109,9,0,0,0.007824074074074
D,Solid Waste / Recycling,29.736,-95.361,9,0,3,5.944710648148148
C,Drainage / Flooding,29.781,-95.425,9,3,0,0.7505787037037037
D,Solid Waste / Recycling,29.749,-95.381,9,0,2,7.760549768518519
B,Water,29.959,-95.562,9,0,0,0.1331828703703703
H,Solid Waste / Recycling,29.833,-95.405,9,0,0,5.522268518518518
H,Solid Waste / Recycling,29.837,-95.416,9,1,5,29.88366898148148
B,Sewer / Wastewater,29.843,-95.31,9,0,0,0.0890277777777777
H,Solid Waste / Recycling,29.851,-95.374,9,7,0,11.776626157407406
H,Solid Waste / Recycling,29.853,-95.369,9,0,0,5.995532407407407
H,Solid Waste / Recycling,29.857,-95.399,9,1,1,4.472170138888889
H,Traffic Signals / Lighting,29.761,-95.364,9,0,0,0.7031018518518518
J,Solid Waste / Recycling,29.707,-95.479,9,1,0,6.353078703703703
D,Solid Waste / Recycling,29.671,-95.38,9,0,3,6.9209606481481485
C,Solid Waste / Recycling,29.673,-95.498,9,4,0,10.093223379629631
D,Solid Waste / Recycling,29.677,-95.343,9,1,4,13.370040509259258
D,Solid Waste / Recycling,29.679,-95.344,9,2,1,5.837505787037037
D,Solid Waste / Recycling,29.706,-95.371,9,0,2,5.371828703703704
D,Solid Waste / Recycling,29.723,-95.385,9,0,1,6.222893518518519
D,Solid Waste / Recycling,29.734,-95.363,9,2,3,10.941898148148148
D,Solid Waste / Recycling,29.735,-95.36,9,0,3,7.862048611111111
C,Road / Pothole / Bridge,29.726,-95.418,9,1,3,6.869299768518519
C,Road / Pothole / Bridge,29.734,-95.413,9,1,2,6.485422453703705
D,Solid Waste / Recycling,29.636,-95.315,9,0,8,17.97246527777778
D,Solid Waste / Recycling,29.637,-95.316,9,0,4,12.833252314814814
D,Solid Waste / Recycling,29.638,-95.354,9,3,2,21.015671296296297
H,Water,29.755,-95.331,9,0,0,0.0919618055555555
H,Water,29.759,-95.34,9,0,1,0.0663888888888888
H,Water,29.888,-95.409,9,0,0,0.0514930555555555
C,Water,29.766,-95.413,9,0,1,0.8055208333333334
C,Solid Waste / Recycling,29.744,-95.382,9,0,0,2.797366898148148
D,Solid Waste / Recycling,29.586,-95.227,9,0,2,4.817210648148148
C,Solid Waste / Recycling,29.737,-95.405,9,1,3,7.587696759259259
D,Solid Waste / Recycling,29.615,-95.336,9,0,3,13.942314814814814
K,Solid Waste / Recycling,29.681,-95.437,9,1,3,4.731111111111111
C,Solid Waste / Recycling,29.75,-95.387,9,2,1,5.127881944444445
C,Solid Waste / Recycling,29.751,-95.406,9,1,1,4.258958333333333
C,Solid Waste / Recycling,29.749,-95.397,9,0,1,5.382129629629629
C,Solid Waste / Recycling,29.748,-95.4,9,2,2,5.959247685185185
C,Water,29.742,-95.39,9,0,1,0.0970138888888888
A,Water,29.845,-95.474,9,0,0,0.0676388888888888
I,Solid Waste / Recycling,29.678,-95.26,9,3,1,7.930127314814815
I,Water,29.821,-95.204,9,0,0,0.19796874999999997
A,Traffic Signals / Lighting,29.807,-95.524,9,0,0,0.0027893518518518
C,Traffic Signals / Lighting,29.771,-95.409,9,0,2,0.637662037037037
C,Solid Waste / Recycling,29.752,-95.395,9,2,2,11.86810185185185
C,Traffic Signals / Lighting,29.803,-95.404,9,1,1,3.150462962962963
C,Traffic Signals / Lighting,29.804,-95.429,9,0,4,0.9714814814814816
C,Traffic Signals / Lighting,29.804,-95.412,9,3,1,1.600341435185185
K,Water,29.641,-95.486,9,0,1,0.07126157407407405
A,Road / Pothole / Bridge,29.813,-95.639,9,0,0,1.631886574074074
C,Traffic Signals / Lighting,29.726,-95.419,9,1,0,0.0307407407407407
C,Traffic Signals / Lighting,29.727,-95.452,9,0,0,0.2046180555555555
I,Solid Waste / Recycling,29.73,-95.286,9,0,0,2.755821759259259
I,Solid Waste / Recycling,29.736,-95.326,9,3,4,55.109409722222225
C,Solid Waste / Recycling,29.804,-95.413,9,0,1,3.166724537037037
C,Solid Waste / Recycling,29.772,-95.407,9,5,1,8.171001157407407
C,Solid Waste / Recycling,29.832,-95.468,9,0,1,6.039224537037038
C,Solid Waste / Recycling,29.767,-95.403,9,0,7,32.99896990740741
C,Solid Waste / Recycling,29.765,-95.416,9,2,2,7.621516203703703
C,Solid Waste / Recycling,29.766,-95.409,9,2,3,25.82100115740741
C,Solid Waste / Recycling,29.84,-95.466,9,0,4,11.914710648148148
C,Solid Waste / Recycling,29.799,-95.43,9,2,1,3.48224537037037
I,Solid Waste / Recycling,29.809,-95.238,9,1,0,6.576984953703704
C,Solid Waste / Recycling,29.781,-95.426,9,3,3,25.793865740740745
I,Traffic Signals / Lighting,29.652,-95.252,9,3,0,0.0195254629629629
C,Solid Waste / Recycling,29.809,-95.415,9,3,2,13.087407407407408
B,Solid Waste / Recycling,29.778,-95.325,8,0,2,4.984988425925926
B,Solid Waste / Recycling,29.777,-95.333,8,1,0,0.0024074074074074
B,Solid Waste / Recycling,29.779,-95.322,8,1,1,5.109791666666666
D,Solid Waste / Recycling,29.666,-95.357,8,2,1,6.48380787037037
H,Solid Waste / Recycling,29.812,-95.387,8,1,3,9.795190972222223
H,Solid Waste / Recycling,29.81,-95.386,8,4,3,15.603570601851851
B,Solid Waste / Recycling,29.862,-95.305,8,3,2,13.836006944444444
F,Traffic Signals / Lighting,29.704,-95.558,8,0,0,0.0958333333333333
B,Solid Waste / Recycling,29.865,-95.427,8,1,2,12.908819444444443
K,Water,29.63,-95.455,8,0,0,0.257818287037037
I,Traffic Signals / Lighting,29.641,-95.244,8,0,0,0.0499768518518518
D,Solid Waste / Recycling,29.64,-95.404,8,1,3,7.193923611111111
D,Solid Waste / Recycling,29.652,-95.372,8,0,3,15.534375
D,Solid Waste / Recycling,29.65,-95.376,8,2,0,1.9281481481481482
D,Solid Waste / Recycling,29.638,-95.35,8,1,0,3.1078124999999996
H,Solid Waste / Recycling,29.826,-95.392,8,2,4,34.487743055555555
H,Solid Waste / Recycling,29.823,-95.385,8,1,3,2.845578703703704
I,Solid Waste / Recycling,29.808,-95.238,8,0,1,7.472251157407407
I,Solid Waste / Recycling,29.808,-95.239,8,0,0,2.991579861111111
E,Traffic Signals / Lighting,29.568,-95.132,8,2,2,4.6740509259259255
E,Solid Waste / Recycling,30.068,-95.177,8,0,0,6.020422453703704
F,Solid Waste / Recycling,29.734,-95.534,8,0,1,3.679241898148148
E,Water,29.683,-95.252,8,0,0,0.18307291666666664
E,Traffic Signals / Lighting,30.049,-95.233,8,0,0,0.0599305555555555
F,Solid Waste / Recycling,29.73,-95.611,8,0,2,7.957870370370371
B,Solid Waste / Recycling,29.773,-95.324,8,0,2,1.1241087962962963
B,Solid Waste / Recycling,29.788,-95.344,8,0,3,6.500734953703704
H,Solid Waste / Recycling,29.794,-95.385,8,1,1,9.434207175925927
A,Solid Waste / Recycling,29.814,-95.54,8,2,0,0.3665451388888889
H,Solid Waste / Recycling,29.802,-95.387,8,0,7,21.908935185185182
H,Solid Waste / Recycling,29.801,-95.388,8,0,7,18.50908564814815
D,Solid Waste / Recycling,29.63,-95.374,8,1,1,5.879756944444445
K,Solid Waste / Recycling,29.644,-95.442,8,4,0,3.4478472222222223
B,Solid Waste / Recycling,29.765,-95.338,8,1,3,11.307719907407408
H,Solid Waste / Recycling,29.799,-95.352,8,1,2,7.459143518518519
H,Solid Waste / Recycling,29.791,-95.382,8,0,2,9.811944444444444
D,Solid Waste / Recycling,29.673,-95.344,8,0,1,4.1198958333333335
C,Solid Waste / Recycling,29.671,-95.487,8,1,3,8.997280092592593
A,Solid Waste / Recycling,29.862,-95.52,8,0,3,13.158732638888889
B,Solid Waste / Recycling,29.856,-95.249,8,0,0,7.274814814814815
F,Traffic Signals / Lighting,29.731,-95.593,8,1,1,0.0159375
B,Solid Waste / Recycling,29.861,-95.459,8,3,1,0.0035879629629629
B,Solid Waste / Recycling,29.863,-95.295,8,1,1,2.8614236111111118
E,Traffic Signals / Lighting,29.59,-95.103,8,1,1,0.0083333333333333
K,Solid Waste / Recycling,29.623,-95.498,8,0,1,2.852748842592593
D,Solid Waste / Recycling,29.685,-95.369,8,1,6,66.9844675925926
C,Solid Waste / Recycling,29.728,-95.405,8,0,5,25.478090277777778
J,Solid Waste / Recycling,29.735,-95.469,8,1,2,5.352592592592592
D,Solid Waste / Recycling,29.684,-95.367,8,1,1,4.986400462962963
J,Traffic Signals / Lighting,29.69,-95.558,8,1,0,0.0078125
J,Solid Waste / Recycling,29.703,-95.481,8,0,1,6.397824074074075
H,Solid Waste / Recycling,29.918,-95.396,8,4,3,24.19376736111111
C,Traffic Signals / Lighting,29.682,-95.459,8,0,1,1.4762962962962962
I,Water,29.819,-95.209,8,0,0,0.1599652777777777
B,Solid Waste / Recycling,29.887,-95.292,8,0,0,6.194548611111111
E,Solid Waste / Recycling,29.764,-95.216,8,0,1,8.022777777777778
H,Solid Waste / Recycling,29.848,-95.381,8,0,0,7.50150462962963
C,Solid Waste / Recycling,29.735,-95.402,8,0,3,11.055885416666667
K,Solid Waste / Recycling,29.651,-95.501,8,2,3,101.10931712962964
H,Solid Waste / Recycling,29.786,-95.372,8,1,3,13.100972222222222
H,Solid Waste / Recycling,29.785,-95.309,8,1,1,5.880769675925926
D,Solid Waste / Recycling,29.612,-95.232,8,2,1,4.0549131944444445
C,Solid Waste / Recycling,29.74,-95.417,8,1,1,6.7463194444444445
H,Solid Waste / Recycling,29.857,-95.406,8,1,0,7.715376157407407
B,Sewer / Wastewater,29.762,-95.272,8,0,1,3.0344155092592593
D,Solid Waste / Recycling,29.693,-95.359,8,0,5,22.13212962962963
D,Solid Waste / Recycling,29.692,-95.346,8,4,0,11.77070601851852
C,Solid Waste / Recycling,29.67,-95.496,8,2,2,11.8471875
H,Solid Waste / Recycling,29.766,-95.375,8,3,1,1.3956018518518518
D,Solid Waste / Recycling,29.704,-95.367,8,2,2,5.333263888888888
C,Solid Waste / Recycling,29.76,-95.419,8,1,0,1.0474768518518518
C,Solid Waste / Recycling,29.76,-95.423,8,0,3,7.651961805555556
F,Water,29.729,-95.6,8,0,1,0.3461458333333334
F,Water,29.728,-95.614,8,0,0,0.7755497685185185
F,Water,29.721,-95.623,8,1,0,0.1271759259259259
C,Solid Waste / Recycling,29.771,-95.425,8,2,0,7.382511574074074
A,Solid Waste / Recycling,29.795,-95.551,8,1,5,40.33721064814815
D,Solid Waste / Recycling,29.614,-95.369,8,0,7,26.371550925925924
H,Solid Waste / Recycling,29.751,-95.331,8,0,1,2.7638252314814817
C,Solid Waste / Recycling,29.742,-95.39,8,0,2,7.9173784722222225
C,Solid Waste / Recycling,29.739,-95.422,8,0,0,8.981788194444444
C,Water,29.792,-95.406,8,0,0,0.09955439814814815
B,Road / Pothole / Bridge,29.784,-95.316,8,0,0,0.7660127314814815
I,Solid Waste / Recycling,29.739,-95.327,8,0,3,14.18447337962963
I,Water,29.752,-95.351,8,0,0,0.20574652777777774
K,Solid Waste / Recycling,29.591,-95.45,8,1,1,5.763321759259259
G,Solid Waste / Recycling,29.743,-95.487,8,0,6,34.68782986111111
G,Road / Pothole / Bridge,29.747,-95.442,8,2,1,1.8124594907407405
E,Solid Waste / Recycling,29.637,-95.226,8,0,1,3.1714525462962966
E,Solid Waste / Recycling,29.628,-95.193,8,0,0,3.0650810185185184
C,Solid Waste / Recycling,29.768,-95.405,8,0,3,10.587453703703703
B,Solid Waste / Recycling,29.809,-95.283,8,4,1,6.581365740740741
D,Solid Waste / Recycling,29.724,-95.38,8,0,5,31.168275462962967
D,Solid Waste / Recycling,29.723,-95.381,8,2,3,20.117291666666667
B,Solid Waste / Recycling,29.813,-95.287,8,4,2,17.795040509259263
D,Solid Waste / Recycling,29.717,-95.37,8,2,6,70.83523726851851
J,Solid Waste / Recycling,29.68,-95.502,8,2,2,7.945439814814815
B,Drainage / Flooding,29.882,-95.293,8,0,0,0.0035532407407407
D,Solid Waste / Recycling,29.728,-95.37,8,0,3,7.809091435185184
I,Solid Waste / Recycling,29.741,-95.297,8,0,0,3.3499247685185187
I,Solid Waste / Recycling,29.736,-95.255,8,2,0,5.8984143518518515
B,Traffic Signals / Lighting,29.85,-95.262,8,1,0,3.686053240740741
C,Solid Waste / Recycling,29.747,-95.404,8,2,1,7.0346875
K,Solid Waste / Recycling,29.658,-95.458,8,0,1,1.9996180555555552
C,Water,29.782,-95.431,8,1,1,0.0994560185185185
B,Solid Waste / Recycling,29.833,-95.329,8,4,0,2.0213194444444444
D,Solid Waste / Recycling,29.736,-95.351,8,1,4,14.978067129629627
D,Solid Waste / Recycling,29.736,-95.355,8,1,1,0.8325231481481481
K,Solid Waste / Recycling,29.656,-95.49,8,2,3,18.462494212962966
C,Water,29.734,-95.388,8,0,0,0.47928240740740735
C,Water,29.766,-95.402,8,0,0,0.39446180555555554
A,Solid Waste / Recycling,29.798,-95.541,8,3,5,65.05364583333333
G,Water,29.748,-95.572,8,0,1,2.621024305555556
D,Solid Waste / Recycling,29.74,-95.37,8,2,3,15.946423611111111
I,Sewer / Wastewater,29.731,-95.299,8,0,1,0.8754398148148148
I,Solid Waste / Recycling,29.741,-95.34,8,0,7,16.762708333333332
I,Solid Waste / Recycling,29.735,-95.335,8,0,2,15.319687500000002
I,Solid Waste / Recycling,29.739,-95.335,8,0,3,8.14755787037037
I,Solid Waste / Recycling,29.738,-95.293,8,0,2,12.916956018518519
D,Water,29.704,-95.392,8,1,4,31.042256944444443
K,Solid Waste / Recycling,29.578,-95.514,8,1,3,6.077708333333334
B,Solid Waste / Recycling,29.853,-95.249,8,0,1,6.831116898148148
I,Solid Waste / Recycling,29.742,-95.256,8,0,4,14.07699074074074
I,Road / Pothole / Bridge,29.741,-95.297,8,3,1,4.224282407407407
A,Solid Waste / Recycling,29.791,-95.531,8,1,1,2.899328703703704
I,Solid Waste / Recycling,29.719,-95.299,8,0,4,18.44732638888889
D,Solid Waste / Recycling,29.739,-95.356,8,0,4,11.319982638888888
B,Water,29.948,-95.546,8,1,0,0.0035532407407407
D,Traffic Signals / Lighting,29.644,-95.387,8,0,0,0.44144097222222217
D,Traffic Signals / Lighting,29.643,-95.408,8,0,0,0.4301157407407407
D,Traffic Signals / Lighting,29.621,-95.305,8,0,0,0.00651620370370365
C,Drainage / Flooding,29.781,-95.426,8,0,3,2.878888888888889
D,Traffic Signals / Lighting,29.645,-95.368,8,1,0,0.0633680555555555
G,Traffic Signals / Lighting,29.762,-95.645,8,0,0,0.0086226851851851
C,Solid Waste / Recycling,29.756,-95.393,8,1,1,1.0152662037037037
D,Traffic Signals / Lighting,29.74,-95.379,8,0,0,0.7881712962962963
K,Solid Waste / Recycling,29.626,-95.436,8,0,0,1.9592766203703702
G,Traffic Signals / Lighting,29.732,-95.468,8,1,0,1.990295138888889
C,Solid Waste / Recycling,29.757,-95.377,8,1,0,3.998263888888889
C,Solid Waste / Recycling,29.751,-95.385,8,0,2,10.45913773148148
A,Traffic Signals / Lighting,29.884,-95.474,8,0,0,0.0008159722222221999
B,Solid Waste / Recycling,29.84,-95.31,8,1,2,6.000775462962963
B,Solid Waste / Recycling,29.839,-95.266,8,1,2,5.903043981481481
G,Water,29.742,-95.563,8,0,0,0.7426388888888888
G,Traffic Signals / Lighting,29.75,-95.501,8,0,0,0.00662615740740735
A,Solid Waste / Recycling,29.811,-95.535,8,2,2,19.85642361111111
C,Solid Waste / Recycling,29.754,-95.395,8,1,1,7.415451388888889
I,Solid Waste / Recycling,29.73,-95.288,8,4,0,7.013778935185185
I,Solid Waste / Recycling,29.736,-95.286,8,0,1,1.5095312500000002
I,Solid Waste / Recycling,29.727,-95.285,8,1,1,5.545671296296296
I,Solid Waste / Recycling,29.724,-95.303,8,0,5,20.13545717592593
G,Traffic Signals / Lighting,29.734,-95.461,8,0,0,0.0126851851851851
I,Solid Waste / Recycling,29.737,-95.323,8,1,3,7.897951388888889
A,Traffic Signals / Lighting,29.838,-95.489,8,1,0,0.3288310185185185
C,Traffic Signals / Lighting,29.803,-95.429,8,0,0,0.00638888888888885
D,Traffic Signals / Lighting,29.658,-95.376,8,0,0,0.00668981481481475
G,Traffic Signals / Lighting,29.747,-95.442,8,4,2,8.270324074074074
G,Traffic Signals / Lighting,29.746,-95.501,8,0,0,0.0275868055555555
D,Traffic Signals / Lighting,29.706,-95.399,8,0,0,0.770150462962963
D,Traffic Signals / Lighting,29.703,-95.353,8,1,0,1.4996180555555556
C,Solid Waste / Recycling,29.755,-95.378,8,0,1,1.9988657407407409
A,Road / Pothole / Bridge,29.858,-95.505,8,2,0,2.3282986111111112
F,Solid Waste / Recycling,29.695,-95.595,8,1,0,2.998275462962963
C,Solid Waste / Recycling,29.789,-95.407,8,0,0,0.0010532407407407
B,Solid Waste / Recycling,29.778,-95.318,8,0,2,3.785034722222222
F,Solid Waste / Recycling,29.662,-95.588,8,0,1,2.985763888888889
C,Solid Waste / Recycling,29.791,-95.393,8,1,1,4.1189583333333335
K,Traffic Signals / Lighting,29.692,-95.414,7,0,0,0.0348379629629629
C,Solid Waste / Recycling,29.782,-95.401,7,0,2,7.613136574074074
K,Water,29.648,-95.502,7,2,0,0.0535879629629629
C,Solid Waste / Recycling,29.793,-95.394,7,0,1,7.13337962962963
C,Solid Waste / Recycling,29.781,-95.43,7,2,2,12.304594907407408
C,Solid Waste / Recycling,29.799,-95.418,7,2,0,11.74480324074074
C,Solid Waste / Recycling,29.799,-95.416,7,4,1,0.0016782407407407
C,Solid Waste / Recycling,29.794,-95.403,7,1,2,7.396290509259259
C,Solid Waste / Recycling,29.797,-95.404,7,1,1,6.984913194444445
I,Traffic Signals / Lighting,29.762,-95.369,7,1,0,1.051846064814815
F,Solid Waste / Recycling,29.664,-95.602,7,3,1,5.818559027777778
K,Solid Waste / Recycling,29.606,-95.469,7,3,1,5.823038194444445
B,Solid Waste / Recycling,29.873,-95.443,7,1,0,0.0010590277777777
B,Solid Waste / Recycling,29.872,-95.426,7,0,1,5.889809027777778
F,Solid Waste / Recycling,29.672,-95.596,7,0,3,6.860648148148148
F,Solid Waste / Recycling,29.693,-95.595,7,0,1,2.8796180555555555
B,Solid Waste / Recycling,29.876,-95.288,7,2,3,27.887534722222224
F,Solid Waste / Recycling,29.682,-95.575,7,1,4,18.98741898148148
C,Solid Waste / Recycling,29.681,-95.466,7,2,1,7.095023148148148
C,Solid Waste / Recycling,29.714,-95.416,7,1,2,6.71787037037037
B,Solid Waste / Recycling,29.777,-95.346,7,1,1,4.951921296296296
B,Solid Waste / Recycling,29.774,-95.336,7,1,1,1.818408564814815
B,Solid Waste / Recycling,29.773,-95.322,7,2,1,3.8543055555555554
K,Solid Waste / Recycling,29.641,-95.548,7,0,2,3.961446759259259
D,Solid Waste / Recycling,29.638,-95.357,7,0,2,4.070914351851852
D,Solid Waste / Recycling,29.638,-95.358,7,0,2,3.631990740740741
C,Solid Waste / Recycling,29.725,-95.446,7,1,2,20.381840277777776
C,Traffic Signals / Lighting,29.753,-95.386,7,2,0,0.2367361111111111
D,Traffic Signals / Lighting,29.702,-95.397,7,1,0,0.9027893518518518
B,Water,29.818,-95.332,7,1,0,0.0545833333333333
I,Solid Waste / Recycling,29.738,-95.343,7,0,2,5.831180555555555
I,Solid Waste / Recycling,29.737,-95.33,7,0,3,7.042430555555556
A,Traffic Signals / Lighting,29.785,-95.618,7,0,0,0.0074189814814814
A,Traffic Signals / Lighting,29.81,-95.444,7,0,0,0.0091898148148148
I,Solid Waste / Recycling,29.728,-95.282,7,2,2,3.7
C,Traffic Signals / Lighting,29.732,-95.385,7,0,0,0.36938657407407405
I,Solid Waste / Recycling,29.729,-95.284,7,0,2,12.806111111111113
I,Solid Waste / Recycling,29.709,-95.281,7,0,3,11.903194444444445
I,Solid Waste / Recycling,29.706,-95.281,7,4,1,1.0513078703703704
K,Solid Waste / Recycling,29.662,-95.519,7,0,2,0.7424537037037037
K,Solid Waste / Recycling,29.66,-95.491,7,2,1,4.141365740740741
K,Solid Waste / Recycling,29.659,-95.468,7,0,4,39.94095486111111
D,Traffic Signals / Lighting,29.674,-95.336,7,1,1,0.253130787037037
G,Solid Waste / Recycling,29.778,-95.537,7,1,2,5.575960648148148
D,Water,29.672,-95.36,7,0,0,0.7709953703703704
G,Traffic Signals / Lighting,29.738,-95.493,7,2,0,0.8235648148148148
G,Solid Waste / Recycling,29.746,-95.624,7,1,1,1.3493576388888888
B,Solid Waste / Recycling,29.853,-95.25,7,0,3,7.971527777777778
D,Water,29.717,-95.354,7,0,1,0.0698148148148148
B,Traffic Signals / Lighting,29.95,-95.408,7,1,0,1.3570023148148147
C,Solid Waste / Recycling,29.751,-95.388,7,0,1,7.628541666666667
C,Solid Waste / Recycling,29.751,-95.39,7,0,3,14.471834490740742
I,Solid Waste / Recycling,29.676,-95.274,7,0,0,0.9545543981481481
B,Water,29.957,-95.545,7,0,0,0.1821875
K,Road / Pothole / Bridge,29.656,-95.458,7,0,0,0.7002314814814815
C,Solid Waste / Recycling,29.752,-95.38,7,1,0,8.255810185185185
C,Solid Waste / Recycling,29.752,-95.383,7,0,2,7.778721064814815
A,Traffic Signals / Lighting,29.82,-95.499,7,0,0,1.061892361111111
C,Traffic Signals / Lighting,29.76,-95.408,7,1,0,0.10083912037037035
C,Solid Waste / Recycling,29.748,-95.404,7,0,3,11.272893518518519
D,Solid Waste / Recycling,29.739,-95.368,7,3,1,5.5546875
D,Solid Waste / Recycling,29.738,-95.364,7,0,2,6.133229166666666
D,Solid Waste / Recycling,29.738,-95.372,7,0,0,3.055023148148148
D,Traffic Signals / Lighting,29.628,-95.356,7,4,0,0.003599537037037
D,Traffic Signals / Lighting,29.617,-95.368,7,0,0,0.0177083333333333
D,Traffic Signals / Lighting,29.614,-95.404,7,2,0,0.0015972222222222
C,Drainage / Flooding,29.781,-95.424,7,4,0,4.6315625
D,Solid Waste / Recycling,29.748,-95.382,7,2,0,5.331099537037037
G,Water,29.749,-95.538,7,0,0,0.2723148148148148
G,Water,29.739,-95.526,7,1,0,1.1522627314814815
G,Traffic Signals / Lighting,29.766,-95.55,7,2,2,7.952650462962963
C,Solid Waste / Recycling,29.756,-95.397,7,0,2,7.9870023148148155
K,Road / Pothole / Bridge,29.627,-95.465,7,0,0,1.0005902777777778
J,Water,29.735,-95.478,7,1,0,0.47890046296296296
A,Solid Waste / Recycling,29.807,-95.522,7,1,2,5.604803240740741
A,Traffic Signals / Lighting,29.79,-95.468,7,1,0,2.3235532407407407
A,Traffic Signals / Lighting,29.785,-95.532,7,0,0,0.0153009259259259
I,Solid Waste / Recycling,29.732,-95.285,7,0,1,4.53162037037037
B,Traffic Signals / Lighting,29.89,-95.418,7,0,1,12.843668981481482
D,Water,29.677,-95.336,7,0,0,0.0736574074074074
B,Solid Waste / Recycling,29.853,-95.246,7,0,3,13.426342592592592
B,Solid Waste / Recycling,29.853,-95.247,7,1,3,11.609467592592594
A,Solid Waste / Recycling,29.793,-95.575,7,4,1,18.848854166666666
A,Solid Waste / Recycling,29.791,-95.538,7,2,1,12.320266203703705
C,Solid Waste / Recycling,29.751,-95.402,7,2,1,7.0244328703703705
C,Solid Waste / Recycling,29.75,-95.389,7,0,2,7.4685648148148145
I,Solid Waste / Recycling,29.718,-95.258,7,3,0,7.258229166666665
I,Solid Waste / Recycling,29.643,-95.248,7,0,4,21.60971064814815
I,Solid Waste / Recycling,29.628,-95.276,7,3,2,16.883755787037035
I,Solid Waste / Recycling,29.627,-95.215,7,1,1,4.496261574074074
I,Solid Waste / Recycling,29.624,-95.206,7,1,2,8.639103009259259
G,Water,29.75,-95.538,7,0,0,0.2249942129629629
C,Water,29.742,-95.408,7,0,0,0.1217361111111111
I,Road / Pothole / Bridge,29.735,-95.302,7,0,0,2.844282407407408
I,Road / Pothole / Bridge,29.695,-95.265,7,0,2,4.862777777777778
A,Water,29.868,-95.569,7,0,0,0.18097800925925922
I,Road / Pothole / Bridge,29.676,-95.269,7,2,0,0.0092476851851851
K,Solid Waste / Recycling,29.634,-95.424,7,1,1,2.9436631944444445
A,Solid Waste / Recycling,29.798,-95.496,7,2,1,2.584212962962963
K,Solid Waste / Recycling,29.633,-95.413,7,0,7,42.01910879629629
G,Water,29.748,-95.538,7,0,0,0.2027662037037037
C,Water,29.734,-95.411,7,1,1,0.48130787037037037
C,Water,29.727,-95.441,7,0,0,0.1581481481481481
I,Solid Waste / Recycling,29.607,-95.243,7,0,1,3.7767013888888887
I,Road / Pothole / Bridge,29.81,-95.261,7,2,1,4.19900462962963
I,Road / Pothole / Bridge,29.8,-95.229,7,2,0,3.998327546296296
I,Solid Waste / Recycling,29.74,-95.328,7,0,3,13.126689814814815
A,Solid Waste / Recycling,29.884,-95.507,7,1,3,20.65916087962963
K,Solid Waste / Recycling,29.681,-95.433,7,0,2,31.619583333333335
C,Traffic Signals / Lighting,29.698,-95.418,7,0,0,0.7096643518518518
C,Traffic Signals / Lighting,29.689,-95.451,7,0,3,5.88238425925926
B,Solid Waste / Recycling,29.852,-95.247,7,0,4,20.119681712962965
E,Solid Waste / Recycling,29.562,-95.132,7,0,3,32.35024884259259
G,Solid Waste / Recycling,29.731,-95.457,7,3,0,3.8435011574074074
K,Solid Waste / Recycling,29.594,-95.462,7,1,0,3.933640046296296
K,Solid Waste / Recycling,29.592,-95.461,7,2,0,2.0675462962962965
K,Traffic Signals / Lighting,29.665,-95.528,7,0,0,1.4885532407407407
K,Traffic Signals / Lighting,29.664,-95.464,7,1,0,0.0044444444444444
I,Solid Waste / Recycling,29.74,-95.33,7,0,1,4.922812499999999
G,Water,29.755,-95.611,7,1,0,0.49725115740740744
C,Water,29.753,-95.392,7,1,0,0.0199710648148148
B,Solid Waste / Recycling,29.834,-95.285,7,1,4,27.84519675925926
G,Water,29.751,-95.623,7,0,0,0.07718749999999995
D,Solid Waste / Recycling,29.731,-95.378,7,1,1,3.6084201388888886
C,Water,29.775,-95.421,7,0,0,0.9682407407407408
J,Solid Waste / Recycling,29.689,-95.524,7,2,1,3.575393518518519
H,Water,29.777,-95.355,7,0,0,0.20528356481481475
H,Water,29.769,-95.386,7,0,0,0.1848032407407407
H,Traffic Signals / Lighting,29.915,-95.412,7,2,0,0.0136805555555555
D,Solid Waste / Recycling,29.729,-95.383,7,0,1,5.031585648148148
D,Solid Waste / Recycling,29.727,-95.373,7,0,3,3.9081828703703705
K,Solid Waste / Recycling,29.633,-95.43,7,2,2,9.932175925925923
C,Road / Pothole / Bridge,29.717,-95.418,7,2,0,1.885150462962963
C,Road / Pothole / Bridge,29.746,-95.407,7,2,0,1.0261111111111112
C,Road / Pothole / Bridge,29.736,-95.419,7,2,1,2.919560185185185
G,Water,29.757,-95.464,7,3,0,1.1107002314814816
G,Water,29.756,-95.596,7,0,0,2.1553472222222223
G,Water,29.756,-95.612,7,0,0,0.2354976851851851
I,Solid Waste / Recycling,29.742,-95.338,7,2,2,4.659884259259259
I,Solid Waste / Recycling,29.744,-95.353,7,2,1,4.144525462962963
G,Solid Waste / Recycling,29.742,-95.585,7,2,2,3.763622685185185
B,Solid Waste / Recycling,29.854,-95.25,7,0,2,7.704814814814815
B,Solid Waste / Recycling,29.854,-95.284,7,2,1,4.470596064814815
G,Road / Pothole / Bridge,29.756,-95.544,7,0,1,1.445167824074074
E,Solid Waste / Recycling,29.64,-95.224,7,1,1,2.7142013888888887
I,Water,29.819,-95.211,7,0,0,0.1563078703703703
B,Solid Waste / Recycling,29.805,-95.316,7,1,1,6.677488425925926
H,Solid Waste / Recycling,29.771,-95.307,7,0,1,9.90467013888889
B,Solid Waste / Recycling,29.817,-95.274,7,2,2,7.509456018518518
B,Solid Waste / Recycling,29.814,-95.286,7,1,3,38.920034722222226
H,Solid Waste / Recycling,29.747,-95.335,7,0,0,6.651215277777778
B,Solid Waste / Recycling,29.819,-95.293,7,0,3,15.40626736111111
D,Solid Waste / Recycling,29.72,-95.354,7,2,1,5.756724537037037
D,Solid Waste / Recycling,29.71,-95.38,7,2,1,2.778576388888889
D,Solid Waste / Recycling,29.732,-95.346,7,2,3,102.90168981481482
A,Solid Waste / Recycling,29.814,-95.528,7,0,2,10.885069444444444
C,Solid Waste / Recycling,29.743,-95.403,7,4,0,7.077320601851852
C,Water,29.811,-95.402,7,0,0,0.0821064814814814
C,Solid Waste / Recycling,29.739,-95.384,7,0,2,8.160972222222222
H,Traffic Signals / Lighting,29.79,-95.372,7,1,0,0.49769097222222214
H,Traffic Signals / Lighting,29.781,-95.364,7,0,1,1.7922569444444445
H,Traffic Signals / Lighting,29.769,-95.392,7,0,0,0.0659085648148148
J,Solid Waste / Recycling,29.712,-95.474,7,1,4,30.671024305555555
C,Water,29.801,-95.419,7,0,1,0.1726273148148148
C,Solid Waste / Recycling,29.745,-95.408,7,1,1,9.206030092592593
C,Water,29.786,-95.407,7,0,0,0.0425231481481481
C,Solid Waste / Recycling,29.74,-95.406,7,1,2,3.1456539351851855
H,Traffic Signals / Lighting,29.847,-95.411,7,1,0,3.862621527777778
B,Drainage / Flooding,29.889,-95.296,7,1,1,0.9514872685185184
H,Traffic Signals / Lighting,29.808,-95.369,7,2,0,1.1490856481481482
I,Water,29.758,-95.37,7,0,1,1.7325578703703703
E,Solid Waste / Recycling,29.573,-95.14,7,0,6,32.794704861111114
E,Solid Waste / Recycling,29.569,-95.141,7,1,0,3.903576388888889
K,Solid Waste / Recycling,29.59,-95.47,7,4,0,0.12435763888888884
C,Solid Waste / Recycling,29.768,-95.402,7,1,4,14.75296875
I,Solid Waste / Recycling,29.815,-95.203,7,2,0,6.836909722222222
A,Road / Pothole / Bridge,29.877,-95.484,7,1,3,14.895844907407408
C,Solid Waste / Recycling,29.738,-95.4,7,1,0,0.32271990740740736
C,Solid Waste / Recycling,29.741,-95.398,7,1,2,3.9880497685185183
K,Solid Waste / Recycling,29.65,-95.517,7,0,2,6.846087962962963
K,Solid Waste / Recycling,29.648,-95.507,7,1,0,3.7727083333333336
K,Solid Waste / Recycling,29.647,-95.483,7,0,1,4.014027777777778
D,Solid Waste / Recycling,29.615,-95.412,7,0,1,5.216215277777778
C,Sewer / Wastewater,29.787,-95.428,7,1,0,0.5801388888888889
C,Sewer / Wastewater,29.774,-95.427,7,0,0,0.6374826388888889
C,Sewer / Wastewater,29.747,-95.387,7,0,2,0.6155324074074074
J,Traffic Signals / Lighting,29.717,-95.499,7,0,0,0.0085300925925925
C,Solid Waste / Recycling,29.736,-95.387,7,0,3,18.920069444444444
C,Solid Waste / Recycling,29.736,-95.39,7,2,1,4.986284722222222
H,Solid Waste / Recycling,29.859,-95.351,7,7,0,
H,Solid Waste / Recycling,29.856,-95.341,7,1,0,7.289016203703704
B,Road / Pothole / Bridge,29.881,-95.447,7,0,1,0.9587037037037036
H,Solid Waste / Recycling,29.854,-95.369,7,1,0,1.8874363425925929
A,Solid Waste / Recycling,29.822,-95.521,7,1,2,8.379907407407408
D,Solid Waste / Recycling,29.69,-95.36,7,0,2,38.98314814814815
D,Solid Waste / Recycling,29.69,-95.369,7,0,5,20.354363425925925
H,Solid Waste / Recycling,29.769,-95.299,7,2,1,3.846880787037037
J,Traffic Signals / Lighting,29.721,-95.52,7,0,1,0.0481481481481481
D,Solid Waste / Recycling,29.703,-95.393,7,1,3,17.829461805555553
A,Solid Waste / Recycling,29.853,-95.542,7,1,4,18.26511574074074
C,Solid Waste / Recycling,29.756,-95.38,7,1,3,15.517870370370371
C,Solid Waste / Recycling,29.763,-95.416,7,4,0,0.0086805555555555
C,Solid Waste / Recycling,29.758,-95.387,7,1,1,10.542285879629631
I,Solid Waste / Recycling,29.744,-95.298,7,1,1,9.631423611111112
I,Water,29.82,-95.209,7,0,0,0.1445486111111111
A,Solid Waste / Recycling,29.806,-95.496,7,1,2,9.758831018518517
K,Solid Waste / Recycling,29.589,-95.481,7,1,3,19.734756944444445
F,Water,29.657,-95.589,7,1,0,0.1347858796296296
F,Traffic Signals / Lighting,29.735,-95.65,7,0,0,0.1136458333333333
E,Solid Waste / Recycling,29.765,-95.208,7,2,3,21.734988425925927
E,Solid Waste / Recycling,29.688,-95.238,7,2,2,11.336689814814815
C,Solid Waste / Recycling,29.818,-95.424,7,0,1,7.392083333333333
A,Solid Waste / Recycling,29.852,-95.543,7,2,2,0.0009375
H,Solid Waste / Recycling,29.782,-95.362,7,2,2,22.833310185185187
H,Solid Waste / Recycling,29.788,-95.383,7,1,3,14.84027777777778
H,Solid Waste / Recycling,29.778,-95.365,7,2,1,5.034699074074074
H,Solid Waste / Recycling,29.777,-95.351,7,2,1,0.2097337962962963
D,Solid Waste / Recycling,29.694,-95.347,7,3,0,1.4433043981481481
C,Solid Waste / Recycling,29.737,-95.4,7,0,2,6.583287037037037
K,Solid Waste / Recycling,29.601,-95.491,7,1,0,2.2278877314814816
F,Water,29.664,-95.588,7,1,0,0.1192071759259259
B,Solid Waste / Recycling,29.86,-95.311,7,1,1,1.6342476851851853
K,Solid Waste / Recycling,29.622,-95.432,7,0,1,1.9568634259259257
I,Traffic Signals / Lighting,29.626,-95.267,7,0,1,0.5486111111111112
K,Solid Waste / Recycling,29.651,-95.518,7,1,1,5.0615625
K,Solid Waste / Recycling,29.651,-95.54,7,0,1,2.7695717592592595
B,Road / Pothole / Bridge,29.875,-95.43,7,2,0,0.7839814814814815
H,Solid Waste / Recycling,29.864,-95.368,7,3,1,2.3751273148148146
J,Solid Waste / Recycling,29.736,-95.482,7,1,4,14.316487268518518
D,Solid Waste / Recycling,29.684,-95.375,7,0,4,94.2491550925926
D,Solid Waste / Recycling,29.682,-95.367,7,0,4,120.31398148148148
H,Solid Waste / Recycling,29.784,-95.36,7,0,0,5.105231481481481
B,Solid Waste / Recycling,29.796,-95.333,7,6,0,4.822534722222223
A,Road / Pothole / Bridge,29.859,-95.505,7,1,1,9.692094907407409
K,Traffic Signals / Lighting,29.651,-95.464,7,2,0,0.9105208333333333
J,Traffic Signals / Lighting,29.705,-95.543,7,0,1,0.0174305555555555
D,Solid Waste / Recycling,29.624,-95.346,7,1,5,32.93927083333333
H,Solid Waste / Recycling,29.826,-95.372,7,4,0,0.8226273148148148
A,Solid Waste / Recycling,29.817,-95.52,7,0,3,27.44190972222222
H,Solid Waste / Recycling,29.791,-95.374,7,0,1,5.7963657407407405
H,Solid Waste / Recycling,29.791,-95.38,7,0,2,17.19241898148148
H,Solid Waste / Recycling,29.791,-95.381,7,1,2,11.01068287037037
H,Solid Waste / Recycling,29.788,-95.358,7,4,1,6.9553125
D,Solid Waste / Recycling,29.678,-95.35,7,0,3,12.122204861111111
D,Solid Waste / Recycling,29.676,-95.372,7,0,2,3.981724537037037
H,Solid Waste / Recycling,29.785,-95.36,7,1,0,4.332094907407408
B,Solid Waste / Recycling,29.794,-95.312,7,0,1,1.1887037037037036
C,Solid Waste / Recycling,29.834,-95.467,7,2,0,10.619722222222222
C,Solid Waste / Recycling,29.828,-95.443,7,0,2,24.61322337962963
B,Solid Waste / Recycling,29.889,-95.416,7,3,0,7.72916087962963
F,Traffic Signals / Lighting,29.729,-95.644,7,1,0,0.004780092592592549
H,Solid Waste / Recycling,29.823,-95.401,7,1,2,11.963912037037035
C,Solid Waste / Recycling,29.812,-95.408,7,0,5,21.917453703703703
C,Solid Waste / Recycling,29.808,-95.417,7,1,1,7.345457175925926
A,Solid Waste / Recycling,29.849,-95.541,7,0,2,7.302002314814814
C,Solid Waste / Recycling,29.826,-95.436,7,1,3,20.84690972222222
F,Road / Pothole / Bridge,29.661,-95.598,7,0,0,2.503784722222222
E,Traffic Signals / Lighting,30.043,-95.197,7,1,1,1.0517766203703705
F,Solid Waste / Recycling,29.728,-95.622,7,6,0,3.7386805555555553
F,Solid Waste / Recycling,29.723,-95.57,7,0,4,15.672934027777778
H,Solid Waste / Recycling,29.823,-95.418,7,0,3,11.18616898148148
D,Solid Waste / Recycling,29.669,-95.366,7,1,1,10.9635474537037
D,Solid Waste / Recycling,29.668,-95.367,7,1,2,36.829791666666665
H,Solid Waste / Recycling,29.808,-95.388,7,4,1,13.648258101851853
H,Solid Waste / Recycling,29.806,-95.352,7,3,3,52.96780092592593
H,Solid Waste / Recycling,29.805,-95.371,7,1,0,4.112222222222222
H,Solid Waste / Recycling,29.797,-95.385,7,1,3,14.786087962962965
I,Traffic Signals / Lighting,29.751,-95.37,7,1,0,1.422957175925926
A,Road / Pothole / Bridge,29.851,-95.489,7,2,0,2.728449074074074
B,Solid Waste / Recycling,29.777,-95.318,7,2,1,4.328993055555555
D,Solid Waste / Recycling,29.662,-95.364,7,3,2,30.754201388888887
D,Solid Waste / Recycling,29.658,-95.349,7,0,3,5.080902777777778
H,Solid Waste / Recycling,29.818,-95.382,7,6,0,0.0021875
H,Solid Waste / Recycling,29.818,-95.388,7,5,1,20.651898148148145
H,Solid Waste / Recycling,29.816,-95.362,7,1,1,7.324797453703704
B,Solid Waste / Recycling,29.778,-95.314,7,2,1,11.865729166666666
D,Solid Waste / Recycling,29.664,-95.352,7,1,3,14.911278935185186
D,Solid Waste / Recycling,29.662,-95.359,7,0,2,10.736805555555556
C,Solid Waste / Recycling,29.681,-95.465,7,1,2,4.594537037037037
C,Solid Waste / Recycling,29.803,-95.389,7,0,1,4.73869212962963
C,Solid Waste / Recycling,29.778,-95.391,7,2,0,0.0035879629629629
I,Traffic Signals / Lighting,29.714,-95.278,7,0,0,0.01
F,Sewer / Wastewater,29.661,-95.596,7,1,0,0.0464351851851851
D,Traffic Signals / Lighting,29.723,-95.379,7,0,0,0.0116550925925925
K,Traffic Signals / Lighting,29.695,-95.405,7,0,1,0.17812499999999995
F,Solid Waste / Recycling,29.698,-95.608,7,2,2,6.035115740740741
F,Solid Waste / Recycling,29.697,-95.568,7,1,1,0.8955902777777778
B,Solid Waste / Recycling,29.874,-95.442,7,0,5,30.852592592592597
B,Solid Waste / Recycling,29.874,-95.452,7,1,3,18.45191550925926
B,Solid Waste / Recycling,29.873,-95.266,7,0,0,7.985625
F,Solid Waste / Recycling,29.693,-95.594,7,1,1,10.964554398148149
+,Road / Pothole / Bridge,0.0,0.0,7,0,0,0.001539351851851837
B,Solid Waste / Recycling,29.87,-95.309,7,1,1,5.081087962962963
B,Solid Waste / Recycling,29.87,-95.312,7,0,4,20.93140046296296
I,Traffic Signals / Lighting,29.757,-95.352,7,0,1,0.4465625
D,Solid Waste / Recycling,29.645,-95.382,7,2,0,0.0065625
F,Solid Waste / Recycling,29.682,-95.586,7,1,0,4.710555555555556
I,Water,29.735,-95.344,7,0,1,0.0035879629629629
I,Water,29.669,-95.263,7,1,1,0.7799363425925926
I,Water,29.602,-95.277,6,0,0,0.39566550925925925
A,Road / Pothole / Bridge,29.84,-95.53,6,0,1,5.175081018518519
A,Road / Pothole / Bridge,29.848,-95.533,6,0,1,10.881724537037035
F,Solid Waste / Recycling,29.695,-95.611,6,1,1,6.925532407407408
B,Solid Waste / Recycling,29.874,-95.447,6,1,1,0.0175347222222222
B,Solid Waste / Recycling,29.873,-95.434,6,2,0,2.8454398148148146
A,Road / Pothole / Bridge,29.801,-95.485,6,2,0,0.4339236111111111
B,Solid Waste / Recycling,29.87,-95.313,6,0,5,21.063402777777775
K,Water,29.604,-95.496,6,3,0,0.0119675925925925
I,Traffic Signals / Lighting,29.759,-95.371,6,0,0,0.10303240740740735
A,Solid Waste / Recycling,29.838,-95.543,6,0,2,14.862609953703705
F,Solid Waste / Recycling,29.67,-95.607,6,2,1,4.601637731481481
C,Solid Waste / Recycling,29.805,-95.415,6,1,0,7.690063657407407
I,Traffic Signals / Lighting,29.751,-95.367,6,1,0,0.0325578703703703
I,Traffic Signals / Lighting,29.753,-95.35,6,0,0,2.110358796296296
I,Water,29.731,-95.322,6,0,1,0.46845486111111106
C,Solid Waste / Recycling,29.806,-95.425,6,1,0,13.76648148148148
C,Solid Waste / Recycling,29.806,-95.396,6,0,1,6.18082175925926
C,Solid Waste / Recycling,29.774,-95.42,6,6,0,
F,Solid Waste / Recycling,29.681,-95.576,6,1,0,1.7284837962962962
F,Solid Waste / Recycling,29.692,-95.571,6,2,0,0.0153009259259259
B,Solid Waste / Recycling,29.873,-95.442,6,2,4,135.9209085648148
F,Solid Waste / Recycling,29.7,-95.616,6,2,1,9.115069444444444
F,Solid Waste / Recycling,29.707,-95.57,6,1,1,4.941273148148148
F,Solid Waste / Recycling,29.708,-95.618,6,0,2,6.382407407407406
K,Solid Waste / Recycling,29.605,-95.481,6,2,1,2.0175694444444443
K,Solid Waste / Recycling,29.608,-95.437,6,0,0,3.180219907407408
D,Solid Waste / Recycling,29.67,-95.364,6,0,1,2.4653935185185185
D,Solid Waste / Recycling,29.671,-95.371,6,0,1,0.5905787037037037
C,Solid Waste / Recycling,29.68,-95.485,6,1,2,19.09649884259259
D,Solid Waste / Recycling,29.672,-95.365,6,0,1,6.937916666666668
D,Solid Waste / Recycling,29.672,-95.351,6,0,3,19.892997685185186
H,Solid Waste / Recycling,29.799,-95.353,6,3,2,35.868125
H,Solid Waste / Recycling,29.81,-95.345,6,3,1,3.7065046296296296
H,Solid Waste / Recycling,29.812,-95.39,6,0,3,14.040190972222222
D,Solid Waste / Recycling,29.663,-95.347,6,1,2,16.057123842592592
D,Solid Waste / Recycling,29.664,-95.349,6,1,2,3.2998842592592594
D,Solid Waste / Recycling,29.664,-95.341,6,0,3,26.568605324074074
C,Solid Waste / Recycling,29.686,-95.487,6,0,2,6.326087962962963
D,Solid Waste / Recycling,29.666,-95.36,6,0,4,19.79390625
H,Solid Waste / Recycling,29.803,-95.384,6,0,1,13.261770833333332
B,Solid Waste / Recycling,29.781,-95.347,6,0,2,3.7621354166666663
H,Solid Waste / Recycling,29.817,-95.381,6,3,2,14.97008101851852
B,Solid Waste / Recycling,29.771,-95.314,6,2,1,13.979577546296298
H,Solid Waste / Recycling,29.825,-95.388,6,3,1,33.935196759259256
H,Solid Waste / Recycling,29.826,-95.418,6,1,1,11.930081018518518
C,Solid Waste / Recycling,29.729,-95.409,6,0,3,34.30643518518519
D,Solid Waste / Recycling,29.637,-95.315,6,0,2,4.778321759259259
D,Solid Waste / Recycling,29.653,-95.378,6,0,3,15.372743055555555
D,Solid Waste / Recycling,29.653,-95.372,6,0,1,11.90429398148148
B,Solid Waste / Recycling,29.774,-95.338,6,3,1,6.950057870370371
B,Solid Waste / Recycling,29.777,-95.344,6,2,2,16.541869212962965
H,Solid Waste / Recycling,29.816,-95.369,6,0,0,4.601568287037037
K,Solid Waste / Recycling,29.645,-95.491,6,0,3,11.375653935185184
D,Solid Waste / Recycling,29.64,-95.366,6,0,2,5.317187500000001
C,Solid Waste / Recycling,29.721,-95.414,6,1,1,2.940260416666667
H,Solid Waste / Recycling,29.821,-95.388,6,1,4,20.896747685185183
D,Solid Waste / Recycling,29.67,-95.373,6,0,0,0.91453125
D,Solid Waste / Recycling,29.67,-95.366,6,0,4,16.951371527777777
B,Solid Waste / Recycling,29.767,-95.325,6,2,1,9.043587962962963
B,Solid Waste / Recycling,29.767,-95.323,6,1,2,5.166712962962963
H,Solid Waste / Recycling,29.83,-95.351,6,0,2,10.082853009259258
H,Solid Waste / Recycling,29.831,-95.422,6,1,0,11.762141203703704
H,Solid Waste / Recycling,29.831,-95.403,6,0,2,8.397413194444445
A,Solid Waste / Recycling,29.819,-95.549,6,0,2,15.107557870370371
A,Solid Waste / Recycling,29.82,-95.54,6,0,4,29.08789351851852
D,Solid Waste / Recycling,29.626,-95.382,6,2,2,42.1403587962963
D,Solid Waste / Recycling,29.628,-95.327,6,1,3,14.3196875
C,Solid Waste / Recycling,29.73,-95.405,6,0,2,32.54298032407408
C,Solid Waste / Recycling,29.73,-95.401,6,0,3,29.30201388888889
H,Solid Waste / Recycling,29.795,-95.36,6,0,0,3.2599479166666665
B,Solid Waste / Recycling,29.787,-95.343,6,2,2,35.92143518518518
H,Solid Waste / Recycling,29.798,-95.384,6,0,2,12.107737268518518
D,Solid Waste / Recycling,29.666,-95.333,6,0,2,6.457939814814815
H,Solid Waste / Recycling,29.822,-95.419,6,1,2,19.759305555555557
D,Solid Waste / Recycling,29.686,-95.351,6,3,1,5.278252314814814
D,Solid Waste / Recycling,29.688,-95.361,6,0,2,9.487569444444444
B,Solid Waste / Recycling,29.793,-95.333,6,4,1,51.96267939814815
H,Solid Waste / Recycling,29.785,-95.364,6,0,4,27.74829861111111
H,Solid Waste / Recycling,29.798,-95.353,6,1,4,27.937685185185185
H,Solid Waste / Recycling,29.799,-95.364,6,0,5,75.10353009259259
D,Solid Waste / Recycling,29.673,-95.376,6,1,3,23.82537037037037
D,Solid Waste / Recycling,29.674,-95.37,6,1,5,43.0846875
D,Solid Waste / Recycling,29.676,-95.366,6,0,4,21.342962962962964
H,Solid Waste / Recycling,29.79,-95.378,6,0,0,4.204606481481481
J,Traffic Signals / Lighting,29.676,-95.543,6,0,0,0.11706018518518514
B,Solid Waste / Recycling,29.781,-95.32,6,1,1,7.033611111111111
B,Solid Waste / Recycling,29.781,-95.319,6,0,2,2.9040625
B,Solid Waste / Recycling,29.782,-95.343,6,0,1,3.8310300925925924
H,Solid Waste / Recycling,29.8,-95.386,6,3,0,7.982453703703704
H,Solid Waste / Recycling,29.8,-95.382,6,0,1,4.916724537037037
H,Solid Waste / Recycling,29.784,-95.308,6,2,1,5.181521990740741
H,Solid Waste / Recycling,29.784,-95.302,6,3,1,4.921296296296297
C,Solid Waste / Recycling,29.67,-95.501,6,3,0,5.975671296296296
J,Traffic Signals / Lighting,29.7,-95.518,6,1,0,0.01492476851851845
D,Solid Waste / Recycling,29.682,-95.372,6,0,2,2.5793518518518517
D,Solid Waste / Recycling,29.634,-95.361,6,0,1,9.50619212962963
J,Solid Waste / Recycling,29.735,-95.471,6,0,1,4.8568750000000005
H,Solid Waste / Recycling,29.831,-95.375,6,1,2,4.931388888888889
H,Solid Waste / Recycling,29.832,-95.412,6,1,1,18.486626157407407
H,Solid Waste / Recycling,29.835,-95.373,6,2,1,7.082361111111111
H,Solid Waste / Recycling,29.835,-95.37,6,2,0,5.218836805555556
D,Solid Waste / Recycling,29.636,-95.351,6,0,2,10.910572916666666
H,Solid Waste / Recycling,29.86,-95.383,6,6,0,
H,Solid Waste / Recycling,29.871,-95.383,6,1,0,3.958009259259259
D,Solid Waste / Recycling,29.684,-95.336,6,0,1,2.2395775462962964
C,Solid Waste / Recycling,29.671,-95.489,6,1,1,7.504513888888889
K,Solid Waste / Recycling,29.652,-95.544,6,1,3,17.48160300925926
D,Solid Waste / Recycling,29.616,-95.397,6,1,0,7.350503472222222
C,Solid Waste / Recycling,29.735,-95.388,6,1,3,16.67096064814815
H,Solid Waste / Recycling,29.842,-95.403,6,2,2,21.059386574074068
H,Solid Waste / Recycling,29.842,-95.376,6,2,2,9.458547453703703
D,Solid Waste / Recycling,29.622,-95.237,6,1,2,14.064791666666666
D,Solid Waste / Recycling,29.622,-95.234,6,1,2,14.335034722222222
H,Solid Waste / Recycling,29.873,-95.394,6,1,0,4.062905092592593
H,Solid Waste / Recycling,29.873,-95.378,6,2,1,9.992766203703704
H,Solid Waste / Recycling,29.892,-95.41,6,3,2,18.26591435185185
A,Solid Waste / Recycling,29.821,-95.514,6,0,1,1.1222858796296298
H,Solid Waste / Recycling,29.783,-95.382,6,1,1,7.486412037037037
B,Solid Waste / Recycling,29.796,-95.313,6,0,1,3.152708333333333
B,Solid Waste / Recycling,29.797,-95.328,6,1,1,9.804085648148147
H,Solid Waste / Recycling,29.784,-95.378,6,0,3,30.944635416666667
H,Solid Waste / Recycling,29.784,-95.354,6,0,2,6.992366898148148
H,Solid Waste / Recycling,29.766,-95.379,6,2,3,23.034010416666668
H,Solid Waste / Recycling,29.771,-95.369,6,1,4,28.94990740740741
C,Solid Waste / Recycling,29.67,-95.494,6,1,1,0.0025347222222222
A,Solid Waste / Recycling,29.822,-95.549,6,0,0,12.155925925925926
J,Solid Waste / Recycling,29.704,-95.54,6,0,0,2.9614409722222224
J,Solid Waste / Recycling,29.707,-95.523,6,1,2,6.953738425925926
D,Solid Waste / Recycling,29.607,-95.22,6,1,2,0.7180208333333333
D,Solid Waste / Recycling,29.693,-95.345,6,3,0,4.028171296296296
D,Solid Waste / Recycling,29.695,-95.354,6,0,3,17.989149305555557
H,Solid Waste / Recycling,29.775,-95.358,6,2,1,17.894982638888887
B,Solid Waste / Recycling,29.799,-95.336,6,2,0,3.655167824074074
H,Solid Waste / Recycling,29.777,-95.304,6,1,0,2.1233796296296297
H,Solid Waste / Recycling,29.778,-95.358,6,1,1,7.290092592592592
H,Solid Waste / Recycling,29.779,-95.358,6,1,2,19.650028935185187
H,Solid Waste / Recycling,29.787,-95.355,6,2,3,31.509241898148147
H,Solid Waste / Recycling,29.788,-95.378,6,1,0,1.7725462962962963
C,Road / Pothole / Bridge,29.815,-95.442,6,3,0,1.899050925925926
C,Road / Pothole / Bridge,29.837,-95.473,6,0,0,3.0776273148148148
H,Solid Waste / Recycling,29.779,-95.307,6,0,1,7.067245370370371
D,Solid Waste / Recycling,29.697,-95.364,6,1,1,7.315902777777778
D,Solid Waste / Recycling,29.702,-95.368,6,0,3,60.26475694444445
D,Solid Waste / Recycling,29.613,-95.368,6,1,2,8.650555555555556
D,Solid Waste / Recycling,29.614,-95.368,6,0,1,10.242060185185185
D,Solid Waste / Recycling,29.615,-95.411,6,0,0,3.0097453703703705
A,Solid Waste / Recycling,29.794,-95.532,6,2,1,4.547667824074074
D,Solid Waste / Recycling,29.589,-95.193,6,2,1,1.6571817129629631
D,Solid Waste / Recycling,29.603,-95.218,6,1,0,2.0063194444444443
C,Solid Waste / Recycling,29.737,-95.385,6,0,2,0.1717476851851851
J,Solid Waste / Recycling,29.708,-95.485,6,1,2,9.758171296296297
D,Solid Waste / Recycling,29.704,-95.373,6,1,2,3.019918981481481
J,Traffic Signals / Lighting,29.72,-95.476,6,0,0,0.0076504629629629
J,Traffic Signals / Lighting,29.738,-95.471,6,0,0,0.0104456018518518
H,Traffic Signals / Lighting,29.84,-95.343,6,0,1,0.627199074074074
C,Solid Waste / Recycling,29.74,-95.39,6,1,2,7.877071759259259
C,Solid Waste / Recycling,29.743,-95.384,6,3,2,46.87467592592593
C,Water,29.805,-95.413,6,1,0,0.134224537037037
J,Solid Waste / Recycling,29.725,-95.478,6,0,1,3.3010532407407407
H,Traffic Signals / Lighting,29.765,-95.372,6,2,0,1.2791087962962964
H,Traffic Signals / Lighting,29.791,-95.388,6,1,0,0.9622337962962964
C,Solid Waste / Recycling,29.74,-95.44,6,0,2,1.7980439814814813
C,Solid Waste / Recycling,29.742,-95.402,6,0,5,21.071273148148148
C,Water,29.821,-95.428,6,0,1,0.6804340277777777
C,Water,29.832,-95.437,6,0,0,0.49439236111111107
H,Solid Waste / Recycling,29.751,-95.283,6,0,0,6.485318287037037
H,Solid Waste / Recycling,29.752,-95.33,6,0,1,7.8561805555555555
D,Solid Waste / Recycling,29.705,-95.364,6,1,3,102.92166666666668
C,Road / Pothole / Bridge,29.81,-95.441,6,1,0,3.3066261574074076
C,Road / Pothole / Bridge,29.812,-95.404,6,3,0,2.779670138888889
D,Solid Waste / Recycling,29.732,-95.378,6,1,1,6.78175925925926
D,Solid Waste / Recycling,29.732,-95.369,6,1,2,19.66555555555556
C,Road / Pothole / Bridge,29.734,-95.391,6,1,0,1.7795833333333335
H,Road / Pothole / Bridge,29.804,-95.372,6,0,0,0.5878587962962963
D,Solid Waste / Recycling,29.708,-95.374,6,4,1,53.91848379629629
D,Solid Waste / Recycling,29.716,-95.353,6,1,2,7.197256944444445
H,Solid Waste / Recycling,29.746,-95.324,6,0,1,5.446284722222222
H,Solid Waste / Recycling,29.747,-95.33,6,0,2,10.639797453703704
B,Solid Waste / Recycling,29.814,-95.282,6,2,2,37.65367476851852
C,Road / Pothole / Bridge,29.793,-95.392,6,1,0,1.0356712962962964
H,Solid Waste / Recycling,29.772,-95.37,6,1,3,29.89494212962963
H,Solid Waste / Recycling,29.772,-95.297,6,3,3,105.160625
H,Solid Waste / Recycling,29.75,-95.325,6,0,2,4.324120370370371
D,Road / Pothole / Bridge,29.646,-95.363,6,0,1,1.8538368055555556
H,Traffic Signals / Lighting,29.803,-95.352,6,1,0,2.675104166666667
H,Traffic Signals / Lighting,29.822,-95.343,6,0,0,1.093761574074074
D,Solid Waste / Recycling,29.726,-95.373,6,0,0,2.144178240740741
D,Solid Waste / Recycling,29.727,-95.379,6,0,2,4.874375000000001
D,Solid Waste / Recycling,29.728,-95.353,6,0,4,20.008240740740742
C,Water,29.808,-95.404,6,0,0,0.7795659722222222
B,Drainage / Flooding,29.885,-95.29,6,0,0,0.9962037037037037
H,Water,29.784,-95.374,6,2,0,0.9716550925925926
J,Solid Waste / Recycling,29.693,-95.53,6,1,1,3.74175925925926
C,Solid Waste / Recycling,29.746,-95.395,6,1,2,14.70513888888889
C,Solid Waste / Recycling,29.746,-95.393,6,0,3,16.29708912037037
C,Solid Waste / Recycling,29.746,-95.388,6,0,1,10.764768518518519
C,Water,29.771,-95.402,6,0,1,0.8452314814814815
C,Water,29.775,-95.423,6,1,0,0.8545833333333334
C,Road / Pothole / Bridge,29.75,-95.386,6,0,0,0.2987847222222222
D,Solid Waste / Recycling,29.73,-95.37,6,3,2,19.97787037037037
D,Solid Waste / Recycling,29.73,-95.359,6,3,1,0.2247337962962963
D,Solid Waste / Recycling,29.731,-95.349,6,4,0,1.5414872685185186
H,Sewer / Wastewater,29.854,-95.364,6,0,3,12.165133101851852
H,Solid Waste / Recycling,29.74,-95.322,6,0,1,1.699375
A,Solid Waste / Recycling,29.824,-95.551,6,1,3,15.016828703703704
A,Solid Waste / Recycling,29.824,-95.514,6,1,1,3.555127314814815
J,Solid Waste / Recycling,29.695,-95.55,6,2,1,8.975543981481481
J,Solid Waste / Recycling,29.697,-95.53,6,1,1,7.427893518518519
J,Solid Waste / Recycling,29.703,-95.509,6,2,0,0.5541898148148148
H,Water,29.801,-95.358,6,0,0,0.41716435185185186
H,Water,29.828,-95.43,6,0,0,0.35190393518518515
B,Drainage / Flooding,29.834,-95.298,6,1,1,5.372592592592594
B,Drainage / Flooding,29.841,-95.277,6,0,0,0.9146527777777778
K,Solid Waste / Recycling,29.658,-95.457,6,1,2,4.026331018518518
K,Solid Waste / Recycling,29.659,-95.486,6,0,1,1.6445601851851852
C,Solid Waste / Recycling,29.747,-95.388,6,1,2,12.753900462962964
C,Road / Pothole / Bridge,29.739,-95.391,6,1,0,1.1031712962962965
D,Solid Waste / Recycling,29.734,-95.356,6,3,2,65.23258101851852
I,Road / Pothole / Bridge,29.656,-95.264,6,0,1,1.1818171296296296
I,Road / Pothole / Bridge,29.67,-95.262,6,2,0,1.0112094907407407
I,Road / Pothole / Bridge,29.673,-95.272,6,3,1,3.7263888888888888
C,Water,29.764,-95.414,6,0,0,0.13461226851851846
C,Solid Waste / Recycling,29.745,-95.384,6,0,2,12.799571759259258
I,Solid Waste / Recycling,29.662,-95.296,6,1,2,19.36259837962963
C,Water,29.737,-95.392,6,0,0,0.402199074074074
K,Solid Waste / Recycling,29.653,-95.496,6,1,2,11.11025462962963
D,Solid Waste / Recycling,29.735,-95.356,6,0,4,21.142621527777777
D,Solid Waste / Recycling,29.735,-95.35,6,2,0,3.0626099537037037
J,Water,29.697,-95.551,6,0,1,0.0558622685185185
J,Water,29.704,-95.554,6,0,0,0.33370370370370367
H,Road / Pothole / Bridge,29.831,-95.345,6,1,0,1.6212962962962962
B,Solid Waste / Recycling,29.826,-95.281,6,0,4,46.922361111111115
H,Sewer / Wastewater,29.755,-95.33,6,0,0,0.06726273148148146
H,Sewer / Wastewater,29.839,-95.337,6,0,0,1.872847222222222
C,Solid Waste / Recycling,29.75,-95.4,6,0,0,4.310538194444445
I,Road / Pothole / Bridge,29.758,-95.37,6,0,0,0.3752835648148148
I,Sewer / Wastewater,29.716,-95.319,6,0,0,1.321550925925926
C,Solid Waste / Recycling,29.749,-95.4,6,3,1,7.927476851851852
C,Solid Waste / Recycling,29.749,-95.386,6,1,1,9.1446875
C,Water,29.726,-95.418,6,2,2,17.06429398148148
C,Water,29.733,-95.393,6,0,0,0.5167361111111111
D,Solid Waste / Recycling,29.74,-95.368,6,1,2,5.10244212962963
D,Solid Waste / Recycling,29.741,-95.374,6,2,0,5.646684027777778
C,Road / Pothole / Bridge,29.689,-95.472,6,1,1,0.788912037037037
D,Solid Waste / Recycling,29.741,-95.373,6,0,0,2.317951388888889
G,Water,29.747,-95.447,6,1,0,4.885324074074074
G,Water,29.747,-95.442,6,1,0,0.0013425925925925
G,Water,29.749,-95.572,6,0,1,1.2064756944444444
A,Solid Waste / Recycling,29.797,-95.553,6,0,2,6.418524305555556
C,Road / Pothole / Bridge,29.731,-95.391,6,0,0,6.9723495370370365
G,Traffic Signals / Lighting,29.75,-95.486,6,1,1,1.7603935185185184
G,Traffic Signals / Lighting,29.756,-95.644,6,0,0,0.9055439814814816
B,Solid Waste / Recycling,29.841,-95.266,6,0,2,7.995515046296296
G,Water,29.749,-95.537,6,0,0,0.2951793981481481
D,Solid Waste / Recycling,29.748,-95.381,6,0,0,5.329548611111111
C,Drainage / Flooding,29.741,-95.404,6,2,0,1.0375810185185186
C,Drainage / Flooding,29.766,-95.408,6,1,0,1.0700810185185186
D,Traffic Signals / Lighting,29.599,-95.198,6,0,0,0.49020833333333336
G,Water,29.751,-95.538,6,0,0,0.1947395833333333
D,Solid Waste / Recycling,29.737,-95.379,6,0,0,3.6883506944444444
C,Solid Waste / Recycling,29.748,-95.398,6,2,1,4.7530324074074075
C,Solid Waste / Recycling,29.748,-95.395,6,1,3,14.618587962962962
C,Solid Waste / Recycling,29.749,-95.408,6,2,0,8.30480324074074
I,Solid Waste / Recycling,29.629,-95.21,6,0,1,3.3920659722222224
I,Solid Waste / Recycling,29.65,-95.305,6,2,0,1.9709780092592593
I,Solid Waste / Recycling,29.721,-95.301,6,0,2,13.211388888888889
B,Solid Waste / Recycling,29.84,-95.256,6,1,2,15.850752314814816
G,Water,29.746,-95.468,6,4,0,0.049189814814814804
C,Traffic Signals / Lighting,29.841,-95.458,6,0,0,0.6877546296296296
C,Water,29.719,-95.417,6,1,0,0.1840046296296296
C,Water,29.72,-95.417,6,0,0,0.0803530092592592
I,Solid Waste / Recycling,29.668,-95.306,6,1,2,19.90822916666667
I,Solid Waste / Recycling,29.669,-95.282,6,4,0,2.1655439814814814
I,Solid Waste / Recycling,29.675,-95.257,6,0,3,10.039571759259259
I,Solid Waste / Recycling,29.689,-95.32,6,1,1,7.054675925925926
I,Solid Waste / Recycling,29.699,-95.307,6,2,1,8.732633101851851
I,Water,29.821,-95.21,6,0,0,0.0842013888888889
I,Water,29.822,-95.211,6,0,0,0.1569560185185185
J,Drainage / Flooding,29.733,-95.479,6,1,2,15.58650462962963
B,Solid Waste / Recycling,29.836,-95.256,6,1,0,7.719606481481481
B,Solid Waste / Recycling,29.838,-95.28,6,0,1,8.444212962962963
B,Solid Waste / Recycling,29.846,-95.283,6,1,3,51.9021875
G,Traffic Signals / Lighting,29.742,-95.442,6,0,1,2.7841608796296295
D,Traffic Signals / Lighting,29.666,-95.333,6,0,0,1.0036689814814814
D,Traffic Signals / Lighting,29.666,-95.318,6,0,0,0.33118634259259255
D,Traffic Signals / Lighting,29.68,-95.367,6,0,1,1.4919965277777778
B,Water,29.851,-95.312,6,2,0,1.072199074074074
C,Traffic Signals / Lighting,29.802,-95.43,6,1,0,0.027662037037037
K,Solid Waste / Recycling,29.661,-95.499,6,0,2,2.400491898148148
I,Solid Waste / Recycling,29.708,-95.296,6,1,0,0.8867013888888889
C,Traffic Signals / Lighting,29.753,-95.392,6,1,0,0.0062152777777777
B,Water,29.856,-95.249,6,1,1,0.7420486111111111
B,Water,29.858,-95.444,6,1,0,0.7328935185185185
D,Traffic Signals / Lighting,29.691,-95.353,6,0,0,0.22131365740740738
D,Traffic Signals / Lighting,29.698,-95.337,6,0,1,1.9991203703703702
K,Road / Pothole / Bridge,29.647,-95.532,6,0,0,2.3847627314814814
K,Solid Waste / Recycling,29.574,-95.52,6,2,2,10.435179398148149
G,Traffic Signals / Lighting,29.748,-95.43,6,0,0,0.5319444444444444
B,Solid Waste / Recycling,29.844,-95.253,6,0,1,11.11271412037037
D,Traffic Signals / Lighting,29.701,-95.335,6,1,0,0.597037037037037
D,Traffic Signals / Lighting,29.702,-95.365,6,1,1,0.0455092592592592
C,Traffic Signals / Lighting,29.777,-95.399,6,0,0,1.7334085648148148
C,Solid Waste / Recycling,29.751,-95.398,6,1,2,15.385341435185186
A,Traffic Signals / Lighting,29.819,-95.469,6,3,0,
I,Solid Waste / Recycling,29.724,-95.32,6,0,2,7.210081018518519
I,Solid Waste / Recycling,29.724,-95.297,6,0,2,6.9060648148148145
I,Solid Waste / Recycling,29.736,-95.337,6,0,1,5.998813657407407
K,Traffic Signals / Lighting,29.612,-95.465,6,2,0,0.025312499999999953
C,Traffic Signals / Lighting,29.728,-95.428,6,0,0,1.5235763888888887
C,Solid Waste / Recycling,29.756,-95.399,6,0,2,6.4684085648148155
A,Solid Waste / Recycling,29.8,-95.544,6,1,2,28.888391203703705
G,Traffic Signals / Lighting,29.738,-95.461,6,0,1,0.0184143518518518
G,Traffic Signals / Lighting,29.739,-95.471,6,1,0,1.606458333333333
B,Solid Waste / Recycling,29.846,-95.264,6,1,0,4.038113425925926
C,Solid Waste / Recycling,29.752,-95.389,6,1,2,13.523229166666669
J,Road / Pothole / Bridge,29.676,-95.543,6,1,1,0.7885648148148148
J,Solid Waste / Recycling,29.68,-95.565,6,0,0,3.7070138888888886
A,Traffic Signals / Lighting,29.809,-95.545,6,0,0,1.4348900462962964
I,Solid Waste / Recycling,29.737,-95.331,6,1,3,28.31722800925926
I,Solid Waste / Recycling,29.737,-95.255,6,2,2,36.406539351851855
D,Traffic Signals / Lighting,29.741,-95.366,6,1,0,0.0087384259259259
K,Solid Waste / Recycling,29.584,-95.517,6,0,1,0.3138425925925926
K,Solid Waste / Recycling,29.584,-95.472,6,3,1,7.378611111111111
B,Solid Waste / Recycling,29.849,-95.257,6,0,1,2.946516203703704
B,Solid Waste / Recycling,29.85,-95.317,6,0,1,5.723564814814814
B,Solid Waste / Recycling,29.85,-95.257,6,0,2,6.183431712962962
G,Traffic Signals / Lighting,29.737,-95.561,6,0,1,0.03365740740740735
G,Traffic Signals / Lighting,29.737,-95.514,6,1,0,0.0306481481481481
B,Solid Waste / Recycling,29.844,-95.31,6,0,2,0.9568344907407407
B,Solid Waste / Recycling,29.844,-95.304,6,4,0,2.8110127314814815
G,Solid Waste / Recycling,29.746,-95.412,6,1,1,12.907974537037035
G,Solid Waste / Recycling,29.748,-95.61,6,1,3,39.972511574074076
G,Traffic Signals / Lighting,29.738,-95.484,6,0,0,0.5526157407407407
D,Water,29.648,-95.335,6,2,1,3.0997511574074075
B,Traffic Signals / Lighting,29.957,-95.543,6,1,0,0.0062152777777777
B,Traffic Signals / Lighting,29.958,-95.43,6,0,0,0.0172280092592592
B,Water,29.762,-95.271,6,0,0,0.1775578703703703
D,Water,29.664,-95.335,6,0,0,0.1441550925925926
D,Water,29.671,-95.344,6,0,0,0.9167708333333333
B,Solid Waste / Recycling,29.848,-95.257,6,0,2,3.110121527777778
B,Solid Waste / Recycling,29.849,-95.454,6,0,5,68.8137326388889
K,Solid Waste / Recycling,29.578,-95.519,6,0,2,4.3643171296296295
A,Solid Waste / Recycling,29.807,-95.542,6,0,2,31.65130787037037
K,Solid Waste / Recycling,29.629,-95.467,6,0,5,34.852540509259256
D,Traffic Signals / Lighting,29.734,-95.382,6,2,1,1.1404108796296297
C,Traffic Signals / Lighting,29.739,-95.411,6,3,0,3.2707002314814817
E,Sewer / Wastewater,30.021,-95.119,6,0,0,0.5178993055555555
E,Sewer / Wastewater,30.053,-95.184,6,0,0,0.10888888888888884
E,Solid Waste / Recycling,29.56,-95.149,6,1,1,6.833368055555556
A,Solid Waste / Recycling,29.807,-95.476,6,1,3,14.897118055555556
B,Traffic Signals / Lighting,29.949,-95.422,6,2,0,0.1172858796296296
I,Solid Waste / Recycling,29.731,-95.321,6,0,2,7.6998900462962965
I,Solid Waste / Recycling,29.731,-95.297,6,2,0,6.856956018518519
I,Solid Waste / Recycling,29.733,-95.325,6,0,1,4.549710648148149
I,Solid Waste / Recycling,29.736,-95.338,6,3,2,28.762118055555558
I,Solid Waste / Recycling,29.74,-95.327,6,1,1,8.830555555555556
I,Solid Waste / Recycling,29.74,-95.259,6,0,0,8.23162037037037
C,Solid Waste / Recycling,29.757,-95.378,6,3,1,20.42732060185185
D,Water,29.714,-95.381,6,0,1,1.950787037037037
G,Solid Waste / Recycling,29.744,-95.414,6,0,0,11.319826388888888
G,Solid Waste / Recycling,29.745,-95.489,6,0,5,16.872233796296296
B,Solid Waste / Recycling,29.853,-95.284,6,2,2,33.53779513888889
G,Solid Waste / Recycling,29.75,-95.487,6,2,2,22.707280092592594
B,Solid Waste / Recycling,29.851,-95.269,6,0,2,9.219039351851851
B,Traffic Signals / Lighting,29.851,-95.238,6,0,1,0.7344328703703704
B,Traffic Signals / Lighting,29.865,-95.334,6,2,0,0.32357638888888884
C,Traffic Signals / Lighting,29.706,-95.423,6,0,1,4.961059027777779
K,Solid Waste / Recycling,29.689,-95.428,6,0,1,1.942690972222222
A,Sewer / Wastewater,29.834,-95.486,6,0,0,0.3643344907407407
K,Traffic Signals / Lighting,29.6,-95.503,6,0,0,0.8143287037037037
A,Traffic Signals / Lighting,29.766,-95.456,6,1,1,0.0751041666666666
C,Solid Waste / Recycling,29.757,-95.389,6,0,2,8.257667824074073
I,Solid Waste / Recycling,29.742,-95.333,6,1,1,7.212557870370371
I,Solid Waste / Recycling,29.743,-95.257,6,0,3,29.326655092592592
E,Road / Pothole / Bridge,29.653,-95.251,6,0,0,0.2740335648148148
E,Road / Pothole / Bridge,29.694,-95.243,6,0,1,2.222494212962963
E,Sewer / Wastewater,29.691,-95.236,6,0,0,0.08906828703703701
E,Sewer / Wastewater,29.703,-95.245,6,1,0,0.9541666666666668
G,Solid Waste / Recycling,29.739,-95.456,6,0,2,7.081903935185185
I,Water,29.806,-95.215,6,0,0,0.1204398148148148
A,Solid Waste / Recycling,29.827,-95.486,6,4,1,8.769230324074075
I,Solid Waste / Recycling,29.739,-95.33,6,0,1,4.875208333333333
A,Solid Waste / Recycling,29.877,-95.468,6,0,3,31.62390046296296
I,Solid Waste / Recycling,29.74,-95.333,6,3,1,6.859641203703704
A,Sewer / Wastewater,29.81,-95.5,6,1,0,0.9251388888888888
K,Traffic Signals / Lighting,29.666,-95.509,6,0,1,0.00590856481481475
K,Traffic Signals / Lighting,29.667,-95.477,6,2,1,3.7220949074074077
K,Traffic Signals / Lighting,29.676,-95.509,6,1,1,2.4731018518518515
K,Solid Waste / Recycling,29.595,-95.472,6,0,1,3.312615740740741
B,Solid Waste / Recycling,29.855,-95.423,6,0,4,48.029722222222226
B,Solid Waste / Recycling,29.855,-95.284,6,0,3,12.374988425925924
B,Solid Waste / Recycling,29.855,-95.269,6,0,4,48.84695601851852
G,Solid Waste / Recycling,29.737,-95.458,6,0,0,8.06068287037037
G,Solid Waste / Recycling,29.748,-95.489,6,2,1,2.164450231481481
E,Solid Waste / Recycling,29.61,-95.117,6,0,4,22.606805555555557
B,Traffic Signals / Lighting,29.784,-95.342,6,0,1,0.5123842592592593
E,Solid Waste / Recycling,29.618,-95.201,6,0,1,11.242332175925927
C,Solid Waste / Recycling,29.76,-95.389,6,1,0,4.859409722222222
C,Solid Waste / Recycling,29.756,-95.389,6,1,1,4.961493055555556
C,Solid Waste / Recycling,29.756,-95.376,6,1,1,3.000300925925926
C,Solid Waste / Recycling,29.757,-95.397,6,0,2,3.980810185185186
C,Solid Waste / Recycling,29.757,-95.393,6,1,1,9.082297453703704
A,Solid Waste / Recycling,29.854,-95.493,6,0,1,5.417835648148148
C,Solid Waste / Recycling,29.767,-95.416,6,4,0,3.92761574074074
C,Solid Waste / Recycling,29.839,-95.454,6,1,3,25.899085648148148
E,Solid Waste / Recycling,29.62,-95.208,6,1,2,5.315706018518519
B,Solid Waste / Recycling,29.856,-95.248,6,0,0,3.6107986111111114
G,Road / Pothole / Bridge,29.746,-95.495,6,0,1,1.0740046296296295
G,Road / Pothole / Bridge,29.747,-95.438,6,2,0,0.7878877314814814
G,Road / Pothole / Bridge,29.773,-95.576,6,0,0,1.1373553240740741
A,Solid Waste / Recycling,29.806,-95.556,6,0,4,36.3374537037037
A,Solid Waste / Recycling,29.806,-95.504,6,0,2,4.5259374999999995
A,Solid Waste / Recycling,29.806,-95.481,6,0,6,88.66694444444444
I,Water,29.82,-95.214,6,0,0,0.21105902777777774
I,Solid Waste / Recycling,29.745,-95.297,6,0,1,9.653582175925926
C,Solid Waste / Recycling,29.766,-95.411,6,1,1,10.289288194444444
A,Solid Waste / Recycling,29.851,-95.492,6,0,0,1.0090162037037036
I,Solid Waste / Recycling,29.821,-95.212,6,0,2,7.355972222222222
C,Solid Waste / Recycling,29.827,-95.424,6,1,2,11.896655092592592
F,Water,29.72,-95.622,6,0,0,0.09804398148148144
F,Water,29.722,-95.613,6,0,0,0.11373263888888885
B,Solid Waste / Recycling,29.857,-95.253,6,2,0,4.72771412037037
F,Water,29.729,-95.517,6,0,1,0.8685648148148148
G,Road / Pothole / Bridge,29.741,-95.585,6,2,2,24.708825231481484
B,Solid Waste / Recycling,29.856,-95.432,6,0,3,25.14101273148148
E,Solid Waste / Recycling,29.573,-95.141,6,0,5,32.791863425925925
C,Solid Waste / Recycling,29.829,-95.451,6,0,2,33.137569444444445
C,Solid Waste / Recycling,29.83,-95.442,6,0,0,9.341840277777775
I,Solid Waste / Recycling,29.747,-95.299,6,0,1,8.815445601851852
I,Solid Waste / Recycling,29.748,-95.349,6,0,0,0.00996527777777775
I,Solid Waste / Recycling,29.748,-95.302,6,1,0,5.600572916666667
A,Solid Waste / Recycling,29.852,-95.495,6,0,3,11.001712962962962
A,Solid Waste / Recycling,29.841,-95.549,6,3,2,16.07818287037037
C,Solid Waste / Recycling,29.812,-95.392,6,0,3,43.09550925925926
C,Solid Waste / Recycling,29.771,-95.405,6,2,2,26.715451388888887
C,Solid Waste / Recycling,29.819,-95.424,6,0,0,4.156649305555556
C,Solid Waste / Recycling,29.821,-95.433,6,1,1,7.49681712962963
B,Solid Waste / Recycling,29.901,-95.295,6,1,2,8.994270833333333
B,Solid Waste / Recycling,29.904,-95.289,6,2,1,6.554149305555555
B,Solid Waste / Recycling,29.947,-95.306,6,0,2,0.23594907407407406
E,Solid Waste / Recycling,29.679,-95.237,6,0,1,3.121788194444444
A,Solid Waste / Recycling,29.805,-95.494,6,0,2,6.712934027777777
B,Solid Waste / Recycling,29.862,-95.299,6,1,0,4.190457175925926
F,Traffic Signals / Lighting,29.714,-95.605,6,1,1,0.937511574074074
F,Water,29.657,-95.588,6,2,0,0.17001736111111104
F,Water,29.661,-95.6,6,1,0,0.1912268518518518
F,Water,29.664,-95.6,6,0,0,0.1261631944444444
K,Solid Waste / Recycling,29.6,-95.467,6,0,1,1.0379166666666666
K,Solid Waste / Recycling,29.602,-95.472,6,0,0,7.127164351851852
B,Solid Waste / Recycling,29.861,-95.287,6,0,3,13.135792824074073
F,Traffic Signals / Lighting,29.733,-95.572,6,0,0,0.021417824074074047
B,Solid Waste / Recycling,29.9,-95.292,6,0,0,3.4858391203703705
E,Solid Waste / Recycling,30.03,-95.12,6,3,3,31.04028935185185
B,Solid Waste / Recycling,29.856,-95.273,6,0,3,27.08743055555556
E,Solid Waste / Recycling,29.641,-95.239,6,0,3,10.435422453703705
E,Solid Waste / Recycling,29.646,-95.214,6,0,1,10.321805555555557
E,Solid Waste / Recycling,29.647,-95.236,6,2,0,4.907309027777777
E,Solid Waste / Recycling,29.648,-95.215,6,0,1,5.217216435185184
K,Solid Waste / Recycling,29.617,-95.444,6,3,1,0.3099421296296296
K,Solid Waste / Recycling,29.618,-95.44,6,1,1,5.190914351851852
K,Solid Waste / Recycling,29.619,-95.441,6,1,0,7.190983796296296
C,Solid Waste / Recycling,29.823,-95.432,6,0,2,7.771487268518518
C,Solid Waste / Recycling,29.823,-95.427,6,1,2,8.46670138888889
I,Solid Waste / Recycling,29.792,-95.214,6,0,1,0.08457754629629625
I,Solid Waste / Recycling,29.808,-95.237,6,0,1,4.9701099537037035
I,Solid Waste / Recycling,29.808,-95.234,6,0,0,4.151012731481481
I,Solid Waste / Recycling,29.809,-95.239,6,0,0,7.0223148148148145
C,Solid Waste / Recycling,29.808,-95.405,6,0,3,9.546996527777777
C,Solid Waste / Recycling,29.809,-95.421,6,2,1,1.9970775462962962
C,Solid Waste / Recycling,29.811,-95.398,6,4,0,5.176435185185186
K,Solid Waste / Recycling,29.623,-95.437,6,0,0,0.8401793981481482
E,Traffic Signals / Lighting,29.58,-95.121,6,1,1,4.7409490740740745
B,Solid Waste / Recycling,29.887,-95.455,6,1,3,29.817604166666666
B,Solid Waste / Recycling,29.862,-95.302,6,3,1,7.068784722222222
F,Solid Waste / Recycling,29.724,-95.57,6,1,2,5.852268518518518
B,Solid Waste / Recycling,29.867,-95.444,6,4,0,5.406944444444444
F,Road / Pothole / Bridge,29.73,-95.606,6,0,2,4.202025462962963
F,Road / Pothole / Bridge,29.731,-95.615,6,0,0,4.716429398148148
B,Solid Waste / Recycling,29.86,-95.256,6,3,1,7.717824074074074
A,Solid Waste / Recycling,29.804,-95.576,6,3,2,26.00787037037037
A,Solid Waste / Recycling,29.805,-95.519,6,1,0,5.09712962962963
E,Traffic Signals / Lighting,30.053,-95.252,6,0,0,0.04287615740740735
E,Traffic Signals / Lighting,30.056,-95.16,6,0,0,0.427505787037037
E,Traffic Signals / Lighting,30.068,-95.188,6,1,1,0.0096875
E,Water,29.644,-95.238,6,1,1,0.4279166666666666
B,Solid Waste / Recycling,29.883,-95.421,6,2,1,7.443940972222222
B,Solid Waste / Recycling,29.884,-95.446,6,2,3,41.07938657407407
F,Solid Waste / Recycling,29.731,-95.535,6,4,2,17.41326967592593
F,Solid Waste / Recycling,29.732,-95.613,6,0,0,6.064988425925925
A,Solid Waste / Recycling,29.8,-95.488,6,0,1,6.619143518518518
K,Solid Waste / Recycling,29.611,-95.432,6,1,1,3.8266898148148147
K,Solid Waste / Recycling,29.616,-95.449,6,2,1,5.72207175925926
K,Solid Waste / Recycling,29.616,-95.427,6,0,2,6.251510416666667
B,Solid Waste / Recycling,29.869,-95.285,6,0,4,44.87746527777777
B,Solid Waste / Recycling,29.87,-95.449,6,4,2,30.91074074074074
F,Solid Waste / Recycling,29.71,-95.614,6,1,0,1.535636574074074
F,Solid Waste / Recycling,29.66,-95.575,6,0,2,5.361319444444446
F,Solid Waste / Recycling,29.662,-95.608,6,0,0,6.168188657407407
B,Solid Waste / Recycling,29.877,-95.428,6,2,3,55.90386574074074
B,Solid Waste / Recycling,29.879,-95.434,6,1,1,21.181799768518516
F,Traffic Signals / Lighting,29.654,-95.566,6,0,0,1.2377488425925927
F,Traffic Signals / Lighting,29.674,-95.57,6,0,1,0.9008680555555556
F,Traffic Signals / Lighting,29.703,-95.605,6,0,0,6.009479166666666
F,Traffic Signals / Lighting,29.704,-95.567,6,0,0,0.0622106481481481
F,Solid Waste / Recycling,29.712,-95.612,6,0,1,5.230115740740741
F,Solid Waste / Recycling,29.712,-95.579,6,1,2,7.214722222222222
F,Road / Pothole / Bridge,29.735,-95.576,6,1,1,0.5576157407407407
B,Solid Waste / Recycling,29.882,-95.432,6,5,1,69.11438657407408
F,Sewer / Wastewater,29.702,-95.587,6,0,0,0.0729571759259259
F,Solid Waste / Recycling,29.657,-95.578,6,0,0,2.7738541666666667
K,Solid Waste / Recycling,29.61,-95.428,6,0,4,14.445862268518518
I,Traffic Signals / Lighting,29.669,-95.263,6,1,0,0.6833449074074074
A,Solid Waste / Recycling,29.847,-95.538,6,4,0,3.8500983796296295
I,Traffic Signals / Lighting,29.702,-95.278,6,1,0,0.0508796296296296
I,Traffic Signals / Lighting,29.705,-95.308,6,1,0,0.0228125
I,Traffic Signals / Lighting,29.718,-95.278,6,1,0,0.0721643518518518
I,Traffic Signals / Lighting,29.728,-95.336,6,1,0,0.2922569444444444
I,Traffic Signals / Lighting,29.738,-95.265,6,1,1,0.258125
A,Solid Waste / Recycling,29.84,-95.552,6,1,2,13.589270833333334
K,Water,29.629,-95.418,6,1,1,0.1564236111111111
C,Solid Waste / Recycling,29.801,-95.42,6,0,4,102.49077546296297
C,Solid Waste / Recycling,29.804,-95.412,6,1,1,8.074895833333333
I,Water,29.75,-95.357,6,0,0,1.948119212962963
C,Solid Waste / Recycling,29.781,-95.414,6,3,1,10.040173611111111
C,Solid Waste / Recycling,29.782,-95.429,6,3,2,20.01972222222222
C,Solid Waste / Recycling,29.782,-95.426,6,2,1,5.069346064814814
+,Water,0.0,0.0,6,0,0,0.0047164351851851
C,Solid Waste / Recycling,29.8,-95.445,6,0,5,16.479560185185186
C,Solid Waste / Recycling,29.779,-95.393,6,3,0,10.668113425925926
C,Solid Waste / Recycling,29.78,-95.427,6,0,4,28.528622685185184
C,Solid Waste / Recycling,29.78,-95.421,6,3,1,9.951643518518518
C,Solid Waste / Recycling,29.796,-95.435,6,1,1,3.306423611111111
C,Solid Waste / Recycling,29.798,-95.418,6,2,1,7.5630902777777775
K,Water,29.636,-95.443,6,1,0,0.1858101851851852
A,Road / Pothole / Bridge,29.813,-95.554,6,0,0,1.4394039351851853
F,Solid Waste / Recycling,29.663,-95.588,6,2,0,1.9273263888888887
F,Solid Waste / Recycling,29.664,-95.588,6,0,1,4.612523148148148
F,Solid Waste / Recycling,29.667,-95.612,6,0,2,9.831440972222222
D,Solid Waste / Recycling,29.654,-95.344,6,3,1,3.849085648148148
D,Solid Waste / Recycling,29.658,-95.342,6,4,0,7.175115740740741
D,Solid Waste / Recycling,29.66,-95.354,6,0,3,20.320966435185184
C,Solid Waste / Recycling,29.697,-95.436,6,1,1,5.82849537037037
B,Solid Waste / Recycling,29.778,-95.332,6,0,2,4.2201157407407415
H,Solid Waste / Recycling,29.81,-95.387,6,3,0,3.4966666666666666
C,Solid Waste / Recycling,29.725,-95.416,6,2,2,27.09070023148148
D,Solid Waste / Recycling,29.643,-95.338,6,0,3,17.041192129629632
D,Solid Waste / Recycling,29.645,-95.383,6,0,0,5.890497685185185
D,Solid Waste / Recycling,29.645,-95.352,6,1,3,56.1503125
D,Solid Waste / Recycling,29.647,-95.373,6,0,0,8.771585648148148
C,Solid Waste / Recycling,29.8,-95.391,6,2,0,6.36359375
A,Solid Waste / Recycling,29.83,-95.49,6,1,1,0.0035879629629629
A,Solid Waste / Recycling,29.832,-95.512,6,1,3,14.727847222222222
I,Water,29.744,-95.295,6,1,0,0.080474537037037
I,Water,29.745,-95.257,6,0,1,3.479085648148148
C,Solid Waste / Recycling,29.781,-95.421,5,1,1,3.094363425925926
+,Solid Waste / Recycling,0.0,0.0,5,1,2,14.21657986111111
+,Solid Waste / Recycling,29.612,-95.368,5,1,0,9.068813657407407
K,Water,29.682,-95.399,5,0,0,0.9644212962962962
I,Water,29.75,-95.35,5,0,0,6.817939814814815
A,Solid Waste / Recycling,29.834,-95.532,5,0,3,19.355046296296297
A,Solid Waste / Recycling,29.836,-95.552,5,2,2,22.808246527777776
A,Solid Waste / Recycling,29.836,-95.478,5,0,1,4.624513888888889
I,Traffic Signals / Lighting,29.757,-95.363,5,0,0,0.2816898148148148
K,Water,29.616,-95.422,5,0,1,0.7803240740740741
K,Water,29.634,-95.458,5,0,0,0.3250578703703703
C,Solid Waste / Recycling,29.801,-95.419,5,1,0,9.55060763888889
C,Solid Waste / Recycling,29.802,-95.445,5,0,3,18.73755787037037
C,Solid Waste / Recycling,29.778,-95.425,5,0,1,15.546435185185187
C,Solid Waste / Recycling,29.779,-95.414,5,3,0,3.2515277777777776
C,Solid Waste / Recycling,29.803,-95.413,5,2,0,8.064328703703703
C,Solid Waste / Recycling,29.803,-95.394,5,2,2,39.80356481481481
A,Solid Waste / Recycling,29.841,-95.546,5,0,1,4.7403356481481485
A,Solid Waste / Recycling,29.843,-95.483,5,2,0,9.64675925925926
A,Solid Waste / Recycling,29.843,-95.468,5,0,2,7.633888888888888
B,Solid Waste / Recycling,29.868,-95.29,5,1,0,9.720474537037036
K,Solid Waste / Recycling,29.603,-95.487,5,4,0,2.8050925925925925
K,Solid Waste / Recycling,29.608,-95.427,5,0,1,9.08792824074074
A,Solid Waste / Recycling,29.802,-95.555,5,0,1,7.352002314814815
F,Solid Waste / Recycling,29.68,-95.578,5,2,0,1.0239236111111112
B,Solid Waste / Recycling,29.876,-95.445,5,3,1,17.098177083333333
B,Solid Waste / Recycling,29.877,-95.449,5,2,1,0.5711458333333334
F,Solid Waste / Recycling,29.691,-95.571,5,1,0,0.7684143518518518
F,Solid Waste / Recycling,29.693,-95.611,5,1,0,4.2402141203703705
B,Solid Waste / Recycling,29.873,-95.427,5,2,0,7.511296296296296
B,Solid Waste / Recycling,29.873,-95.314,5,1,1,0.1289293981481481
B,Solid Waste / Recycling,29.874,-95.417,5,4,0,
F,Solid Waste / Recycling,29.695,-95.589,5,1,0,3.122146990740741
F,Solid Waste / Recycling,29.697,-95.59,5,1,0,9.403842592592593
F,Solid Waste / Recycling,29.697,-95.586,5,1,0,4.849739583333333
F,Solid Waste / Recycling,29.699,-95.597,5,1,0,0.3301793981481481
K,Solid Waste / Recycling,29.609,-95.428,5,2,3,76.00850694444445
K,Solid Waste / Recycling,29.616,-95.445,5,0,1,6.907060185185185
B,Solid Waste / Recycling,29.869,-95.443,5,4,0,
F,Solid Waste / Recycling,29.709,-95.578,5,0,2,7.784861111111111
F,Solid Waste / Recycling,29.71,-95.578,5,2,3,71.69989583333333
F,Solid Waste / Recycling,29.711,-95.619,5,0,1,0.9324305555555557
F,Solid Waste / Recycling,29.711,-95.616,5,0,0,1.5522569444444445
F,Solid Waste / Recycling,29.711,-95.59,5,2,0,4.707546296296297
F,Solid Waste / Recycling,29.659,-95.592,5,0,0,1.7576273148148147
B,Solid Waste / Recycling,29.877,-95.42,5,3,1,133.23247685185186
B,Solid Waste / Recycling,29.878,-95.424,5,1,3,59.87945601851851
B,Solid Waste / Recycling,29.879,-95.294,5,1,0,5.958541666666667
F,Solid Waste / Recycling,29.68,-95.584,5,1,2,64.66283564814815
B,Solid Waste / Recycling,29.873,-95.437,5,2,0,0.0035532407407407
F,Solid Waste / Recycling,29.7,-95.619,5,0,0,4.9981481481481485
F,Solid Waste / Recycling,29.708,-95.579,5,0,1,4.974479166666667
F,Solid Waste / Recycling,29.726,-95.633,5,0,1,4.6431712962962965
F,Solid Waste / Recycling,29.729,-95.538,5,1,1,4.935011574074074
F,Solid Waste / Recycling,29.73,-95.613,5,0,1,8.31853587962963
F,Solid Waste / Recycling,29.73,-95.612,5,0,1,7.268425925925926
F,Solid Waste / Recycling,29.731,-95.61,5,0,1,8.751660879629629
F,Solid Waste / Recycling,29.731,-95.537,5,1,1,4.860688657407407
F,Road / Pothole / Bridge,29.687,-95.596,5,1,0,4.434108796296297
F,Road / Pothole / Bridge,29.72,-95.644,5,0,0,0.5388888888888889
F,Road / Pothole / Bridge,29.728,-95.621,5,2,0,0.8631365740740741
F,Sewer / Wastewater,29.674,-95.59,5,1,0,0.45434027777777775
B,Solid Waste / Recycling,29.88,-95.426,5,1,2,60.37758680555555
B,Solid Waste / Recycling,29.881,-95.289,5,0,1,4.730636574074074
B,Solid Waste / Recycling,29.882,-95.426,5,2,0,7.511851851851852
B,Solid Waste / Recycling,29.882,-95.421,5,3,1,31.922100694444445
F,Solid Waste / Recycling,29.652,-95.574,5,0,2,13.333159722222222
A,Solid Waste / Recycling,29.803,-95.555,5,0,4,33.860844907407404
K,Solid Waste / Recycling,29.598,-95.471,5,0,1,4.529456018518518
E,Traffic Signals / Lighting,30.05,-95.241,5,0,1,0.0035185185185185
E,Traffic Signals / Lighting,30.051,-95.18,5,0,1,0.6381134259259259
E,Traffic Signals / Lighting,30.068,-95.242,5,0,0,0.1054166666666666
E,Water,30.052,-95.167,5,1,1,4.129652777777777
B,Solid Waste / Recycling,29.883,-95.296,5,1,1,6.961064814814815
F,Road / Pothole / Bridge,29.661,-95.609,5,0,2,13.802905092592592
F,Solid Waste / Recycling,29.734,-95.53,5,0,2,4.822013888888889
F,Solid Waste / Recycling,29.735,-95.614,5,0,1,11.909791666666667
B,Solid Waste / Recycling,29.864,-95.449,5,1,3,54.55119212962963
B,Solid Waste / Recycling,29.864,-95.423,5,5,0,
B,Solid Waste / Recycling,29.865,-95.359,5,2,1,18.551805555555557
F,Traffic Signals / Lighting,29.656,-95.571,5,1,0,0.013414351851851799
F,Solid Waste / Recycling,29.712,-95.614,5,0,0,5.2635300925925925
F,Solid Waste / Recycling,29.712,-95.589,5,2,0,4.279675925925926
F,Solid Waste / Recycling,29.722,-95.621,5,4,0,5.968784722222222
K,Solid Waste / Recycling,29.617,-95.42,5,0,1,7.016018518518519
K,Solid Waste / Recycling,29.62,-95.433,5,0,2,1.9895949074074075
K,Solid Waste / Recycling,29.622,-95.462,5,0,1,3.599386574074074
E,Traffic Signals / Lighting,29.571,-95.149,5,0,0,0.0177314814814814
E,Traffic Signals / Lighting,29.58,-95.106,5,0,0,0.0154166666666666
B,Solid Waste / Recycling,29.886,-95.293,5,0,0,6.299710648148148
E,Traffic Signals / Lighting,29.653,-95.251,5,0,0,0.6840162037037038
E,Traffic Signals / Lighting,29.771,-95.187,5,0,0,0.0090625
F,Traffic Signals / Lighting,29.715,-95.588,5,2,0,4.436527777777778
F,Traffic Signals / Lighting,29.722,-95.514,5,1,1,0.3435011574074074
B,Solid Waste / Recycling,29.86,-95.291,5,2,1,12.861354166666668
K,Solid Waste / Recycling,29.596,-95.478,5,2,1,3.783113425925926
K,Solid Waste / Recycling,29.596,-95.47,5,0,0,1.7157291666666667
K,Solid Waste / Recycling,29.597,-95.493,5,0,0,4.145104166666667
K,Solid Waste / Recycling,29.597,-95.489,5,0,1,9.911805555555556
A,Solid Waste / Recycling,29.804,-95.504,5,1,2,19.21648726851852
K,Solid Waste / Recycling,29.6,-95.473,5,4,0,
K,Solid Waste / Recycling,29.601,-95.459,5,1,1,5.261898148148148
K,Solid Waste / Recycling,29.602,-95.475,5,0,1,1.9941898148148147
B,Solid Waste / Recycling,29.861,-95.428,5,3,1,31.814126157407408
B,Solid Waste / Recycling,29.861,-95.289,5,0,1,7.893310185185185
F,Traffic Signals / Lighting,29.728,-95.558,5,0,0,1.5590277777777777
F,Traffic Signals / Lighting,29.729,-95.653,5,1,1,7.249797453703704
B,Solid Waste / Recycling,29.9,-95.415,5,2,1,1.075625
B,Solid Waste / Recycling,29.9,-95.289,5,1,0,5.396730324074074
E,Solid Waste / Recycling,30.021,-95.119,5,0,0,7.520266203703704
E,Solid Waste / Recycling,30.04,-95.248,5,1,0,6.469010416666666
E,Traffic Signals / Lighting,29.558,-95.117,5,0,0,0.7955092592592593
A,Solid Waste / Recycling,29.801,-95.531,5,3,0,
A,Solid Waste / Recycling,29.801,-95.49,5,1,1,10.185243055555556
A,Solid Waste / Recycling,29.802,-95.557,5,0,0,7.752858796296296
K,Solid Waste / Recycling,29.617,-95.434,5,0,3,37.989953703703705
F,Water,29.73,-95.609,5,0,0,0.1197337962962963
F,Water,29.736,-95.564,5,0,0,0.2722337962962963
E,Solid Waste / Recycling,29.687,-95.236,5,2,2,29.72550925925926
E,Solid Waste / Recycling,29.697,-95.247,5,1,2,15.202065972222222
E,Solid Waste / Recycling,29.766,-95.202,5,2,1,10.7415625
B,Solid Waste / Recycling,29.888,-95.29,5,1,0,3.7115856481481484
F,Traffic Signals / Lighting,29.736,-95.644,5,2,0,0.6798148148148148
F,Water,29.658,-95.591,5,0,0,0.1796064814814814
F,Water,29.661,-95.59,5,2,0,1.2495717592592592
F,Water,29.662,-95.589,5,0,1,0.1788194444444444
B,Solid Waste / Recycling,29.859,-95.418,5,4,0,
F,Water,29.68,-95.583,5,1,0,0.41949652777777774
F,Water,29.697,-95.615,5,0,0,0.0925
F,Water,29.698,-95.618,5,0,0,0.731400462962963
F,Water,29.709,-95.588,5,1,1,0.0009375
K,Solid Waste / Recycling,29.599,-95.486,5,2,0,0.8845717592592592
E,Solid Waste / Recycling,29.579,-95.142,5,0,2,15.60144675925926
E,Solid Waste / Recycling,29.582,-95.145,5,0,3,17.844201388888887
E,Solid Waste / Recycling,29.588,-95.139,5,0,3,18.029155092592596
E,Solid Waste / Recycling,29.601,-95.121,5,0,1,10.77011574074074
E,Solid Waste / Recycling,29.606,-95.194,5,0,2,7.793900462962963
B,Traffic Signals / Lighting,29.794,-95.316,5,0,0,0.9194907407407408
E,Solid Waste / Recycling,29.616,-95.124,5,0,2,8.36625
E,Solid Waste / Recycling,29.619,-95.208,5,0,2,13.711481481481481
E,Solid Waste / Recycling,29.62,-95.199,5,0,1,8.062349537037036
E,Solid Waste / Recycling,29.639,-95.237,5,1,0,5.934693287037037
G,Road / Pothole / Bridge,29.763,-95.467,5,1,0,2.857528935185185
K,Solid Waste / Recycling,29.588,-95.455,5,0,0,0.3923958333333333
A,Solid Waste / Recycling,29.806,-95.552,5,0,2,29.796215277777776
F,Water,29.718,-95.621,5,0,0,0.7205787037037037
F,Water,29.728,-95.621,5,0,0,0.2334143518518518
B,Solid Waste / Recycling,29.857,-95.272,5,0,1,7.720289351851853
K,Solid Waste / Recycling,29.595,-95.454,5,0,1,4.170497685185185
G,Sewer / Wastewater,29.745,-95.43,5,0,0,0.0049074074074074
B,Solid Waste / Recycling,29.855,-95.257,5,0,3,16.57849537037037
B,Solid Waste / Recycling,29.855,-95.248,5,0,1,3.6217939814814817
G,Sewer / Wastewater,29.776,-95.594,5,0,0,0.6165393518518518
G,Solid Waste / Recycling,29.737,-95.457,5,0,0,7.447013888888889
B,Traffic Signals / Lighting,29.831,-95.319,5,0,0,0.1107986111111111
B,Traffic Signals / Lighting,29.831,-95.302,5,0,0,0.019317129629629552
E,Solid Waste / Recycling,29.563,-95.13,5,0,2,4.025601851851852
E,Solid Waste / Recycling,29.564,-95.128,5,0,1,4.161238425925926
E,Solid Waste / Recycling,29.566,-95.143,5,0,0,0.6489641203703704
E,Solid Waste / Recycling,29.567,-95.144,5,0,0,0.6455208333333333
E,Solid Waste / Recycling,29.572,-95.143,5,0,4,32.78623842592593
E,Solid Waste / Recycling,29.572,-95.139,5,0,5,32.49840277777778
E,Solid Waste / Recycling,29.572,-95.135,5,0,4,35.348072916666666
E,Solid Waste / Recycling,29.574,-95.148,5,0,4,19.897534722222225
D,Water,29.723,-95.381,5,1,0,0.6557465277777778
D,Water,29.74,-95.379,5,0,0,0.5820023148148148
D,Water,29.741,-95.368,5,1,0,1.9535416666666667
B,Traffic Signals / Lighting,29.855,-95.262,5,1,0,0.3586689814814814
B,Traffic Signals / Lighting,29.871,-95.338,5,1,0,2.209907407407407
B,Traffic Signals / Lighting,29.871,-95.306,5,2,1,1.0918171296296295
E,Road / Pothole / Bridge,30.054,-95.164,5,2,0,0.614224537037037
G,Solid Waste / Recycling,29.738,-95.451,5,1,2,60.33105902777777
B,Solid Waste / Recycling,29.853,-95.239,5,0,2,12.01019675925926
B,Solid Waste / Recycling,29.853,-95.237,5,2,0,3.951550925925926
B,Solid Waste / Recycling,29.854,-95.249,5,0,1,7.82738425925926
G,Solid Waste / Recycling,29.742,-95.489,5,2,2,16.828391203703703
G,Solid Waste / Recycling,29.743,-95.489,5,0,3,25.813281250000003
G,Solid Waste / Recycling,29.744,-95.623,5,1,2,14.256203703703704
G,Solid Waste / Recycling,29.744,-95.451,5,0,4,33.46440972222222
K,Solid Waste / Recycling,29.592,-95.471,5,0,2,7.99625
K,Solid Waste / Recycling,29.582,-95.447,5,0,1,2.530162037037037
K,Solid Waste / Recycling,29.583,-95.478,5,0,0,2.109710648148148
D,Water,29.673,-95.361,5,0,0,0.0834375
D,Water,29.682,-95.338,5,0,0,0.3848611111111111
D,Water,29.695,-95.392,5,0,0,0.3208506944444444
D,Water,29.695,-95.391,5,0,0,0.0726736111111111
D,Water,29.705,-95.392,5,0,0,0.0902546296296296
B,Traffic Signals / Lighting,29.913,-95.355,5,1,0,0.0008217592592592001
B,Traffic Signals / Lighting,29.938,-95.432,5,0,0,0.3297685185185185
B,Traffic Signals / Lighting,29.94,-95.425,5,2,0,0.6044675925925926
B,Traffic Signals / Lighting,29.95,-95.411,5,1,0,1.2349942129629632
B,Solid Waste / Recycling,29.852,-95.246,5,1,3,20.04461226851852
G,Solid Waste / Recycling,29.746,-95.414,5,0,0,13.461828703703704
G,Solid Waste / Recycling,29.765,-95.558,5,4,0,0.0043287037037037
G,Solid Waste / Recycling,29.774,-95.557,5,0,3,29.220781249999998
B,Solid Waste / Recycling,29.852,-95.267,5,0,0,7.742175925925926
G,Traffic Signals / Lighting,29.732,-95.467,5,1,0,2.0813310185185183
G,Traffic Signals / Lighting,29.738,-95.496,5,0,0,0.1031134259259259
D,Water,29.616,-95.307,5,0,1,0.0628703703703703
D,Water,29.627,-95.35,5,0,0,0.0604629629629629
D,Water,29.637,-95.357,5,1,0,3.624959490740741
D,Water,29.638,-95.403,5,0,0,0.3365393518518518
D,Water,29.647,-95.334,5,3,1,17.400017361111114
D,Water,29.648,-95.341,5,1,1,3.0212037037037036
D,Water,29.66,-95.365,5,0,1,0.731574074074074
B,Traffic Signals / Lighting,29.986,-95.309,5,1,0,1.2003935185185186
B,Water,29.77,-95.33,5,1,0,0.524525462962963
G,Solid Waste / Recycling,29.778,-95.551,5,2,0,2.8513310185185183
G,Solid Waste / Recycling,29.78,-95.572,5,0,3,20.524774305555553
G,Traffic Signals / Lighting,29.731,-95.463,5,0,0,0.0057060185185185
K,Solid Waste / Recycling,29.577,-95.518,5,0,1,9.87980324074074
K,Solid Waste / Recycling,29.578,-95.518,5,0,1,4.7704050925925925
K,Drainage / Flooding,29.628,-95.468,5,5,0,
A,Solid Waste / Recycling,29.809,-95.521,5,0,0,3.028125
A,Solid Waste / Recycling,29.8,-95.538,5,0,4,31.4393287037037
K,Solid Waste / Recycling,29.626,-95.461,5,1,0,2.4685243055555555
K,Solid Waste / Recycling,29.629,-95.455,5,2,0,1.801423611111111
K,Solid Waste / Recycling,29.629,-95.42,5,0,1,4.556649305555555
D,Traffic Signals / Lighting,29.739,-95.382,5,1,0,0.6152314814814814
D,Traffic Signals / Lighting,29.747,-95.381,5,1,1,23.642309027777777
D,Water,29.591,-95.219,5,0,0,0.5453819444444444
B,Water,29.808,-95.325,5,0,0,0.1582291666666666
B,Water,29.841,-95.277,5,0,0,0.17248263888888885
D,Water,29.615,-95.307,5,1,0,0.07780092592592584
K,Solid Waste / Recycling,29.585,-95.469,5,2,0,5.0975983796296305
K,Solid Waste / Recycling,29.586,-95.516,5,0,3,23.026608796296298
B,Solid Waste / Recycling,29.849,-95.267,5,0,2,5.193252314814814
B,Solid Waste / Recycling,29.85,-95.42,5,4,0,7.779386574074074
G,Traffic Signals / Lighting,29.75,-95.498,5,0,0,0.0069907407407407
D,Traffic Signals / Lighting,29.706,-95.403,5,0,0,0.0018981481481481
D,Traffic Signals / Lighting,29.72,-95.353,5,0,0,0.5791782407407408
D,Traffic Signals / Lighting,29.722,-95.377,5,0,0,7.812916666666666
D,Traffic Signals / Lighting,29.729,-95.369,5,0,0,0.281724537037037
K,Solid Waste / Recycling,29.623,-95.433,5,0,0,2.521446759259259
K,Solid Waste / Recycling,29.624,-95.455,5,1,3,14.959976851851852
K,Solid Waste / Recycling,29.625,-95.434,5,0,2,6.727777777777778
A,Solid Waste / Recycling,29.798,-95.465,5,1,2,59.39612268518519
A,Solid Waste / Recycling,29.799,-95.505,5,0,2,10.93537037037037
G,Traffic Signals / Lighting,29.74,-95.467,5,0,1,0.0093518518518518
G,Traffic Signals / Lighting,29.742,-95.45,5,1,0,1.2968402777777777
G,Traffic Signals / Lighting,29.748,-95.572,5,1,1,0.34369212962962964
G,Traffic Signals / Lighting,29.748,-95.457,5,1,1,7.5906770833333335
J,Water,29.734,-95.479,5,0,0,0.20809606481481474
J,Water,29.736,-95.481,5,0,0,0.8112384259259259
G,Traffic Signals / Lighting,29.778,-95.545,5,0,1,3.4140046296296296
G,Traffic Signals / Lighting,29.782,-95.532,5,0,0,0.8305902777777778
G,Water,29.735,-95.466,5,1,0,0.08009259259259255
G,Water,29.735,-95.465,5,0,0,0.1137037037037037
G,Water,29.738,-95.612,5,0,1,0.2833564814814814
B,Water,29.962,-95.56,5,0,0,0.1110185185185185
B,Water,29.967,-95.296,5,0,0,0.694849537037037
D,Traffic Signals / Lighting,29.68,-95.393,5,0,0,0.0052430555555555
B,Water,29.843,-95.282,5,0,0,0.345625
B,Water,29.857,-95.444,5,1,0,2.6451504629629627
K,Road / Pothole / Bridge,29.662,-95.523,5,1,0,2.3783738425925924
K,Road / Pothole / Bridge,29.662,-95.473,5,0,0,7.995787037037037
K,Sewer / Wastewater,29.585,-95.519,5,0,0,0.740625
K,Sewer / Wastewater,29.606,-95.469,5,0,0,0.9767708333333334
K,Sewer / Wastewater,29.635,-95.442,5,2,0,0.0576273148148148
K,Solid Waste / Recycling,29.572,-95.514,5,0,3,27.75582175925926
J,Water,29.688,-95.567,5,1,0,0.0688078703703703
J,Water,29.691,-95.526,5,1,1,0.0283564814814814
B,Water,29.942,-95.44,5,0,0,0.0853356481481481
G,Water,29.741,-95.588,5,1,0,1.0187037037037037
G,Water,29.743,-95.585,5,0,0,1.1199537037037035
B,Solid Waste / Recycling,29.84,-95.297,5,0,2,6.091168981481482
B,Solid Waste / Recycling,29.84,-95.28,5,0,4,54.930167824074076
G,Water,29.743,-95.488,5,0,1,0.8347685185185185
G,Water,29.746,-95.488,5,0,1,2.474895833333333
B,Solid Waste / Recycling,29.837,-95.323,5,0,3,18.042696759259258
B,Solid Waste / Recycling,29.837,-95.283,5,2,1,7.322650462962963
B,Solid Waste / Recycling,29.838,-95.276,5,0,2,8.858229166666666
G,Traffic Signals / Lighting,29.756,-95.498,5,0,1,0.0012152777777777
G,Traffic Signals / Lighting,29.757,-95.477,5,2,0,10.844971064814814
B,Solid Waste / Recycling,29.841,-95.265,5,0,1,3.2831597222222224
B,Solid Waste / Recycling,29.843,-95.285,5,1,2,18.543373842592594
G,Water,29.751,-95.473,5,1,0,0.12754629629629624
G,Water,29.754,-95.608,5,2,0,0.6452314814814815
G,Water,29.755,-95.613,5,0,1,0.7874652777777778
D,Solid Waste / Recycling,29.739,-95.362,5,0,2,5.171944444444445
D,Solid Waste / Recycling,29.74,-95.369,5,1,2,24.044791666666665
C,Road / Pothole / Bridge,29.671,-95.462,5,0,1,1.9736921296296297
C,Road / Pothole / Bridge,29.682,-95.459,5,1,0,0.009346064814814752
D,Solid Waste / Recycling,29.742,-95.371,5,2,0,1.8244675925925928
D,Solid Waste / Recycling,29.742,-95.362,5,0,3,16.834664351851853
B,Solid Waste / Recycling,29.838,-95.261,5,1,2,15.086996527777778
G,Water,29.747,-95.607,5,0,1,0.0199537037037037
G,Water,29.747,-95.44,5,0,0,0.0396759259259259
J,Water,29.686,-95.568,5,2,0,0.1165509259259259
J,Water,29.686,-95.566,5,1,0,0.0768287037037037
A,Solid Waste / Recycling,29.813,-95.537,5,0,4,29.520011574074076
A,Solid Waste / Recycling,29.813,-95.53,5,0,4,49.8104050925926
A,Solid Waste / Recycling,29.797,-95.559,5,0,3,28.79265046296296
A,Solid Waste / Recycling,29.797,-95.478,5,0,2,7.019722222222223
A,Solid Waste / Recycling,29.798,-95.687,5,2,1,5.750555555555556
K,Solid Waste / Recycling,29.634,-95.496,5,0,1,30.811840277777776
K,Solid Waste / Recycling,29.634,-95.458,5,1,2,14.0425
K,Solid Waste / Recycling,29.634,-95.457,5,0,1,0.9634837962962964
K,Solid Waste / Recycling,29.634,-95.42,5,0,1,6.016006944444444
K,Solid Waste / Recycling,29.634,-95.417,5,0,1,5.259618055555555
D,Solid Waste / Recycling,29.736,-95.364,5,1,1,9.900405092592592
D,Solid Waste / Recycling,29.736,-95.359,5,0,2,3.157326388888889
J,Water,29.693,-95.553,5,0,1,0.1971064814814815
J,Water,29.703,-95.556,5,1,0,0.5170717592592592
J,Water,29.721,-95.491,5,0,0,0.8319097222222223
G,Water,29.75,-95.537,5,0,0,0.194849537037037
B,Solid Waste / Recycling,29.835,-95.326,5,2,2,48.74033564814815
G,Water,29.751,-95.55,5,0,0,0.2607754629629629
B,Solid Waste / Recycling,29.827,-95.281,5,0,1,3.4560185185185186
B,Solid Waste / Recycling,29.827,-95.279,5,3,1,36.3987962962963
B,Solid Waste / Recycling,29.83,-95.325,5,0,1,6.182204861111112
B,Solid Waste / Recycling,29.83,-95.304,5,0,2,11.378072916666667
B,Solid Waste / Recycling,29.832,-95.3,5,0,1,2.269716435185185
G,Water,29.757,-95.465,5,1,0,4.122106481481482
G,Water,29.757,-95.409,5,0,0,0.1703125
G,Water,29.76,-95.466,5,1,0,0.001875
G,Water,29.774,-95.621,5,0,0,0.8767476851851852
G,Water,29.784,-95.607,5,0,0,2.8890277777777778
D,Solid Waste / Recycling,29.734,-95.36,5,1,2,13.847054398148149
D,Solid Waste / Recycling,29.735,-95.363,5,0,0,3.016215277777778
C,Road / Pothole / Bridge,29.715,-95.413,5,1,2,17.418391203703703
C,Road / Pothole / Bridge,29.726,-95.419,5,0,1,0.9435590277777779
K,Solid Waste / Recycling,29.63,-95.42,5,0,1,7.537152777777778
K,Solid Waste / Recycling,29.631,-95.42,5,0,0,9.808206018518518
D,Solid Waste / Recycling,29.728,-95.358,5,0,1,3.679351851851852
D,Solid Waste / Recycling,29.729,-95.364,5,3,1,9.915017361111111
D,Solid Waste / Recycling,29.73,-95.377,5,1,2,32.96756944444444
D,Solid Waste / Recycling,29.731,-95.356,5,1,0,0.0036921296296296
D,Solid Waste / Recycling,29.733,-95.346,5,0,2,12.846875
H,Drainage / Flooding,29.748,-95.321,5,0,4,80.72853009259259
H,Drainage / Flooding,29.773,-95.377,5,0,0,3.8284722222222225
H,Drainage / Flooding,29.823,-95.415,5,1,0,3.642824074074074
B,Solid Waste / Recycling,29.824,-95.283,5,3,0,6.350792824074074
H,Sewer / Wastewater,29.754,-95.285,5,1,0,0.37028935185185186
H,Sewer / Wastewater,29.863,-95.371,5,0,0,0.1573842592592592
H,Sewer / Wastewater,29.864,-95.397,5,1,1,1.355034722222222
H,Solid Waste / Recycling,29.74,-95.321,5,0,0,7.737899305555556
H,Solid Waste / Recycling,29.743,-95.32,5,0,4,22.831064814814816
G,Water,29.755,-95.593,5,0,0,2.2013194444444446
G,Water,29.756,-95.544,5,1,0,0.0017013888888888
H,Solid Waste / Recycling,29.745,-95.33,5,1,3,15.554386574074076
H,Solid Waste / Recycling,29.745,-95.317,5,0,3,35.81868055555555
B,Solid Waste / Recycling,29.82,-95.282,5,0,1,14.860538194444445
H,Solid Waste / Recycling,29.748,-95.321,5,0,0,1.747824074074074
H,Solid Waste / Recycling,29.749,-95.34,5,1,1,4.760353009259259
B,Solid Waste / Recycling,29.81,-95.271,5,1,2,30.273836805555554
H,Solid Waste / Recycling,29.75,-95.329,5,0,0,0.0035300925925925
D,Solid Waste / Recycling,29.722,-95.381,5,0,2,6.842777777777778
C,Road / Pothole / Bridge,29.792,-95.446,5,0,0,0.4404282407407407
C,Road / Pothole / Bridge,29.804,-95.404,5,0,0,1.4376157407407408
D,Solid Waste / Recycling,29.725,-95.381,5,0,1,7.1778125
D,Solid Waste / Recycling,29.725,-95.374,5,1,1,7.554930555555555
D,Solid Waste / Recycling,29.725,-95.373,5,0,4,27.841608796296292
D,Solid Waste / Recycling,29.725,-95.353,5,2,2,40.92447916666666
D,Solid Waste / Recycling,29.726,-95.371,5,1,2,11.391325231481483
D,Solid Waste / Recycling,29.728,-95.371,5,1,1,6.5029108796296295
H,Solid Waste / Recycling,29.754,-95.341,5,0,2,8.9459375
H,Solid Waste / Recycling,29.754,-95.329,5,2,0,1.1333680555555556
H,Solid Waste / Recycling,29.756,-95.331,5,0,4,25.145509259259256
H,Solid Waste / Recycling,29.758,-95.345,5,0,0,8.162146990740741
H,Solid Waste / Recycling,29.758,-95.342,5,0,0,5.818738425925926
A,Solid Waste / Recycling,29.814,-95.537,5,1,2,14.395104166666666
A,Solid Waste / Recycling,29.814,-95.531,5,0,2,28.074641203703703
A,Solid Waste / Recycling,29.815,-95.548,5,1,1,10.356354166666668
A,Solid Waste / Recycling,29.815,-95.532,5,0,2,30.87997685185185
D,Solid Waste / Recycling,29.704,-95.355,5,0,1,6.43525462962963
D,Solid Waste / Recycling,29.706,-95.362,5,1,1,7.30083912037037
D,Solid Waste / Recycling,29.706,-95.348,5,0,2,10.887800925925925
D,Solid Waste / Recycling,29.716,-95.375,5,0,2,12.77008101851852
D,Solid Waste / Recycling,29.716,-95.352,5,1,1,1.3920138888888889
D,Solid Waste / Recycling,29.719,-95.356,5,2,2,19.934791666666666
H,Solid Waste / Recycling,29.743,-95.315,5,0,3,16.12146990740741
H,Solid Waste / Recycling,29.778,-95.36,5,1,1,22.569322916666664
H,Solid Waste / Recycling,29.778,-95.3,5,2,0,1.4683912037037037
H,Solid Waste / Recycling,29.78,-95.358,5,0,3,36.012442129629626
D,Solid Waste / Recycling,29.697,-95.363,5,0,1,8.547037037037036
D,Solid Waste / Recycling,29.697,-95.362,5,1,2,23.364392361111115
D,Solid Waste / Recycling,29.698,-95.371,5,0,1,7.503958333333333
D,Solid Waste / Recycling,29.701,-95.369,5,2,1,9.92324074074074
C,Sewer / Wastewater,29.805,-95.411,5,0,2,0.2415277777777777
C,Sewer / Wastewater,29.809,-95.404,5,0,0,0.642337962962963
D,Solid Waste / Recycling,29.704,-95.392,5,0,1,1.963136574074074
D,Solid Waste / Recycling,29.704,-95.364,5,1,2,10.695231481481482
J,Traffic Signals / Lighting,29.717,-95.468,5,2,1,11.945231481481482
H,Solid Waste / Recycling,29.764,-95.287,5,0,0,5.4222222222222225
H,Solid Waste / Recycling,29.773,-95.373,5,1,2,23.88123842592593
H,Solid Waste / Recycling,29.773,-95.293,5,1,2,68.4237326388889
H,Solid Waste / Recycling,29.753,-95.343,5,0,2,7.044293981481482
H,Solid Waste / Recycling,29.783,-95.308,5,0,3,17.078263888888888
H,Solid Waste / Recycling,29.784,-95.384,5,0,0,7.728726851851852
H,Solid Waste / Recycling,29.784,-95.372,5,1,2,21.86399305555556
H,Solid Waste / Recycling,29.784,-95.353,5,4,1,102.03537037037036
B,Solid Waste / Recycling,29.792,-95.337,5,1,3,30.72391203703704
D,Solid Waste / Recycling,29.689,-95.359,5,1,0,0.34536458333333336
D,Solid Waste / Recycling,29.689,-95.352,5,3,0,3.8269618055555554
D,Solid Waste / Recycling,29.689,-95.348,5,1,1,3.3641493055555554
C,Solid Waste / Recycling,29.669,-95.478,5,1,0,4.189097222222222
D,Solid Waste / Recycling,29.69,-95.358,5,1,2,47.89829861111111
D,Solid Waste / Recycling,29.694,-95.351,5,0,1,5.892013888888889
H,Solid Waste / Recycling,29.774,-95.358,5,1,1,7.207881944444445
H,Solid Waste / Recycling,29.775,-95.363,5,3,1,17.850943287037037
B,Solid Waste / Recycling,29.799,-95.31,5,0,2,5.731354166666667
B,Solid Waste / Recycling,29.803,-95.336,5,1,0,1.034224537037037
B,Solid Waste / Recycling,29.804,-95.334,5,1,1,7.81806712962963
A,Solid Waste / Recycling,29.816,-95.522,5,1,1,0.9278819444444445
A,Solid Waste / Recycling,29.816,-95.519,5,0,2,12.071724537037037
D,Solid Waste / Recycling,29.682,-95.377,5,1,1,9.35617476851852
D,Solid Waste / Recycling,29.684,-95.339,5,0,3,14.149201388888889
D,Solid Waste / Recycling,29.685,-95.368,5,0,2,6.988703703703703
C,Solid Waste / Recycling,29.672,-95.495,5,1,0,2.935769675925926
D,Solid Waste / Recycling,29.688,-95.37,5,2,2,18.945972222222224
D,Solid Waste / Recycling,29.688,-95.351,5,0,3,19.214259259259258
B,Solid Waste / Recycling,29.792,-95.292,5,1,1,4.46787037037037
H,Solid Waste / Recycling,29.785,-95.355,5,0,1,7.318078703703704
H,Solid Waste / Recycling,29.785,-95.354,5,0,0,7.324548611111111
H,Solid Waste / Recycling,29.786,-95.384,5,3,0,5.567511574074074
H,Solid Waste / Recycling,29.787,-95.377,5,0,1,11.704386574074077
H,Solid Waste / Recycling,29.787,-95.362,5,0,1,1.4334606481481482
H,Solid Waste / Recycling,29.787,-95.303,5,0,3,32.87052083333333
H,Solid Waste / Recycling,29.782,-95.379,5,0,2,23.06141203703704
B,Solid Waste / Recycling,29.788,-95.325,5,1,2,18.004710648148148
B,Solid Waste / Recycling,29.788,-95.322,5,2,2,40.79226851851852
D,Solid Waste / Recycling,29.674,-95.359,5,2,0,0.1622106481481481
D,Solid Waste / Recycling,29.675,-95.37,5,0,0,5.039317129629629
D,Solid Waste / Recycling,29.676,-95.368,5,0,1,11.850347222222222
C,Solid Waste / Recycling,29.672,-95.466,5,1,2,31.73960648148148
C,Solid Waste / Recycling,29.674,-95.502,5,3,1,20.921597222222225
C,Solid Waste / Recycling,29.675,-95.478,5,0,1,5.729409722222222
D,Solid Waste / Recycling,29.676,-95.358,5,0,3,28.986782407407407
D,Solid Waste / Recycling,29.677,-95.371,5,1,2,9.471290509259259
D,Solid Waste / Recycling,29.677,-95.335,5,0,1,2.937974537037037
D,Solid Waste / Recycling,29.679,-95.345,5,1,2,11.919236111111111
B,Solid Waste / Recycling,29.789,-95.322,5,0,1,6.216064814814815
B,Solid Waste / Recycling,29.79,-95.328,5,1,3,22.370752314814816
B,Solid Waste / Recycling,29.792,-95.341,5,2,2,33.888449074074074
H,Solid Waste / Recycling,29.792,-95.352,5,0,2,19.461846064814814
B,Solid Waste / Recycling,29.777,-95.337,5,1,0,6.108640046296296
D,Solid Waste / Recycling,29.668,-95.37,5,0,2,17.965995370370372
D,Solid Waste / Recycling,29.671,-95.367,5,0,4,17.806180555555557
C,Solid Waste / Recycling,29.679,-95.488,5,1,1,4.016423611111111
D,Solid Waste / Recycling,29.672,-95.371,5,0,0,0.0560648148148148
B,Solid Waste / Recycling,29.782,-95.332,5,0,2,3.218668981481481
B,Solid Waste / Recycling,29.782,-95.317,5,0,1,0.3691087962962963
B,Solid Waste / Recycling,29.782,-95.314,5,2,3,24.82328703703704
B,Solid Waste / Recycling,29.784,-95.343,5,2,0,3.8453530092592594
B,Solid Waste / Recycling,29.786,-95.344,5,2,2,15.056597222222225
H,Solid Waste / Recycling,29.8,-95.384,5,0,3,21.54825231481481
H,Solid Waste / Recycling,29.8,-95.368,5,0,2,34.61288194444444
J,Traffic Signals / Lighting,29.704,-95.556,5,0,0,0.0205787037037037
A,Solid Waste / Recycling,29.813,-95.521,5,0,3,17.81318287037037
A,Solid Waste / Recycling,29.813,-95.515,5,0,1,7.604583333333334
B,Solid Waste / Recycling,29.786,-95.338,5,1,2,28.67273148148148
D,Solid Waste / Recycling,29.662,-95.356,5,3,2,15.985295138888889
D,Solid Waste / Recycling,29.663,-95.354,5,1,1,6.9073321759259265
D,Solid Waste / Recycling,29.664,-95.368,5,0,4,26.84480324074074
D,Solid Waste / Recycling,29.664,-95.362,5,1,2,29.919050925925927
D,Solid Waste / Recycling,29.664,-95.354,5,0,2,11.091689814814815
C,Solid Waste / Recycling,29.683,-95.46,5,1,0,6.265162037037037
D,Solid Waste / Recycling,29.665,-95.328,5,0,2,13.695775462962963
D,Solid Waste / Recycling,29.666,-95.334,5,1,2,10.650324074074074
H,Solid Waste / Recycling,29.802,-95.379,5,2,1,12.97443287037037
H,Solid Waste / Recycling,29.803,-95.385,5,0,1,10.100092592592592
H,Solid Waste / Recycling,29.803,-95.371,5,1,2,16.54576388888889
H,Solid Waste / Recycling,29.804,-95.368,5,0,3,33.12371527777778
B,Solid Waste / Recycling,29.779,-95.329,5,0,1,7.237418981481481
B,Solid Waste / Recycling,29.78,-95.326,5,1,2,14.03587962962963
B,Solid Waste / Recycling,29.78,-95.314,5,1,4,28.01059027777778
H,Solid Waste / Recycling,29.807,-95.369,5,1,1,4.903616898148148
C,Solid Waste / Recycling,29.7,-95.445,5,0,3,32.93738425925926
C,Solid Waste / Recycling,29.703,-95.44,5,0,1,6.015347222222222
D,Solid Waste / Recycling,29.655,-95.351,5,1,2,30.247847222222223
D,Solid Waste / Recycling,29.66,-95.362,5,1,2,19.629855324074075
D,Solid Waste / Recycling,29.66,-95.357,5,0,1,3.172060185185185
D,Solid Waste / Recycling,29.66,-95.356,5,1,1,5.0333854166666665
C,Solid Waste / Recycling,29.696,-95.437,5,0,1,0.2330787037037037
D,Solid Waste / Recycling,29.661,-95.356,5,3,1,64.50131365740741
D,Solid Waste / Recycling,29.661,-95.335,5,3,0,1.5685416666666667
D,Solid Waste / Recycling,29.662,-95.36,5,1,1,6.974971064814815
B,Solid Waste / Recycling,29.777,-95.332,5,0,0,6.213900462962963
B,Solid Waste / Recycling,29.777,-95.322,5,0,1,7.585046296296296
B,Solid Waste / Recycling,29.778,-95.331,5,0,2,10.941921296296297
H,Solid Waste / Recycling,29.809,-95.389,5,1,3,70.07346064814814
H,Solid Waste / Recycling,29.809,-95.354,5,1,2,10.433883101851851
H,Solid Waste / Recycling,29.812,-95.371,5,3,0,9.778437499999999
H,Solid Waste / Recycling,29.821,-95.347,5,1,1,7.01730324074074
H,Solid Waste / Recycling,29.822,-95.401,5,1,2,13.628576388888888
H,Solid Waste / Recycling,29.822,-95.388,5,0,4,98.1275
H,Solid Waste / Recycling,29.823,-95.361,5,0,2,9.293217592592592
B,Solid Waste / Recycling,29.763,-95.278,5,1,2,13.349560185185183
C,Solid Waste / Recycling,29.723,-95.415,5,2,3,37.71344907407408
D,Solid Waste / Recycling,29.648,-95.342,5,1,4,24.90499421296296
D,Solid Waste / Recycling,29.65,-95.342,5,0,4,33.73539351851852
D,Solid Waste / Recycling,29.653,-95.354,5,1,0,1.7211689814814817
C,Solid Waste / Recycling,29.698,-95.426,5,2,1,1.1313657407407407
H,Solid Waste / Recycling,29.812,-95.352,5,1,2,24.482008101851854
B,Solid Waste / Recycling,29.775,-95.339,5,3,0,1.8577835648148149
H,Solid Waste / Recycling,29.815,-95.397,5,2,2,14.184467592592592
H,Solid Waste / Recycling,29.816,-95.397,5,0,3,24.113865740740742
H,Solid Waste / Recycling,29.817,-95.375,5,0,1,7.69193287037037
H,Solid Waste / Recycling,29.818,-95.385,5,0,1,0.9003587962962963
H,Solid Waste / Recycling,29.831,-95.401,5,2,2,19.150023148148147
J,Solid Waste / Recycling,29.729,-95.474,5,0,3,34.62070601851852
J,Solid Waste / Recycling,29.729,-95.473,5,0,0,7.085486111111111
A,Solid Waste / Recycling,29.818,-95.547,5,0,1,13.576840277777778
A,Solid Waste / Recycling,29.821,-95.555,5,0,3,50.770804398148144
K,Solid Waste / Recycling,29.641,-95.531,5,1,2,10.43579861111111
K,Solid Waste / Recycling,29.641,-95.491,5,1,4,69.80461226851853
K,Solid Waste / Recycling,29.642,-95.533,5,0,0,0.8288541666666667
K,Solid Waste / Recycling,29.643,-95.494,5,4,0,0.0010416666666666
K,Solid Waste / Recycling,29.645,-95.53,5,0,2,18.960578703703703
K,Solid Waste / Recycling,29.646,-95.552,5,0,0,0.3432175925925926
K,Solid Waste / Recycling,29.646,-95.514,5,1,1,0.0018287037037037
D,Solid Waste / Recycling,29.639,-95.404,5,0,1,2.3749421296296296
D,Solid Waste / Recycling,29.64,-95.359,5,0,1,0.7275752314814815
D,Solid Waste / Recycling,29.641,-95.364,5,2,0,1.3106828703703703
H,Solid Waste / Recycling,29.818,-95.342,5,1,2,17.509010416666666
B,Sewer / Wastewater,29.852,-95.302,5,1,0,1.4360300925925926
B,Sewer / Wastewater,29.873,-95.293,5,0,1,0.9054976851851853
B,Sewer / Wastewater,29.902,-95.296,5,1,1,0.1807638888888889
H,Solid Waste / Recycling,29.833,-95.414,5,0,2,13.807361111111112
H,Solid Waste / Recycling,29.834,-95.372,5,1,0,2.8857060185185186
H,Solid Waste / Recycling,29.835,-95.374,5,0,1,6.960850694444444
D,Solid Waste / Recycling,29.636,-95.35,5,1,0,5.571319444444445
D,Solid Waste / Recycling,29.637,-95.347,5,0,2,23.108802083333334
D,Solid Waste / Recycling,29.637,-95.344,5,0,2,2.13162037037037
K,Solid Waste / Recycling,29.634,-95.416,5,0,1,3.025659722222222
K,Solid Waste / Recycling,29.635,-95.413,5,0,0,7.569710648148148
K,Solid Waste / Recycling,29.636,-95.477,5,1,4,25.460931712962964
K,Solid Waste / Recycling,29.637,-95.477,5,1,0,3.889444444444445
K,Solid Waste / Recycling,29.637,-95.452,5,0,2,20.68412037037037
H,Solid Waste / Recycling,29.827,-95.392,5,1,1,16.583495370370372
H,Solid Waste / Recycling,29.829,-95.358,5,1,0,7.616221064814814
H,Solid Waste / Recycling,29.844,-95.331,5,0,1,5.316545138888889
H,Solid Waste / Recycling,29.846,-95.403,5,1,3,52.82415509259259
H,Solid Waste / Recycling,29.846,-95.386,5,0,1,10.964386574074076
H,Solid Waste / Recycling,29.848,-95.382,5,0,2,12.972453703703705
H,Solid Waste / Recycling,29.848,-95.38,5,0,2,6.946493055555556
H,Solid Waste / Recycling,29.85,-95.324,5,0,1,6.108831018518519
D,Solid Waste / Recycling,29.625,-95.35,5,1,3,43.09854166666666
D,Solid Waste / Recycling,29.627,-95.382,5,0,3,26.928668981481483
C,Solid Waste / Recycling,29.732,-95.404,5,1,2,9.618981481481482
C,Solid Waste / Recycling,29.733,-95.407,5,0,2,7.546053240740741
D,Solid Waste / Recycling,29.629,-95.334,5,0,3,42.366875
D,Solid Waste / Recycling,29.635,-95.354,5,0,1,0.2836111111111111
D,Solid Waste / Recycling,29.636,-95.362,5,0,3,63.90765046296296
J,Solid Waste / Recycling,29.736,-95.483,5,0,2,3.9957291666666666
J,Solid Waste / Recycling,29.736,-95.47,5,2,0,7.059548611111111
J,Traffic Signals / Lighting,29.656,-95.542,5,0,0,0.028761574074074
K,Solid Waste / Recycling,29.65,-95.504,5,3,0,9.810399305555555
K,Solid Waste / Recycling,29.652,-95.51,5,0,1,0.0254050925925925
K,Solid Waste / Recycling,29.652,-95.488,5,1,2,14.494224537037038
D,Solid Waste / Recycling,29.617,-95.407,5,2,0,2.2388194444444443
D,Solid Waste / Recycling,29.619,-95.41,5,0,2,6.973217592592593
C,Solid Waste / Recycling,29.733,-95.397,5,0,3,20.00068287037037
D,Solid Waste / Recycling,29.621,-95.36,5,2,1,2.686712962962963
D,Solid Waste / Recycling,29.621,-95.345,5,0,2,13.074346064814817
D,Solid Waste / Recycling,29.622,-95.342,5,0,1,2.037986111111111
H,Solid Waste / Recycling,29.835,-95.347,5,0,0,1.2552083333333333
H,Solid Waste / Recycling,29.836,-95.391,5,2,1,0.0460879629629629
H,Solid Waste / Recycling,29.837,-95.381,5,0,1,2.77037037037037
H,Solid Waste / Recycling,29.84,-95.341,5,0,0,1.2718402777777778
B,Sewer / Wastewater,29.784,-95.329,5,1,1,8.39009837962963
B,Sewer / Wastewater,29.844,-95.313,5,0,0,1.6557523148148148
H,Solid Waste / Recycling,29.842,-95.374,5,1,1,7.39826388888889
A,Solid Waste / Recycling,29.793,-95.53,5,1,1,6.663836805555556
A,Solid Waste / Recycling,29.793,-95.465,5,0,1,4.4682002314814815
A,Solid Waste / Recycling,29.794,-95.531,5,2,0,7.602708333333333
K,Solid Waste / Recycling,29.65,-95.505,5,2,0,0.2605902777777777
H,Solid Waste / Recycling,29.874,-95.383,5,3,0,6.811568287037037
H,Solid Waste / Recycling,29.888,-95.409,5,2,0,4.089340277777778
H,Solid Waste / Recycling,29.894,-95.411,5,1,2,12.4146875
H,Solid Waste / Recycling,29.902,-95.411,5,3,1,9.260677083333333
H,Traffic Signals / Lighting,29.751,-95.335,5,0,0,2.538292824074074
A,Solid Waste / Recycling,29.822,-95.499,5,1,0,1.0910300925925926
H,Solid Waste / Recycling,29.854,-95.368,5,3,1,14.23741898148148
H,Solid Waste / Recycling,29.854,-95.367,5,2,0,2.5680092592592594
B,Road / Pothole / Bridge,30.01,-95.364,5,0,0,4.635740740740741
B,Sewer / Wastewater,29.766,-95.273,5,0,1,0.6284143518518519
H,Solid Waste / Recycling,29.864,-95.37,5,1,2,12.136128472222222
B,Road / Pothole / Bridge,29.875,-95.441,5,0,0,2.7187847222222223
J,Solid Waste / Recycling,29.724,-95.484,5,0,1,5.954988425925926
J,Solid Waste / Recycling,29.727,-95.471,5,0,1,5.435659722222223
H,Traffic Signals / Lighting,29.766,-95.379,5,1,2,15.197366898148147
H,Traffic Signals / Lighting,29.773,-95.307,5,1,0,1.2309259259259258
B,Road / Pothole / Bridge,29.836,-95.254,5,0,2,31.76738425925926
H,Traffic Signals / Lighting,29.783,-95.365,5,0,0,0.1007175925925926
H,Traffic Signals / Lighting,29.785,-95.361,5,0,1,8.269346064814815
D,Solid Waste / Recycling,29.605,-95.309,5,0,1,4.283125
D,Solid Waste / Recycling,29.609,-95.33,5,0,1,4.304224537037037
D,Solid Waste / Recycling,29.61,-95.232,5,0,2,9.990671296296297
D,Solid Waste / Recycling,29.611,-95.346,5,0,1,36.40677662037037
C,Solid Waste / Recycling,29.736,-95.405,5,0,3,20.24269675925926
C,Solid Waste / Recycling,29.736,-95.403,5,0,2,12.668912037037035
C,Solid Waste / Recycling,29.736,-95.395,5,1,1,3.946851851851852
C,Solid Waste / Recycling,29.737,-95.424,5,0,1,5.909340277777778
C,Solid Waste / Recycling,29.737,-95.423,5,0,1,12.046863425925926
H,Traffic Signals / Lighting,29.828,-95.376,5,1,0,4.968472222222222
B,Road / Pothole / Bridge,29.767,-95.343,5,1,1,3.252326388888889
H,Traffic Signals / Lighting,29.844,-95.403,5,0,0,5.703645833333334
H,Traffic Signals / Lighting,29.849,-95.334,5,1,0,2.5701736111111115
H,Traffic Signals / Lighting,29.851,-95.412,5,0,0,0.0009837962962962
H,Traffic Signals / Lighting,29.87,-95.369,5,0,0,1.7107118055555555
C,Solid Waste / Recycling,29.741,-95.407,5,0,2,11.083460648148147
D,Sewer / Wastewater,29.658,-95.35,5,0,0,0.0012905092592592
D,Sewer / Wastewater,29.66,-95.365,5,0,0,0.7245601851851852
D,Sewer / Wastewater,29.682,-95.355,5,1,0,0.0637384259259259
D,Sewer / Wastewater,29.703,-95.331,5,0,1,0.6262962962962964
D,Sewer / Wastewater,29.716,-95.344,5,1,1,6.462899305555555
D,Sewer / Wastewater,29.738,-95.38,5,1,0,0.9267766203703703
D,Solid Waste / Recycling,29.588,-95.231,5,0,2,1.6741666666666666
C,Solid Waste / Recycling,29.738,-95.404,5,0,1,5.607951388888889
J,Solid Waste / Recycling,29.712,-95.536,5,0,1,0.8687615740740741
H,Water,29.773,-95.298,5,0,0,0.1357175925925925
J,Solid Waste / Recycling,29.681,-95.567,5,0,0,5.611157407407408
J,Solid Waste / Recycling,29.69,-95.522,5,1,0,0.6862268518518518
J,Solid Waste / Recycling,29.692,-95.503,5,0,1,4.054571759259259
C,Water,29.81,-95.436,5,0,0,0.0021643518518518
C,Water,29.81,-95.403,5,0,0,0.1141782407407407
C,Solid Waste / Recycling,29.741,-95.394,5,1,2,15.093842592592592
C,Solid Waste / Recycling,29.742,-95.401,5,3,0,7.122262731481481
C,Water,29.812,-95.401,5,1,0,0.10247685185185179
C,Water,29.826,-95.45,5,0,0,0.2586805555555556
D,Road / Pothole / Bridge,29.651,-95.338,5,0,0,0.2266782407407407
D,Road / Pothole / Bridge,29.714,-95.381,5,0,1,0.8491666666666666
D,Road / Pothole / Bridge,29.724,-95.39,5,1,0,0.95
H,Traffic Signals / Lighting,29.793,-95.351,5,2,0,0.9287731481481482
H,Traffic Signals / Lighting,29.802,-95.34,5,0,0,0.7358912037037038
H,Traffic Signals / Lighting,29.807,-95.344,5,0,0,0.7881712962962963
J,Solid Waste / Recycling,29.697,-95.522,5,2,1,11.700844907407408
J,Solid Waste / Recycling,29.7,-95.479,5,1,2,32.125590277777775
J,Solid Waste / Recycling,29.7,-95.475,5,0,2,5.122835648148148
H,Water,29.819,-95.388,5,0,1,1.907974537037037
B,Drainage / Flooding,29.778,-95.346,5,0,2,61.00247685185185
C,Water,29.781,-95.427,5,0,0,1.1164699074074074
C,Water,29.792,-95.404,5,0,0,0.1677430555555555
C,Solid Waste / Recycling,29.743,-95.39,5,2,1,11.678182870370373
C,Solid Waste / Recycling,29.744,-95.399,5,0,2,13.13787037037037
C,Solid Waste / Recycling,29.744,-95.395,5,0,1,8.352546296296296
C,Water,29.795,-95.402,5,0,0,0.2459027777777777
C,Water,29.802,-95.413,5,0,1,0.0858912037037037
C,Water,29.808,-95.417,5,0,0,0.1684606481481481
B,Drainage / Flooding,29.888,-95.296,5,0,0,0.0035648148148148
H,Water,29.772,-95.376,5,4,0,0.0007754629629629
H,Water,29.772,-95.352,5,0,1,0.1763541666666666
I,Road / Pothole / Bridge,29.683,-95.306,5,1,0,1.030011574074074
A,Water,29.837,-95.549,5,1,0,3.875978009259259
A,Water,29.849,-95.476,5,0,0,0.0729166666666666
A,Water,29.851,-95.472,5,0,0,0.3626736111111111
I,Road / Pothole / Bridge,29.7,-95.284,5,0,2,0.8544328703703704
I,Road / Pothole / Bridge,29.715,-95.315,5,0,0,0.4318171296296296
I,Road / Pothole / Bridge,29.729,-95.336,5,1,2,21.054473379629627
C,Water,29.764,-95.42,5,1,2,18.206041666666668
C,Solid Waste / Recycling,29.746,-95.409,5,0,2,13.791608796296297
C,Solid Waste / Recycling,29.746,-95.402,5,0,1,4.9103125
C,Solid Waste / Recycling,29.746,-95.392,5,0,1,7.47005787037037
C,Water,29.771,-95.4,5,1,0,0.9182175925925926
C,Water,29.772,-95.406,5,0,0,0.0747106481481481
C,Water,29.775,-95.422,5,0,0,1.1044675925925926
A,Solid Waste / Recycling,29.824,-95.502,5,0,3,14.802905092592592
J,Solid Waste / Recycling,29.696,-95.536,5,0,0,5.045555555555556
A,Water,29.833,-95.488,5,0,0,0.1129050925925926
I,Sewer / Wastewater,29.719,-95.282,5,0,0,1.042025462962963
I,Sewer / Wastewater,29.748,-95.305,5,1,1,0.8631481481481482
I,Solid Waste / Recycling,29.604,-95.253,5,1,1,6.9669791666666665
A,Solid Waste / Recycling,29.793,-95.537,5,1,1,9.08832175925926
K,Solid Waste / Recycling,29.657,-95.451,5,1,2,21.504351851851858
K,Solid Waste / Recycling,29.658,-95.489,5,0,1,1.5204976851851852
K,Solid Waste / Recycling,29.658,-95.459,5,0,1,3.223101851851852
C,Water,29.742,-95.388,5,0,0,0.0441898148148148
C,Water,29.744,-95.386,5,0,0,0.0321296296296296
C,Water,29.748,-95.41,5,0,0,0.2330324074074074
C,Water,29.752,-95.392,5,0,0,0.2731597222222222
C,Water,29.754,-95.395,5,0,0,0.7723611111111112
C,Water,29.755,-95.389,5,1,0,0.7058854166666666
I,Drainage / Flooding,29.731,-95.294,5,1,3,63.81583333333333
I,Road / Pothole / Bridge,29.653,-95.264,5,0,0,1.030763888888889
I,Solid Waste / Recycling,29.642,-95.258,5,0,1,7.003807870370371
I,Solid Waste / Recycling,29.664,-95.279,5,1,2,26.69389467592593
I,Solid Waste / Recycling,29.666,-95.309,5,2,1,11.668796296296296
C,Water,29.735,-95.39,5,0,0,0.0928819444444444
C,Water,29.736,-95.414,5,0,1,0.47844328703703703
C,Water,29.738,-95.415,5,1,0,0.6631307870370371
C,Water,29.739,-95.413,5,1,0,1.1004224537037037
C,Water,29.742,-95.414,5,0,0,1.3349652777777778
K,Solid Waste / Recycling,29.653,-95.518,5,0,0,0.5289236111111111
K,Solid Waste / Recycling,29.653,-95.486,5,0,2,4.858402777777778
K,Solid Waste / Recycling,29.657,-95.494,5,1,1,5.095555555555555
I,Road / Pothole / Bridge,29.795,-95.246,5,0,1,7.673721064814815
I,Sewer / Wastewater,29.666,-95.309,5,0,0,3.27130787037037
A,Water,29.807,-95.505,5,0,0,0.7385648148148148
A,Water,29.807,-95.463,5,1,1,0.1248726851851851
A,Water,29.815,-95.446,5,0,0,0.5109375
I,Solid Waste / Recycling,29.686,-95.3,5,0,2,8.243599537037037
I,Solid Waste / Recycling,29.694,-95.279,5,1,1,1.0098842592592592
I,Solid Waste / Recycling,29.696,-95.311,5,2,1,8.960555555555555
I,Solid Waste / Recycling,29.698,-95.273,5,2,3,18.92859953703704
C,Solid Waste / Recycling,29.749,-95.39,5,0,2,16.22703125
C,Solid Waste / Recycling,29.749,-95.388,5,0,1,7.67244212962963
C,Solid Waste / Recycling,29.75,-95.407,5,1,1,6.273767361111111
C,Solid Waste / Recycling,29.75,-95.405,5,0,1,3.581585648148148
C,Solid Waste / Recycling,29.747,-95.383,5,1,2,27.38810185185185
C,Solid Waste / Recycling,29.748,-95.401,5,1,3,30.133559027777775
I,Solid Waste / Recycling,29.61,-95.242,5,1,0,5.171186342592593
I,Solid Waste / Recycling,29.628,-95.214,5,1,0,5.358940972222222
I,Solid Waste / Recycling,29.633,-95.215,5,0,0,7.97605324074074
A,Water,29.792,-95.46,5,2,0,0.4583333333333333
I,Solid Waste / Recycling,29.638,-95.255,5,0,3,26.745798611111116
I,Solid Waste / Recycling,29.64,-95.252,5,0,1,5.940648148148148
A,Traffic Signals / Lighting,29.812,-95.474,5,0,1,2.00556712962963
K,Solid Waste / Recycling,29.666,-95.481,5,0,0,7.113680555555556
K,Solid Waste / Recycling,29.671,-95.458,5,1,0,1.0118923611111112
K,Solid Waste / Recycling,29.677,-95.435,5,0,2,10.081388888888888
K,Solid Waste / Recycling,29.678,-95.437,5,2,1,6.878113425925926
K,Solid Waste / Recycling,29.681,-95.434,5,0,1,6.909907407407408
C,Solid Waste / Recycling,29.75,-95.394,5,1,0,5.897042824074074
C,Traffic Signals / Lighting,29.808,-95.408,5,0,0,2.712951388888889
C,Traffic Signals / Lighting,29.817,-95.444,5,2,0,0.5974884259259259
C,Water,29.691,-95.439,5,0,1,0.1760532407407407
C,Solid Waste / Recycling,29.749,-95.405,5,0,0,1.3206539351851851
I,Solid Waste / Recycling,29.667,-95.286,5,4,0,12.729618055555555
I,Solid Waste / Recycling,29.676,-95.263,5,1,1,11.092974537037035
A,Traffic Signals / Lighting,29.863,-95.459,5,1,0,0.2913657407407407
A,Water,29.787,-95.58,5,1,0,0.10425925925925919
I,Solid Waste / Recycling,29.683,-95.286,5,1,2,13.727795138888887
A,Solid Waste / Recycling,29.826,-95.554,5,0,4,25.405202546296294
C,Traffic Signals / Lighting,29.802,-95.438,5,0,0,4.332094907407408
K,Solid Waste / Recycling,29.659,-95.461,5,1,1,3.2844618055555554
K,Solid Waste / Recycling,29.66,-95.5,5,1,0,5.301805555555555
K,Solid Waste / Recycling,29.664,-95.494,5,1,1,0.5033564814814815
A,Solid Waste / Recycling,29.789,-95.537,5,1,2,19.81144675925926
A,Solid Waste / Recycling,29.789,-95.529,5,0,1,3.5543055555555565
A,Solid Waste / Recycling,29.789,-95.518,5,0,0,6.972858796296296
I,Solid Waste / Recycling,29.707,-95.285,5,0,3,18.15868055555556
A,Traffic Signals / Lighting,29.832,-95.564,5,1,0,2.3001851851851853
A,Traffic Signals / Lighting,29.841,-95.473,5,1,0,0.35471643518518514
I,Solid Waste / Recycling,29.71,-95.325,5,0,2,8.891886574074075
I,Solid Waste / Recycling,29.712,-95.319,5,0,0,7.847453703703704
I,Solid Waste / Recycling,29.714,-95.319,5,0,1,3.7815451388888888
I,Solid Waste / Recycling,29.719,-95.31,5,1,2,8.927037037037037
I,Solid Waste / Recycling,29.72,-95.317,5,2,3,37.76328703703704
A,Traffic Signals / Lighting,29.803,-95.468,5,2,1,2.3160300925925927
I,Solid Waste / Recycling,29.731,-95.329,5,0,2,6.166516203703703
C,Solid Waste / Recycling,29.752,-95.385,5,3,0,6.192390046296296
C,Solid Waste / Recycling,29.754,-95.394,5,1,2,31.559479166666662
C,Solid Waste / Recycling,29.755,-95.402,5,0,1,3.391377314814815
C,Solid Waste / Recycling,29.755,-95.401,5,2,1,2.727002314814815
C,Solid Waste / Recycling,29.755,-95.397,5,0,0,6.316365740740741
C,Traffic Signals / Lighting,29.758,-95.399,5,0,1,2.594606481481481
C,Traffic Signals / Lighting,29.771,-95.399,5,0,1,2.955914351851852
C,Solid Waste / Recycling,29.751,-95.391,5,0,3,27.372291666666666
I,Solid Waste / Recycling,29.721,-95.294,5,2,0,1.0036574074074074
I,Solid Waste / Recycling,29.723,-95.303,5,0,4,32.843275462962964
I,Solid Waste / Recycling,29.724,-95.309,5,0,0,2.7088657407407406
I,Solid Waste / Recycling,29.728,-95.288,5,0,1,2.766828703703704
I,Water,29.82,-95.207,5,0,0,0.2140625
I,Water,29.822,-95.207,5,0,0,0.1234317129629629
A,Traffic Signals / Lighting,29.791,-95.564,5,1,0,0.1051099537037037
A,Traffic Signals / Lighting,29.791,-95.559,5,2,2,15.715960648148148
K,Traffic Signals / Lighting,29.634,-95.508,5,0,0,0.0013368055555555
K,Traffic Signals / Lighting,29.635,-95.508,5,0,0,0.2362962962962963
K,Traffic Signals / Lighting,29.645,-95.482,5,1,0,2.2969965277777775
C,Solid Waste / Recycling,29.755,-95.394,5,0,0,5.010219907407407
C,Solid Waste / Recycling,29.755,-95.387,5,0,2,10.559756944444445
C,Solid Waste / Recycling,29.755,-95.382,5,1,0,2.787638888888889
C,Traffic Signals / Lighting,29.745,-95.392,5,0,0,0.0776157407407407
A,Solid Waste / Recycling,29.827,-95.513,5,0,2,13.534797453703701
J,Road / Pothole / Bridge,29.663,-95.545,5,0,0,2.3423784722222223
J,Road / Pothole / Bridge,29.717,-95.485,5,1,1,4.906331018518519
J,Solid Waste / Recycling,29.66,-95.533,5,0,1,5.028773148148148
J,Solid Waste / Recycling,29.662,-95.542,5,0,0,0.5330439814814815
J,Solid Waste / Recycling,29.666,-95.541,5,2,1,10.448917824074073
A,Traffic Signals / Lighting,29.803,-95.475,5,0,0,1.1643576388888888
C,Traffic Signals / Lighting,29.688,-95.492,5,1,0,0.007511574074074051
C,Traffic Signals / Lighting,29.717,-95.415,5,0,0,4.845868055555556
C,Traffic Signals / Lighting,29.723,-95.438,5,0,0,0.00790509259259255
K,Solid Waste / Recycling,29.683,-95.438,5,0,3,26.938842592592597
K,Solid Waste / Recycling,29.69,-95.423,5,0,2,29.721840277777776
A,Sewer / Wastewater,29.847,-95.538,5,1,0,0.0863425925925926
A,Sewer / Wastewater,29.847,-95.465,5,0,1,6.06015625
A,Solid Waste / Recycling,29.882,-95.502,5,1,2,14.224843750000002
I,Solid Waste / Recycling,29.737,-95.327,5,1,1,6.923402777777778
I,Solid Waste / Recycling,29.737,-95.325,5,0,1,7.133188657407407
I,Solid Waste / Recycling,29.738,-95.262,5,1,0,0.9178703703703702
I,Solid Waste / Recycling,29.739,-95.343,5,0,2,7.823333333333333
I,Solid Waste / Recycling,29.731,-95.322,5,1,3,32.335821759259254
I,Solid Waste / Recycling,29.732,-95.295,5,0,2,13.441047453703703
I,Solid Waste / Recycling,29.734,-95.338,5,0,1,4.401840277777778
A,Traffic Signals / Lighting,29.786,-95.562,5,0,0,4.750046296296296
K,Traffic Signals / Lighting,29.682,-95.412,5,1,0,0.5097627314814814
C,Solid Waste / Recycling,29.758,-95.399,5,1,1,8.420208333333333
C,Solid Waste / Recycling,29.759,-95.388,5,1,2,11.490052083333333
A,Solid Waste / Recycling,29.872,-95.501,5,0,4,72.17398726851853
I,Solid Waste / Recycling,29.743,-95.353,5,0,2,10.198912037037037
I,Solid Waste / Recycling,29.743,-95.309,5,1,1,8.452228009259258
I,Solid Waste / Recycling,29.743,-95.255,5,0,0,5.113946759259259
I,Water,29.795,-95.265,5,0,0,1.082199074074074
A,Solid Waste / Recycling,29.828,-95.525,5,0,2,11.738721064814815
A,Solid Waste / Recycling,29.88,-95.46,5,1,1,0.5175925925925926
I,Solid Waste / Recycling,29.739,-95.323,5,0,1,5.032633101851852
I,Solid Waste / Recycling,29.74,-95.344,5,0,1,4.858171296296296
I,Solid Waste / Recycling,29.74,-95.343,5,0,0,4.398298611111112
I,Solid Waste / Recycling,29.74,-95.29,5,0,1,1.828275462962963
I,Solid Waste / Recycling,29.741,-95.337,5,0,2,4.394050925925926
I,Solid Waste / Recycling,29.741,-95.333,5,1,1,5.285954861111111
A,Solid Waste / Recycling,29.829,-95.486,5,2,1,5.903842592592593
I,Water,29.814,-95.207,5,0,0,0.1890509259259259
I,Water,29.814,-95.203,5,1,0,0.4092592592592592
I,Water,29.82,-95.213,5,0,0,0.1361111111111111
I,Solid Waste / Recycling,29.744,-95.338,5,4,0,4.430983796296296
I,Solid Waste / Recycling,29.744,-95.3,5,0,0,6.59125
I,Solid Waste / Recycling,29.744,-95.268,5,1,1,6.778836805555556
I,Solid Waste / Recycling,29.745,-95.345,5,0,3,43.78145833333333
I,Solid Waste / Recycling,29.745,-95.257,5,1,3,29.966278935185183
C,Solid Waste / Recycling,29.839,-95.438,5,0,2,21.460451388888888
C,Solid Waste / Recycling,29.842,-95.469,5,1,0,0.0024305555555555
C,Solid Waste / Recycling,29.842,-95.456,5,1,3,127.00656828703703
C,Traffic Signals / Lighting,29.678,-95.493,5,0,0,1.0409143518518518
K,Traffic Signals / Lighting,29.656,-95.508,5,0,0,1.0585185185185184
K,Traffic Signals / Lighting,29.657,-95.501,5,1,0,0.8816724537037037
K,Traffic Signals / Lighting,29.657,-95.492,5,0,1,1.2255150462962963
I,Solid Waste / Recycling,29.779,-95.242,5,0,1,12.05667824074074
I,Solid Waste / Recycling,29.779,-95.238,5,0,1,7.974722222222222
C,Solid Waste / Recycling,29.766,-95.405,5,1,2,20.900902777777777
C,Solid Waste / Recycling,29.766,-95.404,5,0,4,86.12998842592593
C,Solid Waste / Recycling,29.767,-95.407,5,2,3,33.57130787037037
C,Solid Waste / Recycling,29.768,-95.416,5,2,1,6.4375
C,Solid Waste / Recycling,29.836,-95.44,5,1,0,6.968263888888888
C,Solid Waste / Recycling,29.837,-95.471,5,1,2,57.90380208333334
C,Solid Waste / Recycling,29.837,-95.45,5,1,2,23.462482638888886
C,Solid Waste / Recycling,29.838,-95.44,5,0,1,7.847361111111111
C,Solid Waste / Recycling,29.839,-95.465,5,0,3,14.053530092592592
C,Solid Waste / Recycling,29.765,-95.419,5,0,2,1.3459837962962964
C,Solid Waste / Recycling,29.766,-95.417,5,0,2,4.462002314814815
C,Solid Waste / Recycling,29.766,-95.416,5,4,1,33.20885416666667
C,Solid Waste / Recycling,29.766,-95.414,5,1,3,24.930040509259257
A,Solid Waste / Recycling,29.828,-95.521,5,1,3,15.445306712962964
I,Solid Waste / Recycling,29.822,-95.205,5,0,2,7.777719907407407
C,Solid Waste / Recycling,29.769,-95.403,5,2,2,14.524583333333334
C,Solid Waste / Recycling,29.771,-95.415,5,1,2,15.936076388888889
C,Solid Waste / Recycling,29.827,-95.443,5,0,0,8.170387731481481
C,Solid Waste / Recycling,29.827,-95.442,5,1,2,45.99212384259259
C,Solid Waste / Recycling,29.828,-95.451,5,1,1,7.106574074074074
C,Solid Waste / Recycling,29.83,-95.445,5,0,2,11.835949074074074
C,Solid Waste / Recycling,29.832,-95.435,5,0,1,7.866076388888889
C,Solid Waste / Recycling,29.834,-95.47,5,0,1,7.482268518518518
C,Solid Waste / Recycling,29.835,-95.436,5,1,0,4.80703125
I,Solid Waste / Recycling,29.747,-95.298,5,0,1,4.955925925925926
I,Solid Waste / Recycling,29.749,-95.358,5,1,1,5.43505787037037
A,Solid Waste / Recycling,29.857,-95.532,5,0,2,13.273171296296297
A,Solid Waste / Recycling,29.858,-95.467,5,1,2,21.84496527777778
I,Solid Waste / Recycling,29.777,-95.228,5,0,4,33.0255787037037
I,Solid Waste / Recycling,29.778,-95.228,5,0,1,7.767835648148148
A,Solid Waste / Recycling,29.844,-95.466,5,1,1,9.806197916666667
A,Solid Waste / Recycling,29.846,-95.54,5,3,1,12.94565972222222
I,Traffic Signals / Lighting,29.737,-95.306,5,0,0,0.1621412037037037
C,Solid Waste / Recycling,29.813,-95.437,5,0,0,5.979224537037037
C,Solid Waste / Recycling,29.772,-95.428,5,3,0,3.699872685185185
C,Solid Waste / Recycling,29.772,-95.419,5,1,0,0.3143576388888889
C,Solid Waste / Recycling,29.773,-95.419,5,1,1,2.6621354166666666
C,Solid Waste / Recycling,29.819,-95.426,5,1,1,7.776539351851852
C,Solid Waste / Recycling,29.823,-95.424,5,1,0,5.562378472222222
C,Solid Waste / Recycling,29.826,-95.464,5,0,1,1.015625
C,Solid Waste / Recycling,29.827,-95.453,5,0,1,6.044386574074074
I,Solid Waste / Recycling,29.785,-95.225,5,2,1,3.702083333333333
I,Solid Waste / Recycling,29.796,-95.218,5,0,0,8.327824074074075
I,Solid Waste / Recycling,29.805,-95.239,5,0,0,6.0006712962962965
I,Solid Waste / Recycling,29.808,-95.235,5,0,1,6.0103587962962965
A,Solid Waste / Recycling,29.85,-95.519,5,0,0,7.588958333333333
A,Solid Waste / Recycling,29.844,-95.544,5,0,4,14.89917824074074
I,Traffic Signals / Lighting,29.739,-95.327,5,3,0,5.2958333333333325
I,Traffic Signals / Lighting,29.745,-95.303,5,0,0,0.6821527777777778
I,Traffic Signals / Lighting,29.754,-95.35,5,3,0,0.15061342592592586
I,Water,29.726,-95.331,5,0,0,1.5347685185185185
I,Water,29.733,-95.295,5,1,0,0.7843055555555556
A,Solid Waste / Recycling,29.83,-95.533,5,1,2,23.963703703703704
C,Solid Waste / Recycling,29.806,-95.424,5,3,2,26.74332175925926
C,Solid Waste / Recycling,29.807,-95.429,5,1,1,7.865925925925925
C,Solid Waste / Recycling,29.774,-95.423,5,2,1,7.799085648148148
C,Solid Waste / Recycling,29.774,-95.422,5,2,0,7.512905092592592
C,Solid Waste / Recycling,29.808,-95.401,5,3,0,4.27958912037037
C,Solid Waste / Recycling,29.81,-95.413,5,1,0,8.483292824074073
C,Solid Waste / Recycling,29.811,-95.396,5,1,1,3.793923611111111
C,Solid Waste / Recycling,29.812,-95.401,5,2,1,14.138420138888888
I,Traffic Signals / Lighting,29.67,-95.26,5,0,0,1.0366377314814814
K,Water,29.653,-95.512,5,0,2,0.024224537037037
C,Solid Waste / Recycling,29.798,-95.409,5,1,2,17.35181134259259
C,Solid Waste / Recycling,29.8,-95.444,5,0,5,16.479074074074074
C,Solid Waste / Recycling,29.8,-95.421,5,0,4,108.94756944444444
K,Water,29.588,-95.465,5,0,0,0.8816203703703703
I,Traffic Signals / Lighting,29.761,-95.37,5,0,0,0.7105324074074074
I,Traffic Signals / Lighting,29.787,-95.219,5,0,0,0.1427546296296296
I,Water,29.612,-95.26,5,0,0,0.0267129629629629
I,Water,29.613,-95.257,5,0,0,0.178136574074074
C,Solid Waste / Recycling,29.781,-95.4,5,0,2,7.052222222222222
C,Solid Waste / Recycling,29.782,-95.427,5,2,1,14.792199074074075
C,Solid Waste / Recycling,29.794,-95.435,5,0,2,14.886006944444444
C,Solid Waste / Recycling,29.795,-95.4,5,1,1,4.496232638888889
A,Solid Waste / Recycling,29.831,-95.529,5,0,5,91.72756944444444
I,Water,29.738,-95.324,5,0,0,0.5848611111111112
I,Water,29.738,-95.297,5,1,0,0.0035416666666666
B,Solid Waste / Recycling,29.87,-95.311,5,1,3,15.558952546296297
+,Road / Pothole / Bridge,29.725,-95.42,5,1,0,1.0475925925925926
K,Water,29.682,-95.4,5,0,1,0.1984143518518518
C,Solid Waste / Recycling,29.784,-95.4,5,1,0,5.087476851851852
C,Solid Waste / Recycling,29.785,-95.408,5,0,1,3.3016666666666667
C,Solid Waste / Recycling,29.786,-95.405,5,0,0,2.245972222222222
C,Solid Waste / Recycling,29.786,-95.402,5,0,0,3.336493055555556
C,Solid Waste / Recycling,29.789,-95.405,5,1,2,19.18919560185185
C,Solid Waste / Recycling,29.779,-95.408,5,0,4,14.954386574074077
C,Solid Waste / Recycling,29.78,-95.413,5,1,2,18.406701388888887
C,Solid Waste / Recycling,29.796,-95.429,5,1,1,4.8034027777777775
A,Road / Pothole / Bridge,29.803,-95.485,5,0,1,2.8326273148148147
A,Road / Pothole / Bridge,29.814,-95.501,5,2,0,0.003599537037037
K,Water,29.644,-95.455,5,0,0,0.5014467592592593
K,Water,29.646,-95.529,5,0,1,1.007216435185185
K,Water,29.651,-95.479,5,1,0,0.6345949074074074
K,Water,29.69,-95.401,4,0,0,0.0536689814814814
K,Water,29.691,-95.411,4,0,1,0.7140509259259259
K,Water,29.66,-95.504,4,1,0,2.8154050925925924
K,Water,29.669,-95.512,4,0,1,0.36651041666666667
C,Solid Waste / Recycling,29.783,-95.389,4,0,3,23.58962384259259
C,Solid Waste / Recycling,29.784,-95.407,4,0,2,9.252534722222222
C,Solid Waste / Recycling,29.784,-95.402,4,0,1,6.594971064814814
K,Water,29.64,-95.429,4,0,1,2.8589814814814813
K,Water,29.607,-95.506,4,0,0,0.09175347222222216
K,Water,29.607,-95.418,4,0,0,0.2993402777777778
K,Water,29.613,-95.503,4,0,1,0.7389699074074074
K,Water,29.584,-95.515,4,1,0,2.1884722222222224
K,Water,29.591,-95.519,4,0,0,0.05371527777777775
K,Water,29.591,-95.481,4,0,1,0.474068287037037
K,Water,29.592,-95.449,4,0,0,1.5739814814814814
A,Road / Pothole / Bridge,29.849,-95.473,4,0,0,0.6097569444444444
A,Road / Pothole / Bridge,29.852,-95.505,4,1,1,0.7068981481481481
A,Road / Pothole / Bridge,29.856,-95.505,4,1,0,0.709224537037037
C,Solid Waste / Recycling,29.786,-95.406,4,2,1,15.641822916666667
C,Solid Waste / Recycling,29.788,-95.404,4,0,0,5.1956539351851845
K,Traffic Signals / Lighting,29.671,-95.462,4,1,0,3.8363078703703706
K,Traffic Signals / Lighting,29.673,-95.44,4,1,0,7.34005787037037
K,Traffic Signals / Lighting,29.677,-95.417,4,0,0,0.011255787037037
K,Traffic Signals / Lighting,29.678,-95.427,4,2,0,2.114675925925926
K,Traffic Signals / Lighting,29.678,-95.412,4,1,0,0.0142361111111111
K,Traffic Signals / Lighting,29.68,-95.459,4,0,0,0.0113368055555555
K,Traffic Signals / Lighting,29.685,-95.422,4,1,0,0.0016435185185185
K,Traffic Signals / Lighting,29.69,-95.418,4,0,0,0.0007002314814814
A,Road / Pothole / Bridge,29.861,-95.488,4,0,1,0.3292997685185185
A,Road / Pothole / Bridge,29.872,-95.568,4,1,1,1.2333333333333334
A,Sewer / Wastewater,29.795,-95.519,4,1,0,1.2386574074074077
A,Sewer / Wastewater,29.804,-95.481,4,1,1,7.750081018518519
A,Sewer / Wastewater,29.808,-95.503,4,0,1,1.0061458333333335
K,Traffic Signals / Lighting,29.659,-95.476,4,0,0,0.0068402777777777
C,Solid Waste / Recycling,29.79,-95.388,4,1,3,30.01241898148148
C,Solid Waste / Recycling,29.782,-95.43,4,2,2,21.04342013888889
C,Solid Waste / Recycling,29.782,-95.422,4,2,0,8.544658564814815
C,Solid Waste / Recycling,29.792,-95.415,4,3,0,12.839108796296296
C,Solid Waste / Recycling,29.792,-95.395,4,0,1,7.602106481481481
K,Traffic Signals / Lighting,29.601,-95.508,4,0,1,3.267980324074074
K,Traffic Signals / Lighting,29.614,-95.42,4,2,0,3.9638483796296295
K,Traffic Signals / Lighting,29.621,-95.508,4,0,0,1.4458796296296297
K,Traffic Signals / Lighting,29.628,-95.446,4,0,0,0.8379513888888889
K,Traffic Signals / Lighting,29.634,-95.458,4,0,0,0.7138541666666667
K,Traffic Signals / Lighting,29.636,-95.493,4,0,1,7.6529340277777775
K,Traffic Signals / Lighting,29.653,-95.447,4,1,0,1.0460069444444444
A,Sewer / Wastewater,29.824,-95.552,4,0,0,0.9545949074074074
A,Sewer / Wastewater,29.835,-95.544,4,1,0,1.9141666666666663
A,Sewer / Wastewater,29.874,-95.498,4,0,1,0.6826099537037038
A,Sewer / Wastewater,29.875,-95.505,4,0,0,1.1038368055555556
A,Sewer / Wastewater,29.885,-95.486,4,2,1,10.907685185185187
A,Solid Waste / Recycling,29.786,-95.482,4,0,2,20.88300347222222
K,Solid Waste / Recycling,29.694,-95.424,4,0,2,47.8990625
K,Solid Waste / Recycling,29.694,-95.423,4,0,2,17.036857638888886
C,Solid Waste / Recycling,29.793,-95.413,4,1,0,7.031666666666666
C,Solid Waste / Recycling,29.794,-95.434,4,1,2,14.886793981481482
C,Solid Waste / Recycling,29.794,-95.393,4,1,0,4.707534722222222
C,Solid Waste / Recycling,29.795,-95.435,4,0,2,14.88949074074074
C,Solid Waste / Recycling,29.795,-95.426,4,1,0,11.705277777777775
C,Solid Waste / Recycling,29.795,-95.415,4,0,4,32.35565972222223
K,Solid Waste / Recycling,29.679,-95.432,4,1,2,23.03850694444445
K,Solid Waste / Recycling,29.681,-95.431,4,0,0,0.003599537037037
K,Solid Waste / Recycling,29.684,-95.446,4,0,1,6.623935185185186
K,Solid Waste / Recycling,29.684,-95.431,4,0,1,0.8417361111111111
K,Solid Waste / Recycling,29.685,-95.446,4,0,0,4.621244212962963
K,Solid Waste / Recycling,29.685,-95.438,4,0,1,7.4435821759259255
C,Solid Waste / Recycling,29.797,-95.43,4,0,0,5.475509259259259
C,Solid Waste / Recycling,29.797,-95.405,4,1,0,3.907453703703704
C,Solid Waste / Recycling,29.779,-95.392,4,1,0,7.745474537037037
C,Solid Waste / Recycling,29.78,-95.415,4,0,2,15.126614583333334
C,Solid Waste / Recycling,29.78,-95.392,4,1,1,7.79037037037037
C,Solid Waste / Recycling,29.781,-95.429,4,0,2,18.58044560185185
C,Solid Waste / Recycling,29.798,-95.412,4,0,0,5.226296296296296
K,Solid Waste / Recycling,29.676,-95.441,4,1,3,23.066400462962964
K,Solid Waste / Recycling,29.677,-95.417,4,1,0,1.045
A,Solid Waste / Recycling,29.788,-95.469,4,2,1,22.255561342592593
A,Solid Waste / Recycling,29.789,-95.551,4,1,1,21.37615740740741
K,Solid Waste / Recycling,29.666,-95.476,4,0,1,3.820306712962963
K,Solid Waste / Recycling,29.667,-95.494,4,2,0,3.2589930555555555
K,Solid Waste / Recycling,29.669,-95.46,4,0,1,2.3689756944444444
K,Solid Waste / Recycling,29.663,-95.515,4,1,1,1.1112847222222222
K,Solid Waste / Recycling,29.665,-95.459,4,1,1,21.05693287037037
A,Solid Waste / Recycling,29.787,-95.623,4,0,3,30.77699074074074
A,Solid Waste / Recycling,29.788,-95.483,4,1,3,117.80971064814815
C,Solid Waste / Recycling,29.799,-95.442,4,0,2,21.936805555555555
C,Solid Waste / Recycling,29.799,-95.409,4,0,1,1.9864872685185189
C,Solid Waste / Recycling,29.799,-95.393,4,0,0,0.0263020833333333
C,Solid Waste / Recycling,29.799,-95.39,4,0,0,1.830625
C,Solid Waste / Recycling,29.8,-95.42,4,0,2,34.62672453703704
C,Solid Waste / Recycling,29.8,-95.409,4,1,0,1.960636574074074
C,Solid Waste / Recycling,29.8,-95.405,4,1,1,0.004386574074074
K,Solid Waste / Recycling,29.661,-95.481,4,0,1,5.320196759259259
K,Solid Waste / Recycling,29.661,-95.469,4,0,1,10.398483796296297
K,Solid Waste / Recycling,29.662,-95.498,4,0,3,62.33949074074074
A,Solid Waste / Recycling,29.792,-95.529,4,1,1,10.675445601851852
K,Solid Waste / Recycling,29.658,-95.487,4,1,2,18.96881944444445
K,Solid Waste / Recycling,29.659,-95.431,4,1,0,0.0035416666666666
C,Solid Waste / Recycling,29.801,-95.445,4,0,4,16.48046296296296
C,Solid Waste / Recycling,29.802,-95.406,4,1,0,7.805740740740741
C,Solid Waste / Recycling,29.798,-95.392,4,2,1,17.565439814814816
K,Solid Waste / Recycling,29.656,-95.494,4,0,0,4.338634259259259
K,Solid Waste / Recycling,29.656,-95.486,4,0,0,3.5396238425925928
K,Solid Waste / Recycling,29.656,-95.436,4,0,1,0.00358217592592585
K,Solid Waste / Recycling,29.657,-95.486,4,1,2,33.995104166666664
K,Solid Waste / Recycling,29.653,-95.509,4,1,0,3.770300925925926
K,Solid Waste / Recycling,29.653,-95.488,4,0,2,21.27857638888889
K,Solid Waste / Recycling,29.654,-95.513,4,0,3,59.505891203703705
K,Solid Waste / Recycling,29.654,-95.51,4,0,2,13.767106481481482
K,Solid Waste / Recycling,29.654,-95.509,4,0,2,13.436938657407408
K,Solid Waste / Recycling,29.654,-95.485,4,0,1,2.819056712962963
K,Solid Waste / Recycling,29.65,-95.523,4,3,0,3.6944791666666665
A,Solid Waste / Recycling,29.793,-95.475,4,0,3,25.426585648148148
A,Solid Waste / Recycling,29.794,-95.467,4,1,2,73.96065972222222
A,Solid Waste / Recycling,29.794,-95.464,4,0,0,5.008506944444444
A,Solid Waste / Recycling,29.795,-95.557,4,1,1,40.97111111111112
K,Solid Waste / Recycling,29.65,-95.485,4,1,2,15.859097222222225
K,Solid Waste / Recycling,29.645,-95.44,4,1,0,5.234791666666666
C,Solid Waste / Recycling,29.776,-95.397,4,2,2,48.02005787037037
C,Solid Waste / Recycling,29.779,-95.428,4,0,1,10.441273148148147
C,Solid Waste / Recycling,29.779,-95.421,4,0,2,13.38578125
C,Solid Waste / Recycling,29.779,-95.413,4,1,1,11.055243055555556
C,Solid Waste / Recycling,29.803,-95.414,4,1,0,12.835381944444444
C,Solid Waste / Recycling,29.804,-95.443,4,1,1,26.55583333333333
C,Solid Waste / Recycling,29.801,-95.446,4,0,3,16.480127314814816
K,Solid Waste / Recycling,29.646,-95.546,4,0,2,46.94982060185185
K,Solid Waste / Recycling,29.647,-95.504,4,2,1,16.699681712962963
K,Solid Waste / Recycling,29.648,-95.541,4,1,1,8.99042824074074
K,Solid Waste / Recycling,29.648,-95.505,4,0,3,22.702025462962965
K,Solid Waste / Recycling,29.648,-95.503,4,0,1,5.903692129629629
A,Solid Waste / Recycling,29.796,-95.551,4,0,1,7.874809027777777
C,Solid Waste / Recycling,29.805,-95.421,4,2,2,44.88021990740741
C,Solid Waste / Recycling,29.805,-95.413,4,3,0,3.190185185185185
C,Solid Waste / Recycling,29.805,-95.412,4,2,1,7.637343750000001
C,Solid Waste / Recycling,29.806,-95.393,4,0,0,2.95109375
C,Solid Waste / Recycling,29.807,-95.43,4,0,4,59.02784143518518
C,Solid Waste / Recycling,29.807,-95.423,4,1,2,16.91091435185185
C,Solid Waste / Recycling,29.807,-95.421,4,0,3,35.96559027777778
A,Solid Waste / Recycling,29.796,-95.49,4,0,1,6.31396412037037
A,Solid Waste / Recycling,29.796,-95.489,4,0,0,5.617158564814815
A,Solid Waste / Recycling,29.797,-95.701,4,0,3,20.83541087962963
K,Solid Waste / Recycling,29.643,-95.441,4,0,1,12.874664351851852
K,Solid Waste / Recycling,29.644,-95.457,4,0,0,7.038952546296296
K,Solid Waste / Recycling,29.645,-95.48,4,3,0,12.986412037037036
K,Solid Waste / Recycling,29.64,-95.5,4,0,1,4.469496527777777
K,Solid Waste / Recycling,29.641,-95.429,4,0,2,8.097239583333334
A,Solid Waste / Recycling,29.795,-95.522,4,4,0,
A,Solid Waste / Recycling,29.795,-95.516,4,1,0,6.6502083333333335
C,Solid Waste / Recycling,29.774,-95.408,4,2,0,2.5065914351851855
C,Solid Waste / Recycling,29.775,-95.415,4,3,0,7.9858217592592595
C,Solid Waste / Recycling,29.775,-95.405,4,3,0,12.720543981481482
C,Solid Waste / Recycling,29.776,-95.421,4,3,1,69.70128472222223
K,Solid Waste / Recycling,29.637,-95.436,4,0,1,7.725538194444445
K,Solid Waste / Recycling,29.637,-95.435,4,0,0,3.1432349537037036
K,Solid Waste / Recycling,29.638,-95.426,4,0,0,5.814571759259259
K,Solid Waste / Recycling,29.635,-95.445,4,0,1,10.327175925925925
K,Solid Waste / Recycling,29.636,-95.416,4,0,2,9.217395833333335
K,Solid Waste / Recycling,29.637,-95.471,4,0,1,11.417783564814815
A,Solid Waste / Recycling,29.797,-95.527,4,0,2,15.836805555555555
A,Solid Waste / Recycling,29.797,-95.499,4,0,0,7.542146990740741
A,Solid Waste / Recycling,29.798,-95.521,4,1,1,10.58099537037037
A,Solid Waste / Recycling,29.798,-95.475,4,0,4,53.46119791666666
K,Solid Waste / Recycling,29.634,-95.438,4,1,0,1.9840972222222224
C,Solid Waste / Recycling,29.81,-95.406,4,3,0,0.0035300925925925
C,Solid Waste / Recycling,29.81,-95.403,4,2,2,54.27178240740741
C,Solid Waste / Recycling,29.811,-95.411,4,0,1,3.9888310185185194
C,Solid Waste / Recycling,29.811,-95.4,4,1,0,1.1663194444444445
K,Solid Waste / Recycling,29.631,-95.426,4,0,3,14.399965277777778
K,Solid Waste / Recycling,29.631,-95.414,4,1,1,5.996840277777777
K,Solid Waste / Recycling,29.633,-95.461,4,1,0,3.8642939814814814
K,Solid Waste / Recycling,29.629,-95.488,4,0,1,2.5134143518518517
K,Solid Waste / Recycling,29.629,-95.429,4,1,0,0.6217939814814815
K,Solid Waste / Recycling,29.63,-95.499,4,2,0,5.204108796296296
K,Solid Waste / Recycling,29.63,-95.444,4,1,1,2.337638888888889
K,Solid Waste / Recycling,29.625,-95.436,4,0,4,47.46236111111111
A,Solid Waste / Recycling,29.799,-95.555,4,0,3,33.168564814814815
A,Solid Waste / Recycling,29.799,-95.542,4,0,1,16.637141203703703
A,Solid Waste / Recycling,29.799,-95.476,4,0,2,9.998587962962963
A,Solid Waste / Recycling,29.799,-95.465,4,0,0,4.939085648148148
A,Solid Waste / Recycling,29.8,-95.55,4,0,2,30.426875
K,Solid Waste / Recycling,29.625,-95.432,4,0,1,1.9124421296296297
K,Solid Waste / Recycling,29.626,-95.433,4,0,0,1.8801215277777779
K,Solid Waste / Recycling,29.618,-95.478,4,0,2,21.865810185185186
C,Solid Waste / Recycling,29.772,-95.427,4,2,1,18.282812500000002
C,Solid Waste / Recycling,29.772,-95.425,4,2,0,2.2220601851851853
C,Solid Waste / Recycling,29.772,-95.413,4,1,0,2.463229166666667
C,Solid Waste / Recycling,29.773,-95.422,4,3,0,5.053900462962963
C,Solid Waste / Recycling,29.815,-95.419,4,0,0,7.133865740740741
K,Solid Waste / Recycling,29.621,-95.435,4,2,0,4.5632118055555555
K,Solid Waste / Recycling,29.625,-95.458,4,0,2,10.347337962962962
K,Solid Waste / Recycling,29.616,-95.444,4,0,0,5.399953703703704
K,Solid Waste / Recycling,29.616,-95.443,4,2,0,0.0071759259259259
A,Solid Waste / Recycling,29.8,-95.505,4,1,1,5.729560185185186
A,Solid Waste / Recycling,29.801,-95.473,4,0,3,20.196475694444445
K,Solid Waste / Recycling,29.617,-95.422,4,2,0,3.117847222222222
C,Solid Waste / Recycling,29.817,-95.408,4,0,0,7.509305555555556
C,Solid Waste / Recycling,29.817,-95.406,4,0,0,12.145648148148148
C,Solid Waste / Recycling,29.818,-95.404,4,1,0,7.368784722222222
C,Solid Waste / Recycling,29.822,-95.441,4,1,1,4.665069444444445
C,Solid Waste / Recycling,29.814,-95.435,4,0,2,10.836950231481481
K,Solid Waste / Recycling,29.611,-95.431,4,0,1,3.112841435185185
K,Solid Waste / Recycling,29.611,-95.408,4,1,1,10.942609953703704
K,Solid Waste / Recycling,29.612,-95.428,4,0,0,6.099328703703703
K,Solid Waste / Recycling,29.615,-95.426,4,0,2,48.33353587962963
K,Solid Waste / Recycling,29.616,-95.462,4,0,1,4.907604166666666
A,Solid Waste / Recycling,29.802,-95.534,4,2,2,38.95847800925925
A,Solid Waste / Recycling,29.802,-95.498,4,0,3,94.87118634259258
A,Solid Waste / Recycling,29.802,-95.472,4,1,0,7.827928240740741
A,Solid Waste / Recycling,29.803,-95.545,4,0,0,5.528512731481481
K,Solid Waste / Recycling,29.609,-95.427,4,0,4,21.436082175925925
K,Solid Waste / Recycling,29.611,-95.445,4,1,0,3.094826388888889
C,Solid Waste / Recycling,29.823,-95.425,4,0,1,4.867592592592593
C,Solid Waste / Recycling,29.824,-95.47,4,0,2,15.742199074074074
C,Solid Waste / Recycling,29.824,-95.446,4,0,0,3.142008101851852
C,Solid Waste / Recycling,29.825,-95.449,4,0,0,8.952320601851852
C,Solid Waste / Recycling,29.825,-95.435,4,0,0,3.322019675925926
C,Solid Waste / Recycling,29.825,-95.424,4,1,2,89.80385416666667
C,Solid Waste / Recycling,29.826,-95.451,4,1,1,10.945810185185184
C,Solid Waste / Recycling,29.816,-95.407,4,3,0,2.967951388888889
K,Solid Waste / Recycling,29.607,-95.439,4,1,0,4.234456018518519
K,Solid Waste / Recycling,29.607,-95.436,4,0,2,27.89541087962963
K,Solid Waste / Recycling,29.607,-95.41,4,2,0,2.977604166666667
K,Solid Waste / Recycling,29.608,-95.44,4,0,0,3.1991203703703706
K,Solid Waste / Recycling,29.608,-95.436,4,0,0,4.88744212962963
K,Solid Waste / Recycling,29.608,-95.428,4,1,2,43.657858796296296
K,Solid Waste / Recycling,29.609,-95.504,4,1,0,3.01
C,Solid Waste / Recycling,29.769,-95.415,4,1,1,0.2893634259259259
C,Solid Waste / Recycling,29.77,-95.427,4,2,1,11.333015046296296
C,Solid Waste / Recycling,29.77,-95.421,4,0,1,13.257789351851851
C,Solid Waste / Recycling,29.771,-95.408,4,2,0,1.8827777777777777
K,Solid Waste / Recycling,29.603,-95.46,4,2,0,
K,Solid Waste / Recycling,29.604,-95.451,4,0,1,3.3261111111111115
K,Solid Waste / Recycling,29.605,-95.468,4,1,1,4.860798611111111
K,Solid Waste / Recycling,29.605,-95.422,4,0,1,0.5755324074074074
K,Solid Waste / Recycling,29.606,-95.468,4,1,1,1.2915625
K,Solid Waste / Recycling,29.606,-95.447,4,0,0,1.1934664351851851
K,Solid Waste / Recycling,29.607,-95.45,4,0,0,6.015815972222222
K,Solid Waste / Recycling,29.599,-95.48,4,0,0,3.8059375
K,Solid Waste / Recycling,29.599,-95.456,4,3,1,47.977719907407405
K,Solid Waste / Recycling,29.6,-95.485,4,1,0,0.0813425925925925
K,Solid Waste / Recycling,29.6,-95.478,4,2,2,32.34144675925926
K,Solid Waste / Recycling,29.601,-95.475,4,1,0,6.034519675925926
C,Solid Waste / Recycling,29.83,-95.453,4,0,1,11.832835648148148
C,Solid Waste / Recycling,29.83,-95.446,4,0,0,7.766666666666667
C,Solid Waste / Recycling,29.831,-95.434,4,0,0,1.1919386574074073
C,Solid Waste / Recycling,29.834,-95.468,4,1,1,0.1229166666666666
C,Solid Waste / Recycling,29.827,-95.448,4,0,0,7.209733796296296
A,Solid Waste / Recycling,29.804,-95.547,4,0,2,17.986278935185183
A,Solid Waste / Recycling,29.804,-95.541,4,0,2,30.880949074074078
K,Solid Waste / Recycling,29.594,-95.483,4,2,0,8.651070601851853
K,Solid Waste / Recycling,29.594,-95.47,4,0,1,3.7482407407407408
K,Solid Waste / Recycling,29.595,-95.499,4,1,0,8.455277777777777
K,Solid Waste / Recycling,29.595,-95.449,4,0,0,6.152256944444444
K,Solid Waste / Recycling,29.597,-95.473,4,0,1,3.705844907407408
K,Solid Waste / Recycling,29.598,-95.507,4,0,2,25.87855902777778
A,Solid Waste / Recycling,29.804,-95.555,4,0,3,35.94561921296296
K,Solid Waste / Recycling,29.59,-95.468,4,1,0,1.5161921296296297
K,Solid Waste / Recycling,29.591,-95.458,4,1,0,2.0191435185185185
K,Solid Waste / Recycling,29.591,-95.448,4,0,0,3.067644675925926
K,Solid Waste / Recycling,29.592,-95.473,4,1,1,9.387060185185184
K,Solid Waste / Recycling,29.593,-95.451,4,0,4,24.527233796296297
K,Solid Waste / Recycling,29.588,-95.449,4,1,1,10.016435185185186
C,Solid Waste / Recycling,29.834,-95.441,4,0,1,7.41546875
C,Solid Waste / Recycling,29.835,-95.468,4,2,0,6.919774305555555
C,Solid Waste / Recycling,29.835,-95.466,4,4,0,
C,Solid Waste / Recycling,29.835,-95.465,4,2,0,4.44056712962963
C,Solid Waste / Recycling,29.835,-95.442,4,0,0,7.311516203703704
C,Solid Waste / Recycling,29.835,-95.438,4,0,2,34.35692708333333
C,Solid Waste / Recycling,29.827,-95.426,4,0,2,21.984809027777782
A,Solid Waste / Recycling,29.806,-95.52,4,1,0,3.939895833333333
K,Solid Waste / Recycling,29.589,-95.463,4,0,1,3.0890393518518517
K,Solid Waste / Recycling,29.589,-95.458,4,1,1,0.8238773148148149
K,Solid Waste / Recycling,29.582,-95.468,4,1,0,3.450729166666666
K,Solid Waste / Recycling,29.582,-95.448,4,0,0,0.8887962962962963
K,Solid Waste / Recycling,29.583,-95.463,4,0,0,3.3052488425925928
K,Solid Waste / Recycling,29.583,-95.462,4,3,1,104.02291666666666
K,Solid Waste / Recycling,29.583,-95.459,4,1,1,0.5006597222222222
K,Solid Waste / Recycling,29.583,-95.457,4,0,1,6.603634259259259
K,Solid Waste / Recycling,29.584,-95.52,4,0,1,4.560798611111111
K,Solid Waste / Recycling,29.584,-95.519,4,0,0,1.9539236111111111
K,Solid Waste / Recycling,29.584,-95.471,4,1,0,4.757847222222222
K,Solid Waste / Recycling,29.585,-95.519,4,1,0,0.9205092592592592
K,Solid Waste / Recycling,29.585,-95.466,4,0,1,3.300335648148148
K,Solid Waste / Recycling,29.588,-95.469,4,0,1,8.61245949074074
C,Solid Waste / Recycling,29.767,-95.418,4,1,1,17.87230324074074
C,Solid Waste / Recycling,29.767,-95.412,4,0,2,15.115960648148148
C,Solid Waste / Recycling,29.767,-95.408,4,3,0,6.978912037037037
C,Solid Waste / Recycling,29.767,-95.406,4,0,4,34.14978009259259
C,Solid Waste / Recycling,29.767,-95.404,4,0,2,18.725034722222222
C,Solid Waste / Recycling,29.767,-95.402,4,1,2,33.76996527777778
C,Solid Waste / Recycling,29.836,-95.439,4,0,1,11.248125
C,Solid Waste / Recycling,29.834,-95.462,4,2,1,16.875219907407406
C,Solid Waste / Recycling,29.839,-95.444,4,1,2,20.15399305555556
C,Solid Waste / Recycling,29.839,-95.441,4,0,1,10.852511574074072
C,Solid Waste / Recycling,29.764,-95.418,4,1,0,7.604247685185185
C,Solid Waste / Recycling,29.766,-95.408,4,1,0,0.0035300925925925
C,Solid Waste / Recycling,29.842,-95.467,4,1,0,2.349398148148148
K,Solid Waste / Recycling,29.577,-95.516,4,0,1,8.44197337962963
A,Solid Waste / Recycling,29.807,-95.496,4,0,0,0.9701851851851853
A,Solid Waste / Recycling,29.808,-95.553,4,0,3,30.379195601851855
A,Solid Waste / Recycling,29.808,-95.497,4,0,1,9.945462962962964
K,Sewer / Wastewater,29.652,-95.51,4,1,0,1.1931828703703704
K,Sewer / Wastewater,29.682,-95.439,4,1,0,1.2291550925925927
K,Road / Pothole / Bridge,29.666,-95.521,4,1,0,1.1445833333333333
K,Road / Pothole / Bridge,29.673,-95.416,4,1,1,9.283495370370373
K,Road / Pothole / Bridge,29.676,-95.509,4,0,1,10.043258101851851
K,Road / Pothole / Bridge,29.692,-95.427,4,0,0,1.4063020833333335
C,Traffic Signals / Lighting,29.679,-95.492,4,1,0,0.003599537037037
C,Solid Waste / Recycling,29.759,-95.387,4,0,0,8.257505787037037
C,Solid Waste / Recycling,29.763,-95.418,4,1,1,1.7399074074074077
C,Solid Waste / Recycling,29.757,-95.4,4,0,0,8.139722222222222
A,Solid Waste / Recycling,29.809,-95.539,4,0,2,28.538310185185185
A,Solid Waste / Recycling,29.811,-95.537,4,0,3,29.49556712962963
J,Water,29.734,-95.482,4,0,0,0.39754629629629634
J,Water,29.735,-95.477,4,0,0,0.0708391203703703
K,Drainage / Flooding,29.656,-95.458,4,1,0,7.974629629629629
J,Water,29.696,-95.555,4,0,0,0.8556250000000001
J,Water,29.714,-95.528,4,0,0,0.08899884259259255
J,Water,29.716,-95.502,4,0,0,0.03296874999999995
J,Water,29.73,-95.476,4,0,1,0.00306712962962955
J,Water,29.732,-95.477,4,0,0,0.6025
J,Water,29.732,-95.473,4,1,2,17.583391203703705
J,Water,29.733,-95.482,4,0,0,0.5467071759259259
J,Water,29.733,-95.481,4,0,0,0.4798958333333333
C,Traffic Signals / Lighting,29.693,-95.431,4,1,0,0.0114351851851851
C,Traffic Signals / Lighting,29.697,-95.427,4,0,0,0.07046874999999994
C,Traffic Signals / Lighting,29.717,-95.418,4,0,0,0.008396990740740701
C,Solid Waste / Recycling,29.842,-95.457,4,0,1,19.228315972222223
A,Solid Waste / Recycling,29.811,-95.529,4,0,1,11.032673611111113
A,Solid Waste / Recycling,29.811,-95.528,4,0,3,34.31675925925926
A,Solid Waste / Recycling,29.812,-95.544,4,0,3,31.32707175925926
A,Solid Waste / Recycling,29.812,-95.537,4,0,2,17.954484953703705
A,Solid Waste / Recycling,29.812,-95.535,4,1,1,13.894108796296296
A,Solid Waste / Recycling,29.812,-95.482,4,1,2,27.932569444444443
A,Solid Waste / Recycling,29.813,-95.538,4,0,3,28.316614583333333
J,Water,29.691,-95.551,4,0,0,0.06470486111111105
J,Water,29.693,-95.528,4,1,0,0.1557523148148148
J,Traffic Signals / Lighting,29.717,-95.5,4,0,0,0.0702083333333333
C,Traffic Signals / Lighting,29.73,-95.391,4,0,1,6.0049884259259265
C,Solid Waste / Recycling,29.755,-95.386,4,2,2,24.338038194444444
C,Solid Waste / Recycling,29.755,-95.383,4,0,3,31.018848379629635
C,Solid Waste / Recycling,29.756,-95.407,4,0,1,0.3579398148148148
C,Traffic Signals / Lighting,29.731,-95.413,4,0,0,0.0114583333333333
C,Traffic Signals / Lighting,29.733,-95.441,4,0,0,0.0847800925925925
C,Traffic Signals / Lighting,29.733,-95.433,4,1,1,12.616736111111113
C,Traffic Signals / Lighting,29.734,-95.413,4,1,0,0.7815162037037037
C,Traffic Signals / Lighting,29.689,-95.484,4,1,0,0.0007291666666666
J,Traffic Signals / Lighting,29.718,-95.52,4,1,0,0.0169328703703703
J,Traffic Signals / Lighting,29.724,-95.491,4,0,0,0.0351967592592592
J,Water,29.687,-95.527,4,1,1,1.0655787037037037
J,Traffic Signals / Lighting,29.703,-95.476,4,1,1,2.766377314814815
J,Traffic Signals / Lighting,29.706,-95.476,4,2,0,5.039299768518518
J,Traffic Signals / Lighting,29.709,-95.476,4,0,0,2.3868287037037037
A,Solid Waste / Recycling,29.815,-95.533,4,0,2,29.105497685185185
A,Solid Waste / Recycling,29.816,-95.538,4,0,3,31.921157407407406
J,Traffic Signals / Lighting,29.713,-95.485,4,1,0,0.0360300925925925
C,Traffic Signals / Lighting,29.739,-95.402,4,0,1,5.952407407407407
C,Traffic Signals / Lighting,29.743,-95.402,4,0,0,0.030422453703703653
C,Solid Waste / Recycling,29.753,-95.394,4,0,2,14.969496527777775
C,Solid Waste / Recycling,29.753,-95.386,4,1,0,6.427777777777778
C,Solid Waste / Recycling,29.755,-95.395,4,0,0,2.476516203703704
C,Traffic Signals / Lighting,29.747,-95.391,4,0,0,0.25089699074074073
C,Traffic Signals / Lighting,29.728,-95.441,4,1,1,11.418530092592592
A,Solid Waste / Recycling,29.816,-95.454,4,0,1,12.507280092592593
A,Solid Waste / Recycling,29.817,-95.548,4,1,0,10.930208333333333
A,Solid Waste / Recycling,29.817,-95.518,4,0,3,31.1408275462963
A,Solid Waste / Recycling,29.817,-95.502,4,1,1,4.667233796296296
A,Solid Waste / Recycling,29.817,-95.452,4,1,0,6.234467592592591
A,Solid Waste / Recycling,29.818,-95.519,4,0,2,31.917337962962964
A,Solid Waste / Recycling,29.819,-95.55,4,0,3,15.433206018518518
A,Solid Waste / Recycling,29.819,-95.521,4,0,2,28.331134259259255
A,Solid Waste / Recycling,29.819,-95.502,4,1,3,34.64180555555556
J,Solid Waste / Recycling,29.736,-95.48,4,3,0,4.468831018518519
C,Traffic Signals / Lighting,29.753,-95.398,4,0,0,0.5355497685185184
C,Traffic Signals / Lighting,29.757,-95.392,4,1,0,3.4804513888888886
C,Traffic Signals / Lighting,29.761,-95.4,4,0,0,0.00916666666666665
C,Traffic Signals / Lighting,29.762,-95.416,4,0,1,8.016643518518519
C,Traffic Signals / Lighting,29.762,-95.409,4,1,1,1.9203935185185184
C,Traffic Signals / Lighting,29.734,-95.391,4,2,1,29.962592592592596
J,Solid Waste / Recycling,29.715,-95.526,4,1,1,13.068819444444445
J,Solid Waste / Recycling,29.719,-95.515,4,0,2,102.87085648148147
J,Solid Waste / Recycling,29.728,-95.478,4,0,0,6.144600694444444
J,Solid Waste / Recycling,29.734,-95.473,4,1,0,4.7221875
J,Solid Waste / Recycling,29.703,-95.522,4,1,0,2.42912037037037
A,Solid Waste / Recycling,29.821,-95.548,4,1,1,6.783055555555555
A,Solid Waste / Recycling,29.821,-95.504,4,0,4,91.68757523148149
A,Solid Waste / Recycling,29.821,-95.5,4,2,0,8.776440972222222
A,Solid Waste / Recycling,29.822,-95.483,4,1,1,0.0019560185185185
J,Solid Waste / Recycling,29.7,-95.541,4,0,1,9.864409722222222
C,Traffic Signals / Lighting,29.775,-95.412,4,1,0,4.109832175925925
C,Traffic Signals / Lighting,29.775,-95.405,4,1,1,6.099814814814815
C,Solid Waste / Recycling,29.751,-95.4,4,1,1,3.8134953703703705
C,Solid Waste / Recycling,29.751,-95.397,4,0,2,19.93880787037037
J,Solid Waste / Recycling,29.7,-95.536,4,0,1,12.519565972222221
J,Solid Waste / Recycling,29.7,-95.527,4,1,1,9.876076388888889
J,Solid Waste / Recycling,29.7,-95.474,4,1,1,23.959293981481483
J,Solid Waste / Recycling,29.701,-95.525,4,0,0,2.3861979166666667
J,Solid Waste / Recycling,29.701,-95.524,4,1,1,7.5855902777777775
J,Solid Waste / Recycling,29.702,-95.531,4,0,1,9.582962962962963
J,Solid Waste / Recycling,29.702,-95.5,4,0,2,15.514450231481483
J,Solid Waste / Recycling,29.695,-95.502,4,0,0,7.326793981481481
J,Solid Waste / Recycling,29.696,-95.534,4,0,2,32.94721643518518
J,Solid Waste / Recycling,29.696,-95.509,4,1,0,7.428090277777778
C,Traffic Signals / Lighting,29.8,-95.41,4,0,0,1.6266145833333334
C,Solid Waste / Recycling,29.75,-95.39,4,0,2,27.369907407407407
C,Solid Waste / Recycling,29.75,-95.384,4,0,0,3.745891203703704
C,Solid Waste / Recycling,29.751,-95.405,4,1,0,4.054791666666667
C,Traffic Signals / Lighting,29.804,-95.399,4,3,1,65.94189814814816
C,Traffic Signals / Lighting,29.809,-95.402,4,0,0,3.8940972222222223
A,Solid Waste / Recycling,29.824,-95.51,4,1,0,0.0035069444444444
A,Solid Waste / Recycling,29.824,-95.497,4,3,1,24.593136574074077
A,Solid Waste / Recycling,29.825,-95.551,4,1,2,16.986765046296295
J,Solid Waste / Recycling,29.695,-95.526,4,0,0,11.14130787037037
J,Solid Waste / Recycling,29.695,-95.503,4,1,0,0.6471064814814815
J,Solid Waste / Recycling,29.689,-95.516,4,1,0,3.407210648148148
J,Solid Waste / Recycling,29.69,-95.5,4,0,0,4.990457175925926
J,Solid Waste / Recycling,29.693,-95.536,4,1,1,6.166435185185185
J,Solid Waste / Recycling,29.694,-95.541,4,0,3,95.71766782407407
J,Solid Waste / Recycling,29.694,-95.529,4,0,0,4.241111111111112
C,Water,29.67,-95.497,4,1,1,5.20738425925926
C,Water,29.707,-95.406,4,0,0,0.5041666666666667
C,Traffic Signals / Lighting,29.79,-95.416,4,2,0,1.4588194444444444
J,Solid Waste / Recycling,29.68,-95.513,4,3,0,1.6458680555555556
J,Solid Waste / Recycling,29.681,-95.568,4,2,1,66.5392650462963
J,Solid Waste / Recycling,29.682,-95.502,4,2,1,45.883009259259254
J,Solid Waste / Recycling,29.687,-95.523,4,2,2,20.879687500000003
J,Sewer / Wastewater,29.7,-95.51,4,0,1,3.0236516203703703
J,Sewer / Wastewater,29.731,-95.484,4,0,1,0.8912152777777778
J,Solid Waste / Recycling,29.664,-95.541,4,0,1,7.6015335648148135
J,Solid Waste / Recycling,29.68,-95.568,4,2,1,69.33585648148149
J,Solid Waste / Recycling,29.68,-95.567,4,0,2,9.776822916666667
J,Road / Pothole / Bridge,29.706,-95.482,4,0,0,2.908310185185185
J,Road / Pothole / Bridge,29.714,-95.532,4,0,0,1.0913599537037038
J,Road / Pothole / Bridge,29.715,-95.535,4,0,0,1.131736111111111
J,Road / Pothole / Bridge,29.727,-95.484,4,0,1,4.6118344907407405
J,Sewer / Wastewater,29.692,-95.541,4,0,1,16.02355902777778
C,Water,29.72,-95.416,4,1,0,0.1381481481481481
C,Solid Waste / Recycling,29.749,-95.406,4,1,0,4.281087962962963
C,Solid Waste / Recycling,29.749,-95.389,4,0,1,7.43636574074074
C,Solid Waste / Recycling,29.75,-95.408,4,2,1,34.25874421296296
C,Solid Waste / Recycling,29.75,-95.404,4,2,0,4.601747685185185
C,Water,29.725,-95.397,4,0,0,0.0405439814814814
C,Water,29.726,-95.419,4,1,0,0.372355324074074
A,Solid Waste / Recycling,29.826,-95.548,4,0,4,26.297719907407405
A,Solid Waste / Recycling,29.826,-95.519,4,0,0,8.337824074074074
A,Solid Waste / Recycling,29.826,-95.487,4,0,1,9.224681712962962
A,Solid Waste / Recycling,29.827,-95.551,4,0,3,16.82466435185185
J,Road / Pothole / Bridge,29.693,-95.53,4,0,1,7.111840277777778
I,Water,29.82,-95.212,4,0,0,0.0924942129629629
I,Water,29.82,-95.206,4,0,0,0.12204861111111105
I,Water,29.821,-95.207,4,0,0,0.1499768518518518
I,Water,29.822,-95.21,4,0,0,0.23934027777777775
I,Water,29.822,-95.209,4,0,0,0.15302662037037035
I,Water,29.822,-95.206,4,0,0,0.16544560185185186
I,Water,29.822,-95.203,4,0,0,0.08346643518518515
A,Solid Waste / Recycling,29.825,-95.533,4,0,2,16.165341435185184
A,Solid Waste / Recycling,29.825,-95.532,4,0,1,6.460925925925926
C,Water,29.733,-95.395,4,2,0,2.1447106481481484
C,Solid Waste / Recycling,29.748,-95.397,4,0,3,16.555
C,Solid Waste / Recycling,29.749,-95.41,4,2,1,14.679739583333335
C,Water,29.711,-95.405,4,0,0,0.3078993055555555
A,Solid Waste / Recycling,29.829,-95.512,4,0,3,14.52435185185185
A,Solid Waste / Recycling,29.829,-95.493,4,1,0,11.777905092592592
I,Water,29.818,-95.211,4,0,0,0.12618634259259254
I,Water,29.74,-95.33,4,1,0,0.0541666666666666
I,Water,29.741,-95.341,4,0,0,0.2110185185185185
I,Water,29.745,-95.357,4,0,0,0.11195601851851845
I,Water,29.759,-95.362,4,1,1,0.945011574074074
I,Water,29.783,-95.225,4,0,0,1.9090972222222222
I,Water,29.814,-95.211,4,0,0,0.1777893518518518
A,Solid Waste / Recycling,29.83,-95.528,4,1,0,9.58386574074074
C,Water,29.739,-95.406,4,1,0,0.613275462962963
C,Water,29.74,-95.44,4,0,0,0.0833622685185185
C,Water,29.741,-95.396,4,0,0,0.07540509259259255
C,Water,29.742,-95.407,4,1,0,0.7600810185185185
C,Water,29.742,-95.389,4,0,1,3.4863773148148147
C,Water,29.743,-95.408,4,0,0,0.1159722222222222
C,Water,29.743,-95.401,4,0,0,2.8666666666666667
C,Water,29.743,-95.398,4,0,0,0.48249999999999993
A,Solid Waste / Recycling,29.83,-95.525,4,0,2,15.8528125
A,Solid Waste / Recycling,29.83,-95.517,4,0,1,10.199866898148148
A,Solid Waste / Recycling,29.83,-95.515,4,0,2,25.98111111111111
A,Solid Waste / Recycling,29.831,-95.53,4,0,4,100.58261574074075
A,Solid Waste / Recycling,29.831,-95.512,4,0,4,59.692557870370365
I,Water,29.74,-95.334,4,0,0,1.0838715277777777
I,Water,29.703,-95.282,4,0,0,0.00108217592592585
C,Water,29.745,-95.401,4,0,0,0.688912037037037
C,Water,29.747,-95.407,4,0,0,2.1185358796296296
C,Water,29.747,-95.401,4,1,0,2.5514814814814817
C,Water,29.751,-95.4,4,3,0,0.168287037037037
C,Water,29.752,-95.408,4,1,0,0.6817476851851851
C,Solid Waste / Recycling,29.746,-95.385,4,0,1,5.512991898148148
I,Water,29.704,-95.318,4,0,0,4.015590277777777
I,Water,29.714,-95.323,4,0,1,0.578599537037037
I,Water,29.718,-95.322,4,2,0,0.0724131944444444
I,Water,29.73,-95.29,4,0,0,0.4886053240740741
I,Water,29.652,-95.298,4,0,1,0.4365335648148148
I,Water,29.656,-95.289,4,0,0,0.09892361111111109
I,Water,29.668,-95.263,4,1,0,1.8409953703703703
I,Water,29.673,-95.314,4,0,0,0.3777314814814815
I,Water,29.677,-95.256,4,0,1,3.083929398148148
I,Water,29.687,-95.262,4,1,0,0.0794907407407407
I,Water,29.694,-95.323,4,0,0,0.0617708333333333
C,Solid Waste / Recycling,29.747,-95.408,4,0,0,4.4433796296296295
C,Solid Waste / Recycling,29.747,-95.4,4,1,0,7.500162037037037
C,Solid Waste / Recycling,29.747,-95.387,4,0,0,3.3758854166666667
C,Solid Waste / Recycling,29.747,-95.385,4,2,0,5.973148148148148
C,Water,29.755,-95.379,4,0,0,2.382135416666667
I,Traffic Signals / Lighting,29.76,-95.37,4,1,1,3.828877314814815
I,Traffic Signals / Lighting,29.761,-95.366,4,1,0,3.606238425925926
I,Traffic Signals / Lighting,29.781,-95.251,4,2,0,0.8614699074074074
I,Traffic Signals / Lighting,29.802,-95.267,4,0,0,0.9762731481481481
I,Water,29.613,-95.259,4,0,0,0.0405208333333333
I,Water,29.617,-95.261,4,1,0,0.0921759259259259
I,Traffic Signals / Lighting,29.747,-95.355,4,0,1,8.899814814814814
C,Water,29.757,-95.391,4,0,0,0.9889583333333334
C,Water,29.766,-95.403,4,0,0,0.34337962962962965
A,Solid Waste / Recycling,29.834,-95.535,4,1,1,11.493119212962963
A,Solid Waste / Recycling,29.834,-95.491,4,0,0,2.6913078703703706
A,Solid Waste / Recycling,29.838,-95.549,4,0,2,25.95667824074074
I,Traffic Signals / Lighting,29.718,-95.32,4,0,1,6.291215277777779
A,Solid Waste / Recycling,29.842,-95.549,4,0,3,17.02577546296296
A,Solid Waste / Recycling,29.843,-95.466,4,0,0,0.0006770833333333
A,Solid Waste / Recycling,29.847,-95.543,4,2,2,58.696990740740745
A,Solid Waste / Recycling,29.847,-95.517,4,0,0,7.644733796296297
A,Solid Waste / Recycling,29.848,-95.546,4,2,2,21.325590277777778
I,Traffic Signals / Lighting,29.713,-95.278,4,0,0,0.012795138888888849
I,Solid Waste / Recycling,29.821,-95.21,4,0,1,12.243640046296296
I,Solid Waste / Recycling,29.822,-95.212,4,2,1,26.092881944444443
I,Solid Waste / Recycling,29.823,-95.211,4,0,1,14.609745370370373
I,Traffic Signals / Lighting,29.667,-95.313,4,1,1,1.5553819444444446
I,Traffic Signals / Lighting,29.672,-95.281,4,0,0,0.3375868055555555
I,Traffic Signals / Lighting,29.685,-95.255,4,2,1,34.986678240740744
A,Solid Waste / Recycling,29.844,-95.467,4,0,1,9.008935185185186
C,Water,29.769,-95.414,4,0,1,2.6355844907407406
C,Water,29.769,-95.404,4,1,2,14.658541666666666
C,Solid Waste / Recycling,29.745,-95.398,4,0,4,28.851932870370373
C,Solid Waste / Recycling,29.745,-95.395,4,1,0,3.887476851851852
C,Solid Waste / Recycling,29.746,-95.408,4,0,2,14.316516203703705
C,Solid Waste / Recycling,29.746,-95.403,4,1,0,4.160289351851852
C,Water,29.771,-95.406,4,0,0,0.07298611111111106
C,Water,29.772,-95.407,4,0,0,0.09012731481481474
A,Solid Waste / Recycling,29.849,-95.546,4,1,0,10.815266203703704
A,Solid Waste / Recycling,29.849,-95.513,4,1,1,7.49443287037037
A,Solid Waste / Recycling,29.851,-95.543,4,0,2,9.285381944444444
A,Solid Waste / Recycling,29.851,-95.494,4,0,1,1.847962962962963
I,Solid Waste / Recycling,29.809,-95.236,4,1,0,1.9373958333333332
I,Solid Waste / Recycling,29.818,-95.212,4,0,1,10.137841435185186
I,Solid Waste / Recycling,29.786,-95.228,4,0,1,4.87
C,Water,29.774,-95.405,4,0,1,3.987465277777778
C,Water,29.776,-95.412,4,0,1,6.110989583333333
C,Water,29.787,-95.406,4,0,0,0.10096643518518515
C,Water,29.788,-95.408,4,0,0,0.07977430555555555
I,Solid Waste / Recycling,29.794,-95.212,4,0,2,15.11712962962963
I,Solid Waste / Recycling,29.8,-95.256,4,2,1,17.182789351851852
I,Solid Waste / Recycling,29.807,-95.235,4,2,0,4.057621527777778
I,Solid Waste / Recycling,29.808,-95.236,4,1,0,7.510636574074074
I,Solid Waste / Recycling,29.754,-95.256,4,0,1,7.583211805555555
I,Solid Waste / Recycling,29.774,-95.215,4,0,2,15.3125
I,Solid Waste / Recycling,29.777,-95.247,4,0,2,16.513339120370368
I,Solid Waste / Recycling,29.779,-95.24,4,0,2,27.066574074074072
I,Solid Waste / Recycling,29.78,-95.237,4,1,0,4.582152777777778
I,Solid Waste / Recycling,29.781,-95.238,4,0,1,13.184108796296297
I,Solid Waste / Recycling,29.783,-95.229,4,0,2,13.223125
I,Solid Waste / Recycling,29.784,-95.229,4,2,1,7.277106481481482
I,Solid Waste / Recycling,29.785,-95.23,4,1,3,16.21122685185185
C,Solid Waste / Recycling,29.743,-95.402,4,2,1,9.831105324074073
C,Solid Waste / Recycling,29.744,-95.406,4,1,3,62.05033564814815
C,Solid Waste / Recycling,29.745,-95.407,4,1,0,4.798344907407407
C,Solid Waste / Recycling,29.745,-95.406,4,1,1,31.076689814814813
C,Solid Waste / Recycling,29.745,-95.404,4,0,2,8.413611111111111
C,Solid Waste / Recycling,29.745,-95.403,4,0,2,11.758425925925927
C,Water,29.793,-95.406,4,1,0,0.1624421296296296
C,Water,29.793,-95.403,4,0,0,0.13611111111111104
C,Water,29.794,-95.405,4,0,0,0.23114004629629625
I,Solid Waste / Recycling,29.746,-95.3,4,1,1,1.0052314814814816
I,Solid Waste / Recycling,29.747,-95.256,4,0,1,13.812100694444444
I,Solid Waste / Recycling,29.748,-95.254,4,2,0,8.44074074074074
A,Solid Waste / Recycling,29.854,-95.498,4,0,1,6.491851851851852
I,Solid Waste / Recycling,29.749,-95.303,4,2,0,3.069033564814815
C,Water,29.804,-95.412,4,0,1,0.8841724537037037
C,Water,29.792,-95.412,4,0,0,1.8060879629629631
A,Solid Waste / Recycling,29.864,-95.478,4,2,1,20.332089120370373
A,Solid Waste / Recycling,29.864,-95.465,4,3,0,
A,Solid Waste / Recycling,29.867,-95.493,4,0,4,17.024380787037035
A,Solid Waste / Recycling,29.87,-95.494,4,0,2,14.71529513888889
I,Solid Waste / Recycling,29.745,-95.254,4,1,1,5.958935185185185
I,Solid Waste / Recycling,29.743,-95.296,4,0,1,10.036440972222223
I,Solid Waste / Recycling,29.744,-95.345,4,1,2,39.49559027777778
I,Solid Waste / Recycling,29.744,-95.307,4,0,2,10.89560763888889
I,Solid Waste / Recycling,29.744,-95.305,4,0,0,3.985596064814815
I,Solid Waste / Recycling,29.745,-95.353,4,0,0,2.3376273148148146
I,Solid Waste / Recycling,29.745,-95.307,4,1,2,15.967337962962963
A,Solid Waste / Recycling,29.859,-95.471,4,1,0,0.9939236111111112
C,Solid Waste / Recycling,29.742,-95.398,4,2,2,27.64000578703704
C,Solid Waste / Recycling,29.742,-95.396,4,0,2,11.722957175925927
C,Solid Waste / Recycling,29.742,-95.393,4,0,2,10.993246527777778
C,Solid Waste / Recycling,29.742,-95.391,4,1,0,0.9520138888888888
C,Water,29.812,-95.406,4,0,1,1.3723842592592592
C,Water,29.812,-95.395,4,0,0,0.40183449074074074
C,Water,29.819,-95.437,4,1,0,0.46835648148148146
C,Water,29.822,-95.427,4,1,0,0.7158680555555555
C,Water,29.801,-95.417,4,0,0,0.09857060185185179
A,Solid Waste / Recycling,29.874,-95.496,4,3,1,26.00488425925926
I,Solid Waste / Recycling,29.743,-95.351,4,0,2,19.18314236111111
I,Solid Waste / Recycling,29.743,-95.308,4,0,1,8.302297453703705
I,Solid Waste / Recycling,29.743,-95.307,4,0,0,5.479930555555556
I,Solid Waste / Recycling,29.741,-95.301,4,0,0,3.3680266203703706
I,Solid Waste / Recycling,29.742,-95.337,4,0,3,68.59305555555555
I,Solid Waste / Recycling,29.742,-95.267,4,0,0,6.8202893518518515
I,Solid Waste / Recycling,29.743,-95.356,4,0,0,5.860225694444445
C,Water,29.828,-95.43,4,0,0,0.18746527777777777
C,Water,29.837,-95.432,4,1,1,2.092673611111111
D,Drainage / Flooding,29.651,-95.38,4,0,1,4.806024305555555
D,Drainage / Flooding,29.666,-95.359,4,0,2,10.595694444444444
I,Solid Waste / Recycling,29.74,-95.332,4,0,0,1.5987037037037037
I,Solid Waste / Recycling,29.74,-95.296,4,0,3,38.007100694444446
I,Solid Waste / Recycling,29.74,-95.292,4,0,3,18.803836805555555
I,Solid Waste / Recycling,29.74,-95.289,4,0,1,7.419809027777777
I,Solid Waste / Recycling,29.741,-95.338,4,0,2,39.58588541666667
A,Solid Waste / Recycling,29.877,-95.457,4,0,2,35.06503472222222
A,Solid Waste / Recycling,29.879,-95.46,4,0,2,25.876909722222223
A,Solid Waste / Recycling,29.88,-95.498,4,0,2,14.520752314814814
A,Solid Waste / Recycling,29.88,-95.477,4,3,0,0.031412037037037
A,Solid Waste / Recycling,29.88,-95.461,4,1,2,24.790104166666666
A,Solid Waste / Recycling,29.881,-95.463,4,1,1,11.857210648148149
A,Solid Waste / Recycling,29.881,-95.459,4,1,0,1.1957175925925927
I,Solid Waste / Recycling,29.739,-95.301,4,0,0,8.156354166666667
D,Road / Pothole / Bridge,29.584,-95.214,4,1,0,2.12853587962963
D,Road / Pothole / Bridge,29.602,-95.212,4,0,0,0.49627893518518523
D,Road / Pothole / Bridge,29.638,-95.359,4,0,1,3.981857638888889
D,Road / Pothole / Bridge,29.638,-95.354,4,0,1,11.874548611111113
I,Solid Waste / Recycling,29.737,-95.294,4,0,1,3.587204861111111
I,Solid Waste / Recycling,29.737,-95.256,4,0,2,12.804681712962964
I,Solid Waste / Recycling,29.738,-95.33,4,0,2,12.901336805555555
I,Solid Waste / Recycling,29.738,-95.305,4,2,0,1.6932002314814811
I,Solid Waste / Recycling,29.738,-95.264,4,0,2,13.51870949074074
I,Solid Waste / Recycling,29.738,-95.255,4,0,1,5.572094907407408
I,Solid Waste / Recycling,29.739,-95.339,4,0,1,6.209021990740741
I,Solid Waste / Recycling,29.739,-95.326,4,1,2,16.56212962962963
A,Solid Waste / Recycling,29.876,-95.456,4,1,1,1.9624189814814812
A,Traffic Signals / Lighting,29.773,-95.458,4,0,0,0.0180497685185185
A,Traffic Signals / Lighting,29.777,-95.484,4,0,0,0.13087384259259255
I,Solid Waste / Recycling,29.737,-95.335,4,1,1,4.398263888888889
I,Solid Waste / Recycling,29.737,-95.328,4,0,0,8.003877314814815
D,Road / Pothole / Bridge,29.649,-95.347,4,1,0,0.1382407407407407
D,Road / Pothole / Bridge,29.666,-95.366,4,1,2,15.006724537037035
D,Road / Pothole / Bridge,29.669,-95.366,4,2,1,18.999450231481482
D,Road / Pothole / Bridge,29.673,-95.386,4,0,1,0.0035763888888888
D,Road / Pothole / Bridge,29.702,-95.365,4,1,1,6.782199074074074
A,Traffic Signals / Lighting,29.785,-95.544,4,1,2,14.44050925925926
A,Traffic Signals / Lighting,29.785,-95.521,4,0,0,0.03949652777777775
A,Traffic Signals / Lighting,29.787,-95.468,4,1,1,3.552534722222222
A,Traffic Signals / Lighting,29.789,-95.667,4,1,0,0.6969097222222222
A,Traffic Signals / Lighting,29.794,-95.54,4,0,0,0.936730324074074
I,Solid Waste / Recycling,29.734,-95.282,4,1,1,9.0246875
I,Solid Waste / Recycling,29.735,-95.338,4,0,3,18.96314814814815
I,Solid Waste / Recycling,29.735,-95.256,4,0,2,27.60288194444444
I,Solid Waste / Recycling,29.73,-95.315,4,0,1,4.917274305555556
D,Road / Pothole / Bridge,29.715,-95.396,4,1,1,2.943796296296296
D,Road / Pothole / Bridge,29.722,-95.377,4,1,0,0.0674189814814814
D,Road / Pothole / Bridge,29.723,-95.378,4,1,0,0.1705092592592592
D,Road / Pothole / Bridge,29.726,-95.367,4,0,0,0.0059837962962962
D,Road / Pothole / Bridge,29.734,-95.369,4,1,0,1.180601851851852
D,Road / Pothole / Bridge,29.642,-95.337,4,0,0,3.903298611111111
I,Solid Waste / Recycling,29.731,-95.298,4,0,1,6.106770833333333
I,Solid Waste / Recycling,29.731,-95.294,4,2,1,29.43954861111111
I,Solid Waste / Recycling,29.734,-95.324,4,0,2,25.33613425925926
I,Solid Waste / Recycling,29.734,-95.321,4,1,1,6.118275462962963
A,Traffic Signals / Lighting,29.794,-95.457,4,0,0,1.0775405092592594
A,Traffic Signals / Lighting,29.803,-95.496,4,1,0,0.0698958333333333
A,Traffic Signals / Lighting,29.803,-95.485,4,1,0,0.8264583333333333
A,Traffic Signals / Lighting,29.804,-95.496,4,1,1,0.9274537037037036
I,Solid Waste / Recycling,29.729,-95.285,4,0,1,2.305324074074074
I,Solid Waste / Recycling,29.73,-95.326,4,0,1,5.0412384259259255
D,Road / Pothole / Bridge,29.735,-95.348,4,3,1,46.17519675925926
D,Road / Pothole / Bridge,29.746,-95.369,4,0,1,1.3424131944444446
D,Road / Pothole / Bridge,29.749,-95.378,4,0,0,2.9256828703703706
D,Sewer / Wastewater,29.61,-95.228,4,0,0,0.7596527777777777
D,Sewer / Wastewater,29.642,-95.366,4,2,0,6.947870370370371
D,Sewer / Wastewater,29.643,-95.364,4,0,1,7.418246527777778
D,Sewer / Wastewater,29.643,-95.339,4,0,0,0.3470949074074074
I,Solid Waste / Recycling,29.725,-95.3,4,0,2,17.009502314814814
I,Solid Waste / Recycling,29.727,-95.327,4,0,3,30.359664351851848
I,Solid Waste / Recycling,29.728,-95.325,4,2,0,4.031527777777778
I,Solid Waste / Recycling,29.721,-95.298,4,0,3,32.90320601851852
A,Traffic Signals / Lighting,29.813,-95.554,4,0,0,0.0621296296296296
A,Traffic Signals / Lighting,29.815,-95.545,4,0,0,0.42909143518518517
A,Traffic Signals / Lighting,29.822,-95.526,4,0,1,5.717928240740742
A,Traffic Signals / Lighting,29.825,-95.523,4,0,0,0.5028703703703704
I,Solid Waste / Recycling,29.721,-95.291,4,0,1,2.1700231481481485
I,Solid Waste / Recycling,29.722,-95.318,4,1,0,5.934872685185185
D,Sewer / Wastewater,29.654,-95.337,4,1,0,1.4993402777777778
C,Solid Waste / Recycling,29.74,-95.4,4,0,2,12.922500000000001
C,Solid Waste / Recycling,29.74,-95.398,4,1,2,15.114872685185183
C,Solid Waste / Recycling,29.741,-95.417,4,0,0,6.051487268518518
D,Sewer / Wastewater,29.664,-95.335,4,0,0,0.42438078703703697
D,Road / Pothole / Bridge,29.734,-95.357,4,0,2,11.386851851851853
I,Solid Waste / Recycling,29.718,-95.318,4,1,0,1.0108564814814816
I,Solid Waste / Recycling,29.719,-95.318,4,0,3,29.468663194444446
I,Solid Waste / Recycling,29.72,-95.318,4,0,2,40.231180555555554
I,Solid Waste / Recycling,29.72,-95.31,4,0,2,22.584253472222223
I,Solid Waste / Recycling,29.72,-95.299,4,1,1,13.167685185185183
I,Solid Waste / Recycling,29.721,-95.318,4,0,1,3.0752314814814814
I,Solid Waste / Recycling,29.711,-95.28,4,0,2,22.388807870370375
I,Solid Waste / Recycling,29.712,-95.273,4,0,2,65.42606481481482
I,Solid Waste / Recycling,29.713,-95.319,4,1,2,16.746712962962963
D,Sewer / Wastewater,29.673,-95.33,4,0,0,0.9134780092592593
D,Sewer / Wastewater,29.685,-95.329,4,0,1,2.5847974537037035
D,Sewer / Wastewater,29.707,-95.368,4,0,0,1.075462962962963
D,Sewer / Wastewater,29.727,-95.362,4,0,0,0.10883680555555555
D,Sewer / Wastewater,29.644,-95.373,4,0,0,0.8189293981481481
A,Traffic Signals / Lighting,29.832,-95.537,4,0,0,0.01181134259259255
A,Traffic Signals / Lighting,29.833,-95.491,4,0,0,8.97917824074074
A,Traffic Signals / Lighting,29.833,-95.483,4,0,0,0.024832175925925848
A,Traffic Signals / Lighting,29.847,-95.524,4,1,0,0.0170254629629629
I,Solid Waste / Recycling,29.71,-95.298,4,0,3,21.852604166666666
I,Solid Waste / Recycling,29.708,-95.294,4,0,2,32.32778935185185
I,Solid Waste / Recycling,29.708,-95.291,4,0,1,0.8723032407407407
I,Solid Waste / Recycling,29.708,-95.289,4,0,2,24.95615162037037
I,Solid Waste / Recycling,29.708,-95.282,4,0,1,6.694409722222222
I,Solid Waste / Recycling,29.709,-95.29,4,2,0,3.6210763888888886
D,Sewer / Wastewater,29.741,-95.381,4,1,0,1.0975347222222225
D,Solid Waste / Recycling,29.586,-95.202,4,1,1,1.068298611111111
D,Solid Waste / Recycling,29.586,-95.196,4,0,2,34.71195601851852
D,Solid Waste / Recycling,29.588,-95.198,4,0,2,11.961180555555556
D,Solid Waste / Recycling,29.591,-95.225,4,0,1,3.8036805555555557
D,Solid Waste / Recycling,29.591,-95.193,4,1,0,1.1766261574074075
D,Solid Waste / Recycling,29.592,-95.196,4,0,2,38.87813657407408
I,Solid Waste / Recycling,29.697,-95.308,4,1,3,15.746087962962964
I,Solid Waste / Recycling,29.702,-95.315,4,0,0,2.423420138888889
I,Solid Waste / Recycling,29.703,-95.28,4,0,2,42.83204861111111
I,Solid Waste / Recycling,29.704,-95.318,4,0,2,17.566944444444445
I,Solid Waste / Recycling,29.705,-95.318,4,0,1,7.474652777777778
I,Solid Waste / Recycling,29.688,-95.3,4,0,1,4.371388888888889
I,Solid Waste / Recycling,29.689,-95.261,4,0,2,14.690358796296296
I,Solid Waste / Recycling,29.69,-95.322,4,0,2,34.73778935185185
I,Solid Waste / Recycling,29.692,-95.304,4,0,0,8.076944444444443
I,Solid Waste / Recycling,29.694,-95.296,4,0,1,5.091851851851852
A,Traffic Signals / Lighting,29.865,-95.487,4,0,0,5.341921296296297
D,Solid Waste / Recycling,29.598,-95.213,4,0,1,0.0323263888888888
D,Solid Waste / Recycling,29.599,-95.211,4,0,1,3.551232638888889
D,Solid Waste / Recycling,29.602,-95.23,4,0,1,7.939322916666665
D,Solid Waste / Recycling,29.602,-95.22,4,1,0,9.671840277777775
D,Solid Waste / Recycling,29.604,-95.242,4,0,1,2.2376157407407407
D,Solid Waste / Recycling,29.604,-95.226,4,0,1,6.559230324074074
A,Traffic Signals / Lighting,29.866,-95.481,4,1,0,0.01567129629629625
A,Traffic Signals / Lighting,29.867,-95.541,4,0,0,6.671689814814815
A,Traffic Signals / Lighting,29.874,-95.474,4,1,0,0.0097800925925925
A,Water,29.787,-95.643,4,2,0,0.32037615740740744
I,Solid Waste / Recycling,29.682,-95.255,4,0,2,13.850960648148149
I,Solid Waste / Recycling,29.677,-95.315,4,0,0,4.290474537037037
I,Solid Waste / Recycling,29.677,-95.262,4,0,3,59.07128472222222
I,Solid Waste / Recycling,29.679,-95.283,4,0,0,3.1531770833333335
I,Solid Waste / Recycling,29.681,-95.318,4,1,0,2.1279050925925924
I,Solid Waste / Recycling,29.681,-95.262,4,0,1,5.311278935185185
D,Solid Waste / Recycling,29.604,-95.22,4,0,2,12.751018518518517
D,Solid Waste / Recycling,29.604,-95.218,4,1,2,52.90197916666666
C,Solid Waste / Recycling,29.738,-95.413,4,0,0,12.759537037037035
C,Solid Waste / Recycling,29.738,-95.405,4,0,2,20.023229166666667
C,Solid Waste / Recycling,29.738,-95.384,4,1,2,45.93059027777778
I,Solid Waste / Recycling,29.671,-95.308,4,2,0,7.24886574074074
I,Solid Waste / Recycling,29.672,-95.305,4,0,2,22.670856481481483
I,Solid Waste / Recycling,29.672,-95.279,4,0,2,10.45400462962963
I,Solid Waste / Recycling,29.674,-95.272,4,2,1,9.250972222222222
I,Solid Waste / Recycling,29.674,-95.258,4,0,2,13.876678240740741
I,Solid Waste / Recycling,29.667,-95.285,4,0,3,33.13429976851852
I,Solid Waste / Recycling,29.668,-95.269,4,1,1,1.1838657407407407
I,Solid Waste / Recycling,29.67,-95.309,4,1,1,22.638038194444444
I,Solid Waste / Recycling,29.637,-95.234,4,0,1,0.8323379629629629
I,Solid Waste / Recycling,29.65,-95.309,4,0,1,8.553038194444445
I,Solid Waste / Recycling,29.659,-95.314,4,0,1,13.363634259259259
I,Solid Waste / Recycling,29.659,-95.311,4,1,0,2.8279513888888888
I,Solid Waste / Recycling,29.661,-95.315,4,0,1,0.1266782407407407
I,Solid Waste / Recycling,29.662,-95.28,4,0,0,11.64976273148148
A,Water,29.791,-95.457,4,1,0,0.3478587962962963
D,Solid Waste / Recycling,29.606,-95.305,4,0,2,8.774357638888889
D,Solid Waste / Recycling,29.607,-95.303,4,0,3,35.103350694444444
D,Solid Waste / Recycling,29.61,-95.235,4,0,1,4.449189814814815
C,Solid Waste / Recycling,29.736,-95.406,4,0,2,9.72174189814815
C,Solid Waste / Recycling,29.737,-95.409,4,1,3,36.41795138888889
D,Solid Waste / Recycling,29.614,-95.37,4,0,2,13.81972800925926
A,Water,29.792,-95.474,4,0,0,4.298755787037036
A,Water,29.793,-95.456,4,0,0,0.06767361111111105
A,Water,29.796,-95.683,4,0,0,0.512980324074074
A,Water,29.796,-95.455,4,0,0,0.4184837962962963
A,Water,29.797,-95.685,4,0,1,20.834386574074074
I,Solid Waste / Recycling,29.634,-95.214,4,0,0,9.322309027777777
I,Solid Waste / Recycling,29.635,-95.26,4,0,0,2.836400462962963
D,Solid Waste / Recycling,29.614,-95.336,4,0,2,17.338460648148146
D,Solid Waste / Recycling,29.616,-95.394,4,0,1,10.902719907407407
D,Solid Waste / Recycling,29.616,-95.328,4,0,0,3.8782060185185183
I,Solid Waste / Recycling,29.628,-95.274,4,1,1,2.2086689814814813
I,Solid Waste / Recycling,29.629,-95.207,4,1,3,43.58328703703704
I,Solid Waste / Recycling,29.63,-95.212,4,0,1,5.694091435185186
I,Solid Waste / Recycling,29.634,-95.215,4,0,0,8.897662037037037
A,Water,29.789,-95.688,4,0,0,1.7947685185185185
I,Solid Waste / Recycling,29.62,-95.248,4,1,1,48.90523726851851
I,Solid Waste / Recycling,29.622,-95.295,4,1,1,2.388888888888889
I,Solid Waste / Recycling,29.622,-95.204,4,1,1,13.802326388888888
I,Solid Waste / Recycling,29.623,-95.269,4,1,2,25.9471875
I,Solid Waste / Recycling,29.624,-95.303,4,0,2,26.1300462962963
I,Solid Waste / Recycling,29.624,-95.211,4,0,2,57.10695601851852
I,Solid Waste / Recycling,29.624,-95.201,4,0,2,13.79953125
D,Solid Waste / Recycling,29.616,-95.315,4,0,1,25.28496527777778
D,Solid Waste / Recycling,29.618,-95.382,4,0,0,2.930520833333333
D,Solid Waste / Recycling,29.618,-95.371,4,1,0,2.7238310185185184
D,Solid Waste / Recycling,29.619,-95.409,4,0,1,6.438553240740741
D,Solid Waste / Recycling,29.619,-95.384,4,0,2,12.566782407407409
D,Solid Waste / Recycling,29.619,-95.35,4,1,2,20.108923611111116
I,Solid Waste / Recycling,29.608,-95.245,4,0,0,1.8552604166666669
I,Solid Waste / Recycling,29.611,-95.269,4,1,1,22.08537037037037
I,Solid Waste / Recycling,29.616,-95.243,4,2,0,6.445844907407407
I,Solid Waste / Recycling,29.619,-95.278,4,2,2,41.96345486111112
I,Solid Waste / Recycling,29.605,-95.259,4,2,2,43.04648148148148
I,Solid Waste / Recycling,29.605,-95.249,4,0,1,11.775613425925926
I,Solid Waste / Recycling,29.606,-95.264,4,0,2,8.722893518518518
I,Solid Waste / Recycling,29.606,-95.245,4,1,1,4.539965277777778
C,Solid Waste / Recycling,29.734,-95.408,4,2,0,6.45808449074074
C,Solid Waste / Recycling,29.734,-95.399,4,3,1,23.070671296296297
C,Solid Waste / Recycling,29.734,-95.396,4,1,1,13.028952546296296
C,Solid Waste / Recycling,29.735,-95.408,4,0,2,12.658697916666664
D,Solid Waste / Recycling,29.621,-95.367,4,0,3,21.97775462962963
D,Solid Waste / Recycling,29.621,-95.355,4,1,2,104.96597222222222
D,Solid Waste / Recycling,29.616,-95.323,4,1,1,59.89307870370371
A,Water,29.807,-95.461,4,0,0,0.5578993055555554
A,Water,29.812,-95.543,4,0,1,0.0877777777777777
I,Sewer / Wastewater,29.714,-95.327,4,1,0,4.063217592592593
I,Sewer / Wastewater,29.723,-95.332,4,0,0,0.1173148148148148
I,Sewer / Wastewater,29.728,-95.282,4,0,0,0.5248379629629629
I,Sewer / Wastewater,29.602,-95.277,4,0,0,0.07618634259259255
I,Sewer / Wastewater,29.658,-95.29,4,0,1,0.0019965277777777
A,Water,29.801,-95.475,4,0,1,3.154392361111111
I,Road / Pothole / Bridge,29.742,-95.351,4,0,1,18.69543402777778
I,Road / Pothole / Bridge,29.743,-95.351,4,2,2,41.39837962962963
I,Road / Pothole / Bridge,29.751,-95.37,4,1,1,2.862604166666667
I,Road / Pothole / Bridge,29.752,-95.356,4,0,1,1.5128645833333332
I,Road / Pothole / Bridge,29.754,-95.373,4,0,0,0.5441666666666667
I,Road / Pothole / Bridge,29.758,-95.373,4,0,0,0.7768055555555555
I,Road / Pothole / Bridge,29.76,-95.367,4,0,0,0.005613425925925899
D,Solid Waste / Recycling,29.622,-95.338,4,0,4,28.80553240740741
D,Solid Waste / Recycling,29.623,-95.381,4,0,1,3.373136574074074
D,Solid Waste / Recycling,29.623,-95.352,4,0,1,22.079427083333332
D,Solid Waste / Recycling,29.623,-95.341,4,0,2,8.669618055555556
D,Solid Waste / Recycling,29.623,-95.238,4,3,0,9.526666666666667
D,Solid Waste / Recycling,29.624,-95.384,4,0,0,3.4289872685185188
D,Solid Waste / Recycling,29.624,-95.333,4,1,2,43.212476851851854
D,Solid Waste / Recycling,29.624,-95.237,4,0,0,9.589409722222221
A,Water,29.848,-95.537,4,0,0,0.0478935185185185
A,Water,29.848,-95.474,4,0,0,0.12263888888888885
A,Water,29.85,-95.492,4,0,0,0.041840277777777754
A,Water,29.86,-95.533,4,0,0,0.5572395833333332
I,Road / Pothole / Bridge,29.702,-95.321,4,2,0,5.399554398148148
D,Solid Waste / Recycling,29.626,-95.332,4,1,2,23.761875
D,Solid Waste / Recycling,29.628,-95.365,4,0,0,2.8709375
D,Solid Waste / Recycling,29.628,-95.334,4,1,2,41.389456018518516
D,Solid Waste / Recycling,29.629,-95.359,4,0,1,4.108142361111111
D,Solid Waste / Recycling,29.629,-95.345,4,0,1,2.9275231481481483
I,Road / Pothole / Bridge,29.618,-95.263,4,0,1,4.123802083333333
I,Road / Pothole / Bridge,29.668,-95.263,4,0,0,1.6255092592592593
I,Road / Pothole / Bridge,29.685,-95.308,4,0,0,1.0495486111111112
I,Road / Pothole / Bridge,29.685,-95.259,4,0,0,4.465659722222222
A,Water,29.874,-95.474,4,0,0,0.08499421296296295
B,Drainage / Flooding,29.807,-95.312,4,0,3,66.80670717592594
I,Drainage / Flooding,29.667,-95.314,4,4,0,
H,Water,29.821,-95.385,4,1,0,0.9670949074074074
C,Solid Waste / Recycling,29.731,-95.404,4,1,1,7.55130787037037
C,Solid Waste / Recycling,29.731,-95.387,4,0,2,41.203987268518524
D,Solid Waste / Recycling,29.632,-95.35,4,1,2,43.98659722222222
D,Solid Waste / Recycling,29.633,-95.365,4,0,2,26.63630787037037
D,Solid Waste / Recycling,29.625,-95.364,4,0,0,4.852795138888888
H,Water,29.857,-95.399,4,0,0,2.8375173611111113
H,Water,29.857,-95.381,4,0,0,0.6377141203703705
A,Water,29.868,-95.54,4,0,1,0.4192824074074074
H,Water,29.799,-95.361,4,0,0,6.903003472222222
H,Water,29.801,-95.355,4,0,0,0.5427835648148148
H,Water,29.804,-95.388,4,0,0,0.9613888888888891
H,Water,29.814,-95.397,4,0,0,0.3441724537037037
H,Water,29.774,-95.3,4,0,0,0.21928240740740734
H,Water,29.775,-95.363,4,1,0,5.628015046296296
H,Water,29.78,-95.366,4,0,1,4.532633101851852
H,Water,29.781,-95.365,4,1,1,1.0664814814814816
H,Water,29.785,-95.384,4,0,0,1.9464814814814815
H,Water,29.786,-95.384,4,0,1,3.028796296296296
B,Drainage / Flooding,29.876,-95.293,4,2,0,0.9008622685185186
D,Solid Waste / Recycling,29.634,-95.357,4,0,1,2.384241898148148
D,Solid Waste / Recycling,29.636,-95.361,4,1,1,6.771469907407408
D,Solid Waste / Recycling,29.637,-95.353,4,0,1,4.533153935185185
B,Drainage / Flooding,29.879,-95.293,4,1,0,0.9358564814814816
H,Water,29.768,-95.373,4,0,0,0.0013599537037036502
H,Water,29.77,-95.376,4,0,0,1.4218055555555555
H,Water,29.771,-95.37,4,0,1,2.847303240740741
H,Water,29.75,-95.335,4,1,0,0.2731828703703703
H,Water,29.752,-95.335,4,0,1,0.12070023148148146
H,Water,29.759,-95.342,4,0,1,0.5433391203703704
H,Water,29.766,-95.372,4,1,0,0.5269560185185185
H,Water,29.768,-95.398,4,1,0,0.5832407407407407
H,Traffic Signals / Lighting,29.932,-95.41,4,0,0,1.671105324074074
H,Water,29.741,-95.321,4,0,2,21.18126736111111
H,Water,29.743,-95.323,4,1,0,0.0177083333333333
H,Water,29.744,-95.323,4,2,0,0.4320023148148148
H,Water,29.75,-95.34,4,1,1,23.950636574074075
C,Solid Waste / Recycling,29.727,-95.44,4,0,1,56.70243055555556
C,Solid Waste / Recycling,29.727,-95.412,4,1,1,39.637881944444445
C,Solid Waste / Recycling,29.728,-95.412,4,0,2,32.60820601851852
C,Solid Waste / Recycling,29.729,-95.408,4,0,2,32.93788194444444
C,Solid Waste / Recycling,29.73,-95.408,4,0,0,2.462991898148148
D,Solid Waste / Recycling,29.638,-95.405,4,0,1,11.687366898148149
D,Solid Waste / Recycling,29.638,-95.356,4,1,0,0.0010185185185185
D,Solid Waste / Recycling,29.633,-95.35,4,0,2,23.26251157407407
B,Road / Pothole / Bridge,29.768,-95.336,4,0,0,3.721238425925926
B,Road / Pothole / Bridge,29.768,-95.328,4,0,1,4.341348379629629
B,Road / Pothole / Bridge,29.768,-95.323,4,2,0,0.66078125
B,Road / Pothole / Bridge,29.769,-95.343,4,0,0,1.0432465277777778
B,Road / Pothole / Bridge,29.79,-95.278,4,0,0,1.7420949074074075
H,Traffic Signals / Lighting,29.844,-95.411,4,0,0,1.185162037037037
D,Solid Waste / Recycling,29.639,-95.352,4,0,2,21.05613425925926
D,Solid Waste / Recycling,29.64,-95.365,4,0,1,9.397957175925924
D,Solid Waste / Recycling,29.64,-95.362,4,0,2,28.603778935185186
D,Solid Waste / Recycling,29.64,-95.358,4,0,3,37.15594907407407
D,Solid Waste / Recycling,29.642,-95.367,4,0,2,14.186944444444446
C,Solid Waste / Recycling,29.712,-95.407,4,1,1,25.574189814814815
C,Solid Waste / Recycling,29.726,-95.44,4,0,3,33.00070601851852
H,Traffic Signals / Lighting,29.793,-95.356,4,0,0,0.7058969907407406
H,Traffic Signals / Lighting,29.795,-95.378,4,1,1,3.317974537037037
H,Traffic Signals / Lighting,29.804,-95.388,4,0,0,1.5670601851851853
H,Traffic Signals / Lighting,29.804,-95.382,4,1,0,0.7481365740740741
H,Traffic Signals / Lighting,29.813,-95.352,4,0,1,0.561238425925926
H,Traffic Signals / Lighting,29.816,-95.365,4,0,1,2.210659722222222
H,Traffic Signals / Lighting,29.827,-95.411,4,1,0,0.07862268518518516
H,Traffic Signals / Lighting,29.828,-95.371,4,0,0,1.5303067129629628
H,Traffic Signals / Lighting,29.832,-95.376,4,1,0,0.7021643518518519
H,Traffic Signals / Lighting,29.837,-95.332,4,0,0,1.9964641203703706
C,Solid Waste / Recycling,29.713,-95.408,4,0,2,26.780462962962964
C,Solid Waste / Recycling,29.714,-95.411,4,0,3,34.70322916666667
C,Solid Waste / Recycling,29.725,-95.402,4,1,2,35.72134837962963
D,Solid Waste / Recycling,29.643,-95.361,4,0,1,3.4129976851851853
B,Road / Pothole / Bridge,29.807,-95.302,4,0,0,0.4997337962962963
B,Road / Pothole / Bridge,29.809,-95.285,4,1,2,31.71078703703704
B,Road / Pothole / Bridge,29.815,-95.277,4,0,1,4.5319618055555555
B,Road / Pothole / Bridge,29.834,-95.325,4,1,0,2.999525462962963
H,Solid Waste / Recycling,29.929,-95.399,4,0,0,3.278773148148148
H,Traffic Signals / Lighting,29.753,-95.341,4,1,1,17.047476851851854
H,Traffic Signals / Lighting,29.762,-95.365,4,2,1,10.593408564814816
H,Traffic Signals / Lighting,29.762,-95.361,4,2,0,2.1686921296296298
H,Traffic Signals / Lighting,29.765,-95.363,4,0,1,2.219971064814815
H,Traffic Signals / Lighting,29.772,-95.306,4,1,0,4.4457002314814815
D,Solid Waste / Recycling,29.649,-95.375,4,0,2,9.110920138888888
D,Solid Waste / Recycling,29.649,-95.373,4,1,1,8.096689814814814
D,Solid Waste / Recycling,29.651,-95.335,4,0,3,21.817065972222224
D,Solid Waste / Recycling,29.652,-95.374,4,0,2,29.52914930555556
H,Solid Waste / Recycling,29.872,-95.388,4,2,0,
H,Solid Waste / Recycling,29.874,-95.402,4,1,0,1.0420717592592592
H,Solid Waste / Recycling,29.875,-95.392,4,0,1,7.608530092592592
H,Solid Waste / Recycling,29.916,-95.403,4,2,1,35.46935185185185
H,Solid Waste / Recycling,29.92,-95.4,4,2,1,15.619502314814817
H,Solid Waste / Recycling,29.868,-95.391,4,2,0,7.409826388888889
B,Road / Pothole / Bridge,29.84,-95.327,4,3,0,3.0261689814814816
B,Road / Pothole / Bridge,29.856,-95.292,4,0,1,11.436475694444447
B,Road / Pothole / Bridge,29.87,-95.335,4,0,1,4.826828703703704
B,Road / Pothole / Bridge,29.87,-95.315,4,0,1,1.3907291666666666
B,Road / Pothole / Bridge,29.87,-95.314,4,1,0,4.164178240740741
B,Road / Pothole / Bridge,29.874,-95.44,4,0,0,0.9020370370370371
C,Solid Waste / Recycling,29.699,-95.411,4,0,1,1.0081539351851851
C,Solid Waste / Recycling,29.702,-95.432,4,0,1,4.097939814814815
C,Solid Waste / Recycling,29.704,-95.432,4,0,2,32.91818287037037
D,Solid Waste / Recycling,29.655,-95.36,4,1,0,0.1747569444444444
D,Solid Waste / Recycling,29.655,-95.347,4,2,1,7.650063657407408
D,Solid Waste / Recycling,29.656,-95.35,4,0,0,5.007054398148148
H,Solid Waste / Recycling,29.859,-95.371,4,0,3,38.38123842592593
H,Solid Waste / Recycling,29.86,-95.349,4,1,1,9.564305555555556
H,Solid Waste / Recycling,29.861,-95.367,4,2,1,20.988553240740742
H,Solid Waste / Recycling,29.862,-95.324,4,1,1,6.895300925925926
H,Solid Waste / Recycling,29.863,-95.383,4,0,1,5.651724537037037
H,Solid Waste / Recycling,29.864,-95.351,4,0,0,3.820162037037037
B,Road / Pothole / Bridge,29.882,-95.426,4,1,0,1.0621064814814816
B,Sewer / Wastewater,29.767,-95.32,4,0,1,4.928373842592593
H,Solid Waste / Recycling,29.852,-95.333,4,2,0,3.419259259259259
D,Solid Waste / Recycling,29.657,-95.378,4,0,3,30.897511574074077
D,Solid Waste / Recycling,29.657,-95.334,4,0,1,8.131944444444445
D,Solid Waste / Recycling,29.658,-95.33,4,0,3,25.745069444444447
D,Solid Waste / Recycling,29.659,-95.36,4,0,1,3.557037037037037
D,Solid Waste / Recycling,29.659,-95.349,4,2,1,60.53829861111111
H,Solid Waste / Recycling,29.853,-95.373,4,2,0,7.700619212962963
H,Solid Waste / Recycling,29.853,-95.323,4,1,0,0.7263078703703704
H,Solid Waste / Recycling,29.854,-95.374,4,0,0,6.814079861111111
H,Solid Waste / Recycling,29.848,-95.379,4,0,0,4.372442129629629
H,Solid Waste / Recycling,29.849,-95.369,4,0,4,33.21251157407407
H,Solid Waste / Recycling,29.85,-95.375,4,2,1,32.923657407407404
H,Solid Waste / Recycling,29.85,-95.33,4,1,1,0.7654513888888889
H,Solid Waste / Recycling,29.851,-95.375,4,0,3,17.135248842592596
H,Solid Waste / Recycling,29.852,-95.381,4,1,0,1.340925925925926
H,Solid Waste / Recycling,29.843,-95.379,4,0,0,1.7347800925925927
H,Solid Waste / Recycling,29.844,-95.349,4,0,0,5.239282407407408
H,Solid Waste / Recycling,29.845,-95.365,4,1,1,9.83320601851852
H,Solid Waste / Recycling,29.845,-95.357,4,1,0,8.20375
H,Solid Waste / Recycling,29.847,-95.326,4,1,0,6.563686342592593
H,Solid Waste / Recycling,29.848,-95.401,4,0,1,4.63318287037037
C,Solid Waste / Recycling,29.688,-95.481,4,1,3,38.79672453703704
C,Solid Waste / Recycling,29.69,-95.492,4,1,1,25.95708912037037
C,Solid Waste / Recycling,29.692,-95.443,4,0,1,4.735480324074074
C,Solid Waste / Recycling,29.693,-95.434,4,1,0,1.330497685185185
C,Solid Waste / Recycling,29.694,-95.435,4,0,2,11.605185185185185
C,Solid Waste / Recycling,29.696,-95.435,4,0,1,3.6073958333333334
H,Solid Waste / Recycling,29.841,-95.34,4,1,0,5.021799768518519
B,Sewer / Wastewater,29.774,-95.328,4,0,0,4.9143692129629635
B,Sewer / Wastewater,29.811,-95.281,4,0,0,0.9453645833333333
B,Sewer / Wastewater,29.841,-95.257,4,0,0,1.1453761574074073
H,Solid Waste / Recycling,29.836,-95.348,4,0,0,2.792355324074074
H,Solid Waste / Recycling,29.838,-95.348,4,0,1,7.797656250000001
H,Solid Waste / Recycling,29.833,-95.416,4,0,2,16.52962962962963
D,Solid Waste / Recycling,29.662,-95.361,4,1,2,74.71719907407407
D,Solid Waste / Recycling,29.662,-95.358,4,0,1,10.758501157407409
D,Solid Waste / Recycling,29.663,-95.365,4,0,1,10.868020833333333
D,Solid Waste / Recycling,29.663,-95.34,4,0,0,2.7956944444444445
D,Solid Waste / Recycling,29.664,-95.365,4,0,1,2.4054108796296294
H,Solid Waste / Recycling,29.834,-95.358,4,2,1,64.0666087962963
H,Solid Waste / Recycling,29.836,-95.375,4,1,1,15.371128472222221
H,Solid Waste / Recycling,29.832,-95.348,4,0,3,27.00365740740741
B,Sewer / Wastewater,29.858,-95.3,4,0,0,1.145792824074074
B,Sewer / Wastewater,29.877,-95.293,4,0,0,0.8463136574074075
B,Sewer / Wastewater,29.887,-95.428,4,0,0,1.6756539351851851
B,Sewer / Wastewater,29.933,-95.395,4,0,0,0.37555555555555553
B,Sewer / Wastewater,29.95,-95.421,4,0,0,0.925144675925926
B,Sewer / Wastewater,29.95,-95.407,4,0,0,0.748912037037037
H,Solid Waste / Recycling,29.833,-95.417,4,0,2,27.102042824074076
C,Solid Waste / Recycling,29.683,-95.454,4,1,1,56.04246527777778
D,Solid Waste / Recycling,29.661,-95.333,4,0,3,15.00097222222222
H,Solid Waste / Recycling,29.829,-95.344,4,0,0,5.943275462962963
H,Solid Waste / Recycling,29.83,-95.406,4,1,1,8.194560185185185
H,Solid Waste / Recycling,29.831,-95.418,4,0,3,31.600185185185186
H,Solid Waste / Recycling,29.831,-95.373,4,1,2,14.803252314814817
H,Solid Waste / Recycling,29.832,-95.399,4,1,2,34.71765625
H,Solid Waste / Recycling,29.832,-95.352,4,0,1,6.895023148148148
H,Solid Waste / Recycling,29.826,-95.386,4,0,1,34.00925925925926
B,Solid Waste / Recycling,29.76,-95.274,4,1,1,1.733263888888889
B,Solid Waste / Recycling,29.762,-95.267,4,0,1,3.029398148148148
B,Solid Waste / Recycling,29.764,-95.325,4,0,1,7.530300925925926
B,Solid Waste / Recycling,29.764,-95.278,4,1,1,5.886261574074074
B,Solid Waste / Recycling,29.766,-95.337,4,1,2,26.3340625
B,Solid Waste / Recycling,29.766,-95.336,4,0,2,18.583171296296296
H,Solid Waste / Recycling,29.824,-95.401,4,1,0,6.702673611111111
H,Solid Waste / Recycling,29.824,-95.393,4,2,1,50.51822916666667
H,Solid Waste / Recycling,29.825,-95.396,4,0,4,124.01662615740742
H,Solid Waste / Recycling,29.825,-95.366,4,0,3,73.74887152777778
H,Solid Waste / Recycling,29.825,-95.348,4,1,2,15.857314814814815
H,Solid Waste / Recycling,29.826,-95.396,4,0,2,9.411521990740741
B,Solid Waste / Recycling,29.768,-95.335,4,2,1,15.447256944444444
B,Solid Waste / Recycling,29.769,-95.323,4,2,0,9.186278935185186
B,Solid Waste / Recycling,29.771,-95.343,4,0,0,4.8894270833333335
B,Solid Waste / Recycling,29.772,-95.323,4,0,3,98.2474826388889
H,Solid Waste / Recycling,29.822,-95.363,4,0,0,0.6865451388888888
H,Solid Waste / Recycling,29.823,-95.348,4,3,0,0.0017476851851851
H,Solid Waste / Recycling,29.82,-95.396,4,0,3,38.17485532407407
H,Solid Waste / Recycling,29.821,-95.392,4,1,2,27.699826388888887
H,Solid Waste / Recycling,29.822,-95.394,4,2,1,61.8833275462963
H,Solid Waste / Recycling,29.822,-95.391,4,0,2,23.71320601851852
H,Solid Waste / Recycling,29.822,-95.389,4,0,4,48.21119791666667
B,Solid Waste / Recycling,29.767,-95.271,4,0,1,4.628171296296296
B,Solid Waste / Recycling,29.768,-95.338,4,1,1,5.93931712962963
D,Solid Waste / Recycling,29.669,-95.338,4,0,0,5.381684027777778
D,Solid Waste / Recycling,29.669,-95.331,4,0,0,1.389895833333333
D,Solid Waste / Recycling,29.67,-95.357,4,0,0,7.363159722222222
D,Solid Waste / Recycling,29.67,-95.341,4,0,3,19.86541666666667
D,Solid Waste / Recycling,29.67,-95.322,4,1,1,2.8499537037037035
D,Solid Waste / Recycling,29.671,-95.365,4,0,1,7.138883101851851
H,Solid Waste / Recycling,29.817,-95.393,4,0,3,41.298587962962955
H,Solid Waste / Recycling,29.817,-95.348,4,2,1,34.27697337962963
H,Solid Waste / Recycling,29.817,-95.346,4,0,2,24.328611111111112
B,Solid Waste / Recycling,29.773,-95.323,4,1,2,101.56685185185184
B,Solid Waste / Recycling,29.774,-95.339,4,1,2,27.225729166666667
B,Solid Waste / Recycling,29.774,-95.334,4,1,3,102.41359953703704
B,Solid Waste / Recycling,29.776,-95.346,4,2,0,1.892650462962963
B,Solid Waste / Recycling,29.777,-95.343,4,1,0,3.5770717592592596
H,Solid Waste / Recycling,29.816,-95.394,4,0,2,33.072094907407404
C,Solid Waste / Recycling,29.678,-95.464,4,0,1,9.3553125
C,Solid Waste / Recycling,29.681,-95.489,4,1,1,20.42142939814815
C,Solid Waste / Recycling,29.681,-95.449,4,1,0,0.8236574074074074
C,Solid Waste / Recycling,29.682,-95.485,4,0,2,12.426302083333335
D,Solid Waste / Recycling,29.671,-95.357,4,1,0,3.002222222222222
D,Solid Waste / Recycling,29.672,-95.372,4,0,0,6.781724537037038
D,Solid Waste / Recycling,29.669,-95.358,4,0,2,43.48996527777778
H,Solid Waste / Recycling,29.809,-95.385,4,2,0,3.901371527777778
H,Solid Waste / Recycling,29.81,-95.385,4,1,1,9.108113425925923
H,Solid Waste / Recycling,29.811,-95.353,4,0,3,14.984612268518521
H,Solid Waste / Recycling,29.811,-95.341,4,0,1,23.816967592592594
H,Solid Waste / Recycling,29.806,-95.378,4,1,3,24.944305555555555
H,Solid Waste / Recycling,29.807,-95.361,4,1,2,54.551817129629626
B,Solid Waste / Recycling,29.777,-95.327,4,0,2,20.006215277777777
B,Solid Waste / Recycling,29.778,-95.333,4,1,0,5.652893518518519
H,Solid Waste / Recycling,29.808,-95.385,4,3,0,8.667824074074074
D,Solid Waste / Recycling,29.673,-95.368,4,0,4,20.910804398148144
D,Solid Waste / Recycling,29.674,-95.373,4,0,0,7.044375
C,Solid Waste / Recycling,29.676,-95.471,4,0,1,1.7442824074074075
B,Solid Waste / Recycling,29.779,-95.343,4,0,3,34.1469675925926
B,Solid Waste / Recycling,29.78,-95.324,4,1,0,2.8942592592592598
H,Solid Waste / Recycling,29.805,-95.37,4,1,1,55.083032407407416
H,Solid Waste / Recycling,29.801,-95.356,4,0,2,10.648003472222221
H,Solid Waste / Recycling,29.802,-95.376,4,0,2,24.764386574074077
H,Solid Waste / Recycling,29.803,-95.378,4,0,1,9.058877314814817
H,Solid Waste / Recycling,29.804,-95.378,4,0,2,14.264224537037038
H,Solid Waste / Recycling,29.804,-95.371,4,2,1,52.57572916666666
H,Solid Waste / Recycling,29.798,-95.354,4,2,1,63.45561342592593
H,Solid Waste / Recycling,29.799,-95.37,4,1,2,34.78596643518519
H,Solid Waste / Recycling,29.799,-95.365,4,2,1,37.068333333333335
H,Solid Waste / Recycling,29.797,-95.386,4,0,2,25.60480324074074
B,Solid Waste / Recycling,29.786,-95.331,4,1,3,37.74523148148148
B,Solid Waste / Recycling,29.788,-95.336,4,2,0,0.07899305555555555
B,Solid Waste / Recycling,29.789,-95.326,4,0,2,16.557141203703704
H,Solid Waste / Recycling,29.797,-95.375,4,0,3,54.0899537037037
H,Solid Waste / Recycling,29.797,-95.352,4,3,1,24.672013888888888
H,Solid Waste / Recycling,29.792,-95.385,4,0,0,10.677748842592592
D,Solid Waste / Recycling,29.676,-95.374,4,1,0,5.986122685185185
C,Solid Waste / Recycling,29.673,-95.5,4,1,1,10.96217013888889
C,Solid Waste / Recycling,29.675,-95.488,4,0,0,8.152453703703703
D,Solid Waste / Recycling,29.676,-95.348,4,0,2,23.31956597222222
H,Solid Waste / Recycling,29.794,-95.384,4,0,2,16.13589699074074
H,Solid Waste / Recycling,29.795,-95.341,4,0,0,7.142378472222222
H,Solid Waste / Recycling,29.796,-95.383,4,0,1,8.501712962962962
B,Solid Waste / Recycling,29.79,-95.315,4,1,1,4.065057870370371
B,Solid Waste / Recycling,29.791,-95.322,4,1,1,12.270497685185186
B,Solid Waste / Recycling,29.791,-95.321,4,1,1,4.713206018518519
H,Solid Waste / Recycling,29.791,-95.376,4,1,1,3.964722222222222
D,Solid Waste / Recycling,29.676,-95.333,4,0,0,1.8143344907407408
D,Solid Waste / Recycling,29.677,-95.37,4,0,0,12.88875
D,Solid Waste / Recycling,29.677,-95.366,4,2,0,6.3373842592592595
D,Solid Waste / Recycling,29.678,-95.364,4,0,2,22.838518518518516
D,Solid Waste / Recycling,29.678,-95.343,4,0,0,6.3134375
D,Solid Waste / Recycling,29.68,-95.337,4,0,2,15.154907407407407
D,Solid Waste / Recycling,29.681,-95.351,4,0,2,11.362060185185184
D,Solid Waste / Recycling,29.681,-95.33,4,0,2,11.873177083333333
H,Solid Waste / Recycling,29.787,-95.353,4,1,1,13.98976851851852
H,Solid Waste / Recycling,29.787,-95.308,4,1,0,4.890393518518518
H,Solid Waste / Recycling,29.788,-95.387,4,0,3,25.85375
H,Solid Waste / Recycling,29.789,-95.38,4,2,0,7.841070601851852
H,Solid Waste / Recycling,29.789,-95.367,4,3,0,1.129224537037037
H,Solid Waste / Recycling,29.785,-95.372,4,0,2,14.213101851851853
H,Solid Waste / Recycling,29.785,-95.359,4,0,0,3.9599884259259257
H,Solid Waste / Recycling,29.786,-95.363,4,1,1,8.997430555555555
H,Solid Waste / Recycling,29.786,-95.308,4,3,1,34.870925925925924
H,Solid Waste / Recycling,29.784,-95.311,4,0,2,34.004756944444445
D,Solid Waste / Recycling,29.682,-95.331,4,0,3,20.25042824074074
D,Solid Waste / Recycling,29.683,-95.371,4,0,2,9.081238425925925
D,Solid Waste / Recycling,29.683,-95.367,4,1,1,3.269398148148148
D,Solid Waste / Recycling,29.685,-95.367,4,0,3,60.35339699074074
D,Solid Waste / Recycling,29.685,-95.357,4,0,4,21.416533564814813
D,Solid Waste / Recycling,29.685,-95.356,4,0,0,3.3941030092592595
C,Solid Waste / Recycling,29.671,-95.492,4,0,1,6.4743865740740745
B,Solid Waste / Recycling,29.794,-95.313,4,1,0,2.774097222222222
B,Solid Waste / Recycling,29.794,-95.309,4,1,0,13.217476851851853
H,Solid Waste / Recycling,29.785,-95.374,4,4,0,
B,Solid Waste / Recycling,29.795,-95.329,4,0,2,40.107581018518516
B,Solid Waste / Recycling,29.796,-95.338,4,0,0,1.0551157407407408
B,Solid Waste / Recycling,29.796,-95.325,4,1,0,3.5486168981481483
B,Solid Waste / Recycling,29.796,-95.31,4,2,0,8.029722222222222
B,Solid Waste / Recycling,29.797,-95.315,4,3,0,6.713506944444444
H,Solid Waste / Recycling,29.784,-95.363,4,0,1,7.690925925925926
C,Solid Waste / Recycling,29.672,-95.493,4,0,0,5.907766203703703
C,Solid Waste / Recycling,29.672,-95.478,4,0,2,11.682627314814816
C,Solid Waste / Recycling,29.672,-95.471,4,0,1,0.1744328703703703
D,Solid Waste / Recycling,29.686,-95.376,4,0,2,10.422511574074074
H,Solid Waste / Recycling,29.78,-95.354,4,0,2,16.29474537037037
H,Solid Waste / Recycling,29.78,-95.31,4,2,0,5.116041666666667
H,Solid Waste / Recycling,29.78,-95.305,4,0,1,4.312094907407408
H,Solid Waste / Recycling,29.781,-95.358,4,1,0,0.0054050925925925
H,Solid Waste / Recycling,29.782,-95.355,4,0,1,6.6271875
H,Solid Waste / Recycling,29.777,-95.35,4,0,0,6.877210648148148
H,Solid Waste / Recycling,29.777,-95.308,4,1,2,17.03554398148148
H,Solid Waste / Recycling,29.778,-95.307,4,2,1,23.46467013888889
H,Solid Waste / Recycling,29.778,-95.304,4,0,2,13.85072337962963
H,Solid Waste / Recycling,29.778,-95.302,4,1,1,9.9028125
H,Solid Waste / Recycling,29.779,-95.351,4,2,1,54.36004629629629
H,Solid Waste / Recycling,29.779,-95.311,4,0,0,5.99423611111111
H,Solid Waste / Recycling,29.779,-95.309,4,1,2,18.851712962962964
H,Solid Waste / Recycling,29.779,-95.305,4,1,0,2.742638888888889
H,Solid Waste / Recycling,29.777,-95.362,4,1,0,7.903234953703704
D,Solid Waste / Recycling,29.687,-95.37,4,2,2,46.19034722222222
D,Solid Waste / Recycling,29.688,-95.327,4,0,1,0.8527546296296297
H,Solid Waste / Recycling,29.777,-95.361,4,1,2,27.977552083333336
B,Solid Waste / Recycling,29.801,-95.33,4,1,1,4.1346875
B,Solid Waste / Recycling,29.801,-95.286,4,0,1,5.888049768518519
B,Solid Waste / Recycling,29.802,-95.338,4,0,1,6.768107638888889
B,Solid Waste / Recycling,29.804,-95.313,4,0,1,6.997204861111111
H,Solid Waste / Recycling,29.773,-95.369,4,0,3,41.792181712962964
H,Solid Waste / Recycling,29.773,-95.304,4,0,0,1.4664756944444444
H,Solid Waste / Recycling,29.774,-95.31,4,0,2,14.739710648148147
H,Solid Waste / Recycling,29.774,-95.3,4,1,0,3.674212962962963
H,Solid Waste / Recycling,29.775,-95.362,4,0,2,34.44104166666666
H,Solid Waste / Recycling,29.775,-95.306,4,0,1,3.669762731481481
H,Solid Waste / Recycling,29.777,-95.364,4,2,0,3.664959490740741
B,Solid Waste / Recycling,29.805,-95.324,4,1,2,102.80886574074074
C,Solid Waste / Recycling,29.67,-95.495,4,1,2,21.21502314814815
C,Solid Waste / Recycling,29.671,-95.499,4,3,0,10.09534722222222
D,Solid Waste / Recycling,29.686,-95.336,4,0,0,2.6819560185185187
B,Solid Waste / Recycling,29.807,-95.312,4,0,2,24.08724537037037
B,Solid Waste / Recycling,29.808,-95.319,4,3,0,4.783935185185185
B,Solid Waste / Recycling,29.808,-95.286,4,0,1,7.162152777777777
H,Solid Waste / Recycling,29.771,-95.303,4,0,1,3.177662037037037
H,Solid Waste / Recycling,29.771,-95.302,4,3,1,41.76403935185185
H,Solid Waste / Recycling,29.772,-95.304,4,0,1,5.981111111111111
H,Solid Waste / Recycling,29.772,-95.295,4,1,1,7.728784722222223
H,Solid Waste / Recycling,29.757,-95.34,4,0,0,8.31398148148148
D,Solid Waste / Recycling,29.69,-95.357,4,2,1,25.562488425925924
D,Solid Waste / Recycling,29.69,-95.343,4,1,1,26.120202546296298
D,Solid Waste / Recycling,29.691,-95.362,4,0,2,15.301221064814815
D,Solid Waste / Recycling,29.694,-95.34,4,0,2,16.893750000000004
D,Solid Waste / Recycling,29.695,-95.367,4,1,0,0.6024537037037037
D,Solid Waste / Recycling,29.695,-95.346,4,1,2,20.149479166666666
D,Solid Waste / Recycling,29.696,-95.351,4,1,1,7.607395833333333
D,Solid Waste / Recycling,29.697,-95.37,4,0,0,2.0914756944444446
H,Solid Waste / Recycling,29.766,-95.382,4,0,0,3.9725636574074072
H,Solid Waste / Recycling,29.767,-95.377,4,0,2,14.768263888888889
H,Solid Waste / Recycling,29.768,-95.303,4,0,1,7.493425925925926
B,Solid Waste / Recycling,29.804,-95.311,4,0,0,7.337025462962963
B,Solid Waste / Recycling,29.805,-95.328,4,0,1,7.968796296296296
H,Solid Waste / Recycling,29.749,-95.336,4,0,2,14.633472222222222
H,Solid Waste / Recycling,29.751,-95.343,4,0,0,1.9472627314814819
H,Solid Waste / Recycling,29.752,-95.331,4,0,0,5.975937500000001
H,Solid Waste / Recycling,29.753,-95.334,4,0,0,1.9519444444444447
H,Solid Waste / Recycling,29.753,-95.328,4,0,2,21.43690972222222
H,Solid Waste / Recycling,29.754,-95.337,4,1,1,3.927372685185185
H,Solid Waste / Recycling,29.754,-95.33,4,0,2,8.54828125
H,Solid Waste / Recycling,29.755,-95.333,4,0,1,6.392210648148149
D,Solid Waste / Recycling,29.698,-95.353,4,0,0,3.7499479166666667
D,Solid Waste / Recycling,29.699,-95.372,4,0,2,17.937008101851852
B,Solid Waste / Recycling,29.81,-95.326,4,2,1,20.175596064814815
B,Solid Waste / Recycling,29.816,-95.282,4,1,1,1.830613425925926
B,Solid Waste / Recycling,29.817,-95.3,4,1,1,31.49226851851852
B,Solid Waste / Recycling,29.818,-95.326,4,0,1,12.737083333333333
B,Solid Waste / Recycling,29.818,-95.285,4,1,3,128.18762731481482
B,Solid Waste / Recycling,29.818,-95.276,4,1,2,22.512702546296296
B,Solid Waste / Recycling,29.819,-95.272,4,0,1,2.522314814814815
B,Solid Waste / Recycling,29.82,-95.322,4,1,1,0.0035069444444444
B,Solid Waste / Recycling,29.821,-95.33,4,1,2,75.75039351851852
B,Solid Waste / Recycling,29.821,-95.313,4,0,1,3.9830555555555556
H,Solid Waste / Recycling,29.746,-95.329,4,0,1,5.643738425925926
H,Solid Waste / Recycling,29.747,-95.333,4,0,0,8.662783564814816
H,Solid Waste / Recycling,29.747,-95.328,4,0,0,1.0845601851851852
H,Sewer / Wastewater,29.927,-95.404,4,0,2,8.701741898148148
C,Sewer / Wastewater,29.752,-95.399,4,1,0,0.8062962962962963
C,Sewer / Wastewater,29.79,-95.403,4,1,0,1.1233912037037035
C,Sewer / Wastewater,29.82,-95.461,4,0,0,0.18099537037037033
D,Solid Waste / Recycling,29.705,-95.369,4,1,1,2.954953703703704
H,Solid Waste / Recycling,29.744,-95.323,4,0,2,14.223368055555557
H,Solid Waste / Recycling,29.745,-95.334,4,0,1,8.98117476851852
H,Solid Waste / Recycling,29.745,-95.332,4,1,3,16.775879629629628
H,Solid Waste / Recycling,29.746,-95.343,4,1,0,5.093703703703705
H,Solid Waste / Recycling,29.746,-95.337,4,0,0,3.157540509259259
H,Sewer / Wastewater,29.781,-95.352,4,0,1,0.17932291666666664
H,Sewer / Wastewater,29.804,-95.352,4,0,0,0.1795196759259259
H,Sewer / Wastewater,29.835,-95.429,4,1,0,0.7239236111111111
D,Solid Waste / Recycling,29.705,-95.35,4,0,3,30.176064814814815
C,Road / Pothole / Bridge,29.805,-95.401,4,3,0,2.5448958333333334
C,Road / Pothole / Bridge,29.808,-95.428,4,1,1,4.867534722222223
C,Road / Pothole / Bridge,29.81,-95.44,4,1,0,10.852824074074077
C,Road / Pothole / Bridge,29.824,-95.445,4,3,0,0.0004861111111111
C,Sewer / Wastewater,29.704,-95.44,4,0,1,1.0143402777777777
C,Sewer / Wastewater,29.722,-95.403,4,0,0,0.16160879629629626
C,Sewer / Wastewater,29.73,-95.399,4,1,0,6.924699074074074
C,Sewer / Wastewater,29.733,-95.396,4,0,0,0.14437499999999995
D,Solid Waste / Recycling,29.705,-95.333,4,2,0,0.0013425925925925
C,Sewer / Wastewater,29.747,-95.383,4,0,0,3.0302083333333334
B,Solid Waste / Recycling,29.825,-95.281,4,1,1,16.35001736111111
B,Solid Waste / Recycling,29.823,-95.313,4,2,0,3.9772280092592593
H,Road / Pothole / Bridge,29.774,-95.374,4,0,0,0.2749305555555555
H,Road / Pothole / Bridge,29.778,-95.358,4,0,2,20.164421296296293
H,Road / Pothole / Bridge,29.778,-95.351,4,0,0,0.7944328703703704
H,Road / Pothole / Bridge,29.785,-95.372,4,0,0,1.3767476851851852
H,Road / Pothole / Bridge,29.787,-95.307,4,0,2,7.928819444444445
H,Road / Pothole / Bridge,29.803,-95.362,4,1,0,3.970688657407407
H,Road / Pothole / Bridge,29.822,-95.416,4,0,0,0.9646990740740741
D,Solid Waste / Recycling,29.708,-95.338,4,0,0,4.2334606481481485
D,Solid Waste / Recycling,29.713,-95.354,4,0,1,4.7997453703703705
D,Solid Waste / Recycling,29.716,-95.366,4,2,0,3.07171875
D,Solid Waste / Recycling,29.716,-95.364,4,0,0,2.5231423611111112
H,Road / Pothole / Bridge,29.754,-95.344,4,1,0,4.09837962962963
H,Road / Pothole / Bridge,29.757,-95.295,4,0,0,4.319456018518519
H,Road / Pothole / Bridge,29.758,-95.341,4,2,0,2.1127662037037034
G,Water,29.776,-95.628,4,1,0,0.7356886574074075
G,Water,29.778,-95.593,4,1,0,2.727013888888889
B,Solid Waste / Recycling,29.833,-95.33,4,3,0,1.1044560185185186
G,Water,29.76,-95.488,4,0,0,2.314907407407407
G,Water,29.762,-95.479,4,0,1,1.614508101851852
G,Water,29.762,-95.463,4,1,1,2.1000925925925924
D,Solid Waste / Recycling,29.718,-95.375,4,2,0,5.481452546296296
D,Solid Waste / Recycling,29.719,-95.377,4,1,1,9.17074074074074
D,Solid Waste / Recycling,29.719,-95.37,4,0,2,10.656116898148149
D,Solid Waste / Recycling,29.72,-95.382,4,1,1,3.619293981481481
D,Solid Waste / Recycling,29.72,-95.372,4,0,1,2.4243171296296295
D,Solid Waste / Recycling,29.72,-95.368,4,2,1,62.168559027777775
D,Solid Waste / Recycling,29.721,-95.369,4,0,2,12.765688657407408
G,Water,29.753,-95.488,4,0,0,0.743449074074074
G,Water,29.756,-95.467,4,1,0,0.78
B,Solid Waste / Recycling,29.834,-95.279,4,1,2,31.660763888888887
G,Water,29.751,-95.49,4,1,0,3.9854166666666666
G,Water,29.752,-95.621,4,0,0,1.479704861111111
G,Water,29.748,-95.537,4,0,0,0.20799768518518516
G,Water,29.748,-95.535,4,0,0,0.12238425925925919
G,Water,29.75,-95.536,4,0,0,0.3198958333333334
C,Road / Pothole / Bridge,29.778,-95.43,4,0,0,0.18457754629629625
C,Road / Pothole / Bridge,29.787,-95.399,4,0,0,0.14844328703703702
C,Road / Pothole / Bridge,29.804,-95.405,4,0,2,7.828483796296297
C,Road / Pothole / Bridge,29.805,-95.436,4,1,1,6.587557870370371
D,Solid Waste / Recycling,29.723,-95.374,4,1,1,12.81960648148148
G,Water,29.746,-95.469,4,0,2,9.174172453703704
B,Solid Waste / Recycling,29.837,-95.284,4,1,2,21.8203125
B,Solid Waste / Recycling,29.838,-95.279,4,2,1,7.987135416666668
B,Solid Waste / Recycling,29.839,-95.316,4,2,0,4.469265046296296
G,Water,29.747,-95.486,4,0,1,2.201394675925926
B,Solid Waste / Recycling,29.839,-95.278,4,1,1,8.808078703703703
B,Solid Waste / Recycling,29.839,-95.267,4,0,0,6.016759259259259
B,Solid Waste / Recycling,29.84,-95.315,4,0,2,30.441163194444446
G,Water,29.743,-95.456,4,1,0,0.9984953703703704
G,Water,29.741,-95.616,4,1,0,0.5237847222222223
G,Water,29.741,-95.592,4,0,0,0.04279513888888885
G,Water,29.741,-95.535,4,0,0,0.8869097222222223
G,Water,29.742,-95.578,4,0,0,0.0994386574074074
G,Water,29.742,-95.495,4,0,0,0.5675694444444445
G,Water,29.742,-95.476,4,0,0,0.5854976851851852
G,Water,29.742,-95.44,4,0,1,4.732905092592592
G,Water,29.743,-95.632,4,1,0,0.0014583333333333
G,Water,29.743,-95.588,4,0,0,0.2337731481481481
G,Water,29.743,-95.581,4,1,0,8.982465277777777
D,Solid Waste / Recycling,29.724,-95.375,4,1,1,5.107210648148148
D,Solid Waste / Recycling,29.724,-95.372,4,2,1,26.20847800925926
D,Solid Waste / Recycling,29.725,-95.384,4,0,3,33.463680555555555
D,Solid Waste / Recycling,29.725,-95.352,4,0,1,11.962633101851853
D,Solid Waste / Recycling,29.726,-95.372,4,0,1,2.119976851851852
D,Solid Waste / Recycling,29.726,-95.36,4,1,2,16.636956018518518
D,Solid Waste / Recycling,29.727,-95.372,4,1,0,2.966400462962963
D,Solid Waste / Recycling,29.728,-95.376,4,1,1,24.281221064814815
D,Solid Waste / Recycling,29.729,-95.382,4,3,0,0.0361921296296296
D,Solid Waste / Recycling,29.729,-95.376,4,0,3,23.837760416666665
D,Solid Waste / Recycling,29.729,-95.361,4,1,1,5.71125
D,Solid Waste / Recycling,29.729,-95.348,4,1,1,13.8715625
G,Water,29.738,-95.45,4,0,2,31.21435185185185
B,Solid Waste / Recycling,29.842,-95.32,4,0,1,4.456545138888889
B,Solid Waste / Recycling,29.842,-95.289,4,0,2,26.76224537037037
B,Solid Waste / Recycling,29.842,-95.269,4,0,2,14.81505787037037
B,Solid Waste / Recycling,29.843,-95.29,4,0,2,15.838292824074074
B,Solid Waste / Recycling,29.843,-95.261,4,1,1,13.455734953703704
B,Solid Waste / Recycling,29.843,-95.26,4,2,1,9.532037037037037
G,Traffic Signals / Lighting,29.778,-95.576,4,1,0,0.9995717592592592
G,Traffic Signals / Lighting,29.754,-95.501,4,0,0,0.8617476851851852
G,Traffic Signals / Lighting,29.756,-95.635,4,0,1,1.0317650462962962
G,Traffic Signals / Lighting,29.764,-95.463,4,0,0,0.91703125
G,Traffic Signals / Lighting,29.767,-95.562,4,1,0,0.0328125
G,Traffic Signals / Lighting,29.767,-95.478,4,1,0,1.879930555555556
G,Traffic Signals / Lighting,29.771,-95.59,4,0,0,5.092737268518518
G,Traffic Signals / Lighting,29.773,-95.606,4,1,0,1.8588425925925929
B,Solid Waste / Recycling,29.843,-95.256,4,0,2,10.884820601851853
C,Road / Pothole / Bridge,29.754,-95.382,4,0,0,0.7325462962962963
C,Road / Pothole / Bridge,29.756,-95.394,4,2,0,2.313790509259259
D,Solid Waste / Recycling,29.73,-95.361,4,2,0,10.914467592592594
D,Solid Waste / Recycling,29.73,-95.36,4,1,2,14.112164351851852
B,Solid Waste / Recycling,29.844,-95.456,4,0,3,53.79608796296296
B,Solid Waste / Recycling,29.844,-95.43,4,0,2,12.650162037037036
B,Solid Waste / Recycling,29.844,-95.427,4,1,1,26.067708333333336
B,Solid Waste / Recycling,29.844,-95.313,4,1,1,5.862164351851852
B,Solid Waste / Recycling,29.846,-95.413,4,3,0,0.0008449074074074
G,Traffic Signals / Lighting,29.75,-95.492,4,0,0,0.5260879629629629
G,Traffic Signals / Lighting,29.754,-95.618,4,1,1,12.462922453703705
D,Solid Waste / Recycling,29.732,-95.379,4,0,0,2.2073900462962963
D,Solid Waste / Recycling,29.732,-95.354,4,3,0,
D,Solid Waste / Recycling,29.733,-95.35,4,2,2,51.10932291666667
B,Solid Waste / Recycling,29.847,-95.28,4,1,0,1.493611111111111
B,Solid Waste / Recycling,29.848,-95.453,4,0,4,103.9113136574074
G,Traffic Signals / Lighting,29.746,-95.606,4,0,0,0.572204861111111
G,Traffic Signals / Lighting,29.746,-95.471,4,1,0,0.0009143518518518
G,Traffic Signals / Lighting,29.747,-95.57,4,0,0,0.9351967592592592
G,Traffic Signals / Lighting,29.733,-95.46,4,0,0,0.07848958333333325
G,Traffic Signals / Lighting,29.736,-95.593,4,0,0,0.0013078703703703
G,Traffic Signals / Lighting,29.737,-95.558,4,1,0,1.0006828703703703
G,Traffic Signals / Lighting,29.738,-95.477,4,0,0,0.6470659722222223
B,Solid Waste / Recycling,29.846,-95.278,4,0,3,19.423402777777778
G,Solid Waste / Recycling,29.78,-95.573,4,0,1,5.622210648148148
B,Solid Waste / Recycling,29.849,-95.235,4,2,0,1.0219791666666669
B,Solid Waste / Recycling,29.851,-95.307,4,1,0,7.141631944444445
B,Solid Waste / Recycling,29.851,-95.272,4,1,0,7.858993055555556
C,Road / Pothole / Bridge,29.739,-95.385,4,1,1,3.8461689814814815
C,Road / Pothole / Bridge,29.745,-95.391,4,1,0,0.0752546296296296
D,Solid Waste / Recycling,29.734,-95.367,4,1,2,69.53332754629629
D,Solid Waste / Recycling,29.734,-95.357,4,2,0,5.800792824074074
D,Solid Waste / Recycling,29.734,-95.352,4,0,1,12.755925925925926
B,Solid Waste / Recycling,29.851,-95.257,4,0,1,4.844548611111112
B,Solid Waste / Recycling,29.851,-95.256,4,0,1,6.297372685185185
B,Solid Waste / Recycling,29.852,-95.438,4,1,1,3.1564930555555555
B,Solid Waste / Recycling,29.852,-95.314,4,2,2,67.94027199074074
G,Solid Waste / Recycling,29.778,-95.573,4,0,1,3.7557233796296297
G,Solid Waste / Recycling,29.778,-95.554,4,0,2,26.64248842592593
G,Solid Waste / Recycling,29.759,-95.641,4,0,1,13.156296296296297
G,Solid Waste / Recycling,29.761,-95.55,4,1,2,14.809097222222222
G,Solid Waste / Recycling,29.762,-95.592,4,2,1,12.341174768518519
G,Solid Waste / Recycling,29.763,-95.634,4,0,1,4.250885416666667
G,Solid Waste / Recycling,29.765,-95.572,4,0,1,16.898119212962964
G,Solid Waste / Recycling,29.77,-95.56,4,1,1,1.5054282407407409
G,Solid Waste / Recycling,29.772,-95.565,4,0,3,41.487118055555555
G,Solid Waste / Recycling,29.774,-95.558,4,0,1,2.9496006944444444
D,Solid Waste / Recycling,29.735,-95.368,4,3,0,0.9382175925925926
D,Solid Waste / Recycling,29.735,-95.361,4,1,1,0.9582407407407408
D,Solid Waste / Recycling,29.735,-95.359,4,0,2,20.36494212962963
C,Road / Pothole / Bridge,29.723,-95.415,4,0,0,0.8625752314814814
C,Road / Pothole / Bridge,29.728,-95.398,4,0,1,0.9750000000000001
G,Solid Waste / Recycling,29.749,-95.489,4,4,0,
G,Solid Waste / Recycling,29.751,-95.611,4,0,4,83.25981481481482
G,Solid Waste / Recycling,29.753,-95.539,4,1,0,2.8900578703703705
G,Solid Waste / Recycling,29.755,-95.489,4,0,4,29.068778935185186
B,Solid Waste / Recycling,29.853,-95.443,4,0,2,56.203975694444445
B,Solid Waste / Recycling,29.853,-95.31,4,0,0,1.7607233796296295
B,Solid Waste / Recycling,29.853,-95.308,4,2,0,3.4264525462962965
B,Solid Waste / Recycling,29.853,-95.283,4,0,1,6.943611111111111
B,Solid Waste / Recycling,29.853,-95.277,4,1,1,7.565092592592593
B,Solid Waste / Recycling,29.853,-95.264,4,0,4,51.46693865740741
B,Solid Waste / Recycling,29.853,-95.254,4,1,1,7.264074074074074
G,Solid Waste / Recycling,29.746,-95.489,4,1,2,24.71888888888889
G,Solid Waste / Recycling,29.748,-95.624,4,1,3,34.03591435185185
D,Solid Waste / Recycling,29.736,-95.353,4,0,2,65.08171296296297
D,Solid Waste / Recycling,29.737,-95.372,4,1,0,1.3854398148148148
D,Solid Waste / Recycling,29.737,-95.357,4,1,1,0.8627893518518519
D,Solid Waste / Recycling,29.74,-95.365,4,1,1,2.2057175925925927
G,Solid Waste / Recycling,29.743,-95.582,4,0,2,68.43387152777777
G,Solid Waste / Recycling,29.744,-95.587,4,0,0,1.6569849537037038
G,Solid Waste / Recycling,29.744,-95.582,4,1,2,25.64679398148148
G,Solid Waste / Recycling,29.745,-95.47,4,2,1,7.719016203703704
G,Solid Waste / Recycling,29.745,-95.45,4,2,1,10.90984375
G,Solid Waste / Recycling,29.745,-95.414,4,0,0,8.477656249999999
G,Solid Waste / Recycling,29.745,-95.413,4,0,0,13.312575231481482
G,Sewer / Wastewater,29.755,-95.572,4,0,0,6.398755787037037
D,Solid Waste / Recycling,29.741,-95.37,4,0,1,8.258784722222222
D,Solid Waste / Recycling,29.741,-95.368,4,1,0,9.982453703703705
D,Solid Waste / Recycling,29.742,-95.372,4,2,0,5.891684027777778
G,Sewer / Wastewater,29.774,-95.643,4,0,1,0.1832291666666666
G,Solid Waste / Recycling,29.735,-95.443,4,0,3,91.85457175925926
B,Solid Waste / Recycling,29.854,-95.314,4,1,2,15.827314814814814
G,Solid Waste / Recycling,29.741,-95.601,4,1,2,36.784056712962965
B,Solid Waste / Recycling,29.854,-95.239,4,0,1,7.408327546296296
B,Solid Waste / Recycling,29.854,-95.238,4,1,1,1.0117013888888888
B,Solid Waste / Recycling,29.854,-95.236,4,1,1,11.92710648148148
B,Solid Waste / Recycling,29.855,-95.315,4,0,1,6.898726851851852
B,Solid Waste / Recycling,29.855,-95.271,4,0,3,33.07321759259259
B,Solid Waste / Recycling,29.855,-95.254,4,1,1,7.406886574074074
B,Solid Waste / Recycling,29.856,-95.462,4,0,1,11.769201388888888
B,Solid Waste / Recycling,29.856,-95.452,4,0,0,6.908680555555556
G,Sewer / Wastewater,29.752,-95.455,4,1,0,0.085474537037037
D,Solid Waste / Recycling,29.744,-95.37,4,2,1,16.088535879629628
D,Solid Waste / Recycling,29.745,-95.369,4,0,1,3.550225694444445
D,Solid Waste / Recycling,29.748,-95.38,4,0,3,33.83770254629629
C,Drainage / Flooding,29.749,-95.392,4,0,1,7.616128472222221
D,Traffic Signals / Lighting,29.611,-95.228,4,0,0,0.24385995370370367
G,Road / Pothole / Bridge,29.748,-95.606,4,1,1,5.043773148148148
G,Road / Pothole / Bridge,29.748,-95.539,4,0,1,1.8759606481481481
G,Road / Pothole / Bridge,29.755,-95.544,4,0,1,3.4599016203703705
G,Road / Pothole / Bridge,29.767,-95.562,4,0,0,0.2944675925925926
G,Road / Pothole / Bridge,29.768,-95.561,4,0,0,1.2819097222222222
B,Solid Waste / Recycling,29.856,-95.448,4,3,0,4.64880787037037
B,Solid Waste / Recycling,29.856,-95.447,4,1,3,76.78355324074074
B,Solid Waste / Recycling,29.856,-95.292,4,2,1,55.2268287037037
B,Solid Waste / Recycling,29.857,-95.418,4,2,1,56.36945023148148
G,Road / Pothole / Bridge,29.745,-95.43,4,0,0,1.3841145833333335
G,Road / Pothole / Bridge,29.747,-95.454,4,1,0,1.9703240740740744
F,Water,29.731,-95.613,4,1,1,0.933460648148148
B,Water,29.941,-95.408,4,0,0,0.3739409722222222
B,Water,29.961,-95.554,4,0,0,0.4198900462962962
B,Water,29.962,-95.562,4,0,0,0.6544097222222223
F,Water,29.731,-95.513,4,1,0,0.5684490740740741
F,Water,29.735,-95.636,4,0,0,0.11742476851851845
G,Drainage / Flooding,29.746,-95.425,4,0,1,2.3799131944444443
B,Solid Waste / Recycling,29.857,-95.251,4,2,0,7.921655092592593
B,Solid Waste / Recycling,29.858,-95.304,4,3,0,1.046550925925926
B,Solid Waste / Recycling,29.858,-95.302,4,1,1,13.614305555555557
B,Solid Waste / Recycling,29.858,-95.299,4,0,0,2.80255787037037
B,Solid Waste / Recycling,29.858,-95.295,4,1,1,2.844016203703704
F,Water,29.728,-95.53,4,0,2,8.125625000000001
F,Water,29.729,-95.526,4,1,0,0.1354166666666666
F,Water,29.73,-95.619,4,1,0,0.2221296296296296
D,Traffic Signals / Lighting,29.668,-95.383,4,2,0,1.3240798611111113
B,Water,29.845,-95.314,4,0,0,0.059224537037037
B,Water,29.858,-95.26,4,1,1,0.6666319444444444
B,Water,29.862,-95.447,4,0,0,0.4549768518518519
F,Water,29.723,-95.61,4,0,0,0.6617071759259259
F,Water,29.724,-95.605,4,0,1,1.0326793981481481
F,Water,29.724,-95.591,4,0,1,0.26945023148148145
F,Water,29.726,-95.622,4,0,1,2.4018402777777776
F,Water,29.727,-95.618,4,0,0,0.8518171296296296
B,Solid Waste / Recycling,29.857,-95.29,4,0,2,26.04744791666667
B,Solid Waste / Recycling,29.857,-95.265,4,0,1,8.830150462962964
F,Water,29.714,-95.581,4,2,0,0.5514930555555555
F,Water,29.715,-95.586,4,1,3,42.92019675925926
F,Water,29.715,-95.583,4,0,0,1.0764641203703702
F,Water,29.7,-95.617,4,0,0,0.21792824074074074
F,Water,29.701,-95.603,4,0,0,1.6629282407407409
F,Water,29.701,-95.597,4,0,0,0.255
F,Water,29.709,-95.575,4,3,0,0.202974537037037
D,Traffic Signals / Lighting,29.702,-95.349,4,1,0,1.9867939814814812
D,Traffic Signals / Lighting,29.706,-95.4,4,0,0,0.7187731481481482
D,Traffic Signals / Lighting,29.706,-95.386,4,1,0,0.9961226851851852
D,Traffic Signals / Lighting,29.71,-95.401,4,3,0,0.6888657407407407
D,Traffic Signals / Lighting,29.712,-95.399,4,1,1,11.999768518518518
D,Traffic Signals / Lighting,29.713,-95.38,4,3,0,9.030879629629627
F,Water,29.697,-95.575,4,2,0,0.39485532407407403
F,Water,29.698,-95.619,4,0,0,0.14730902777777774
F,Water,29.698,-95.615,4,0,0,0.6311747685185185
F,Water,29.699,-95.618,4,0,0,0.19326388888888885
F,Water,29.676,-95.598,4,0,0,0.0670543981481481
F,Water,29.679,-95.583,4,0,0,0.18045138888888884
F,Water,29.68,-95.581,4,1,0,0.2137037037037037
F,Water,29.685,-95.594,4,1,0,4.899849537037037
F,Water,29.691,-95.601,4,1,0,0.0019675925925925
B,Solid Waste / Recycling,29.858,-95.257,4,1,1,11.916290509259259
D,Traffic Signals / Lighting,29.727,-95.371,4,0,0,3.9659317129629628
D,Traffic Signals / Lighting,29.731,-95.384,4,0,1,10.994976851851852
D,Traffic Signals / Lighting,29.731,-95.36,4,0,0,0.730318287037037
D,Traffic Signals / Lighting,29.734,-95.357,4,0,0,4.774490740740741
D,Traffic Signals / Lighting,29.738,-95.37,4,0,0,2.796591435185185
D,Traffic Signals / Lighting,29.74,-95.365,4,0,0,0.32270254629629624
D,Traffic Signals / Lighting,29.741,-95.376,4,1,1,0.0093518518518518
D,Traffic Signals / Lighting,29.741,-95.367,4,2,0,2.425497685185185
B,Solid Waste / Recycling,29.858,-95.25,4,0,2,12.62089699074074
B,Solid Waste / Recycling,29.859,-95.461,4,0,1,8.699826388888889
B,Solid Waste / Recycling,29.859,-95.258,4,1,3,25.273368055555554
B,Solid Waste / Recycling,29.86,-95.441,4,0,1,7.297725694444445
B,Solid Waste / Recycling,29.86,-95.418,4,4,0,
F,Water,29.665,-95.598,4,0,0,0.70546875
F,Water,29.665,-95.589,4,0,0,0.040480324074074
F,Traffic Signals / Lighting,29.731,-95.589,4,0,0,0.0044560185185185
D,Water,29.59,-95.193,4,2,0,0.6272916666666666
D,Water,29.596,-95.228,4,0,1,69.11712962962963
D,Water,29.596,-95.225,4,0,1,0.1296759259259259
D,Water,29.596,-95.195,4,3,0,0.0009143518518518
F,Traffic Signals / Lighting,29.72,-95.605,4,0,0,0.8054224537037038
B,Solid Waste / Recycling,29.86,-95.307,4,0,0,5.96832175925926
B,Solid Waste / Recycling,29.86,-95.288,4,1,1,6.773043981481481
F,Traffic Signals / Lighting,29.729,-95.636,4,1,0,1.5166435185185183
B,Solid Waste / Recycling,29.863,-95.3,4,2,1,10.451585648148148
B,Solid Waste / Recycling,29.863,-95.287,4,0,2,11.220115740740741
F,Traffic Signals / Lighting,29.705,-95.56,4,0,0,0.9392361111111112
F,Traffic Signals / Lighting,29.705,-95.551,4,0,0,2.4362268518518517
F,Traffic Signals / Lighting,29.712,-95.546,4,0,0,0.9222453703703704
F,Traffic Signals / Lighting,29.715,-95.592,4,0,0,0.0757638888888889
B,Water,29.799,-95.335,4,0,1,1.1413310185185186
B,Water,29.81,-95.284,4,1,0,0.1201273148148148
B,Water,29.819,-95.279,4,0,0,0.18596643518518516
D,Water,29.606,-95.31,4,0,1,1.3637962962962964
D,Water,29.614,-95.411,4,0,0,0.0795254629629629
D,Water,29.615,-95.411,4,0,0,3.1935185185185184
B,Solid Waste / Recycling,29.865,-95.337,4,2,1,15.30153935185185
B,Solid Waste / Recycling,29.865,-95.279,4,0,1,7.135497685185185
F,Solid Waste / Recycling,29.736,-95.534,4,1,1,1.8029398148148148
F,Solid Waste / Recycling,29.736,-95.529,4,4,0,
F,Traffic Signals / Lighting,29.689,-95.604,4,0,0,5.922939814814815
F,Solid Waste / Recycling,29.732,-95.535,4,1,2,16.01650462962963
F,Solid Waste / Recycling,29.732,-95.534,4,0,1,5.089195601851852
F,Solid Waste / Recycling,29.733,-95.53,4,1,1,12.680457175925927
B,Solid Waste / Recycling,29.866,-95.295,4,0,2,11.76261574074074
D,Water,29.618,-95.406,4,0,0,0.5334259259259259
D,Water,29.619,-95.332,4,0,0,0.5979050925925926
D,Water,29.62,-95.411,4,0,1,0.7738831018518518
D,Water,29.621,-95.381,4,0,1,2.060046296296296
B,Water,29.781,-95.323,4,0,1,0.1521643518518518
B,Solid Waste / Recycling,29.866,-95.279,4,0,2,32.449074074074076
F,Solid Waste / Recycling,29.73,-95.621,4,1,1,9.982881944444443
F,Solid Waste / Recycling,29.725,-95.618,4,1,0,2.0428703703703706
F,Solid Waste / Recycling,29.725,-95.536,4,1,1,8.052881944444444
F,Solid Waste / Recycling,29.726,-95.538,4,3,1,14.802430555555556
F,Solid Waste / Recycling,29.727,-95.525,4,0,1,5.388628472222222
F,Solid Waste / Recycling,29.728,-95.613,4,0,2,17.902280092592594
F,Solid Waste / Recycling,29.728,-95.61,4,0,2,20.074212962962964
F,Solid Waste / Recycling,29.714,-95.577,4,0,2,14.851041666666667
F,Solid Waste / Recycling,29.718,-95.621,4,2,0,12.810405092592593
F,Solid Waste / Recycling,29.719,-95.621,4,2,0,4.89125
F,Solid Waste / Recycling,29.723,-95.632,4,1,2,15.163657407407408
F,Solid Waste / Recycling,29.724,-95.62,4,3,0,0.8557523148148148
D,Water,29.628,-95.393,4,1,0,0.0974074074074074
D,Water,29.637,-95.406,4,0,0,0.0762268518518518
D,Water,29.648,-95.337,4,0,1,8.156712962962963
D,Water,29.616,-95.41,4,1,0,0.0888657407407407
F,Solid Waste / Recycling,29.71,-95.619,4,0,2,10.14441550925926
F,Solid Waste / Recycling,29.711,-95.578,4,2,0,7.964710648148149
F,Solid Waste / Recycling,29.713,-95.589,4,1,0,3.882407407407408
F,Solid Waste / Recycling,29.713,-95.577,4,0,2,13.33738425925926
F,Solid Waste / Recycling,29.713,-95.573,4,0,0,3.5299074074074075
F,Solid Waste / Recycling,29.714,-95.582,4,0,2,11.840960648148148
F,Solid Waste / Recycling,29.714,-95.581,4,1,0,5.109641203703704
B,Solid Waste / Recycling,29.868,-95.279,4,0,2,34.9946875
B,Solid Waste / Recycling,29.869,-95.313,4,1,2,21.671232638888885
B,Solid Waste / Recycling,29.869,-95.283,4,0,1,4.304768518518518
F,Solid Waste / Recycling,29.698,-95.58,4,1,0,0.1805208333333333
B,Water,29.764,-95.268,4,1,0,0.0821412037037037
B,Water,29.77,-95.327,4,0,1,0.8085011574074075
B,Water,29.77,-95.324,4,0,1,0.8335474537037038
B,Water,29.772,-95.319,4,1,0,0.8166550925925926
D,Water,29.665,-95.333,4,0,0,0.03720486111111105
B,Solid Waste / Recycling,29.87,-95.347,4,2,0,
B,Solid Waste / Recycling,29.872,-95.434,4,3,0,0.7560069444444445
F,Solid Waste / Recycling,29.7,-95.608,4,0,0,2.642962962962963
F,Solid Waste / Recycling,29.701,-95.608,4,0,2,11.599971064814815
F,Solid Waste / Recycling,29.703,-95.583,4,1,1,18.756001157407407
F,Solid Waste / Recycling,29.696,-95.595,4,0,0,2.9657291666666667
F,Solid Waste / Recycling,29.696,-95.594,4,1,0,1.1545949074074071
F,Solid Waste / Recycling,29.697,-95.618,4,3,0,6.228587962962963
F,Solid Waste / Recycling,29.697,-95.609,4,0,0,0.3915393518518518
F,Solid Waste / Recycling,29.697,-95.575,4,3,0,4.904756944444444
F,Solid Waste / Recycling,29.698,-95.619,4,0,2,10.484363425925926
F,Solid Waste / Recycling,29.698,-95.616,4,0,0,3.8589756944444447
D,Water,29.672,-95.322,4,0,0,0.4425231481481481
D,Water,29.676,-95.369,4,1,1,0.7174884259259259
D,Water,29.677,-95.339,4,0,0,1.470480324074074
B,Solid Waste / Recycling,29.873,-95.339,4,2,0,1.2975347222222222
B,Solid Waste / Recycling,29.874,-95.424,4,4,0,
F,Solid Waste / Recycling,29.695,-95.59,4,0,0,1.887957175925926
B,Solid Waste / Recycling,29.875,-95.293,4,0,0,7.873449074074074
B,Solid Waste / Recycling,29.876,-95.434,4,1,2,18.26004629629629
B,Solid Waste / Recycling,29.876,-95.287,4,1,1,11.211319444444444
B,Solid Waste / Recycling,29.877,-95.452,4,2,0,3.943611111111111
F,Solid Waste / Recycling,29.692,-95.589,4,0,1,3.323020833333333
F,Solid Waste / Recycling,29.684,-95.576,4,0,0,0.6473148148148149
F,Solid Waste / Recycling,29.685,-95.58,4,1,0,6.6896875
F,Solid Waste / Recycling,29.686,-95.594,4,1,1,8.987777777777778
F,Solid Waste / Recycling,29.688,-95.59,4,3,0,
D,Water,29.682,-95.347,4,1,1,0.2297800925925926
D,Water,29.69,-95.399,4,0,0,0.6162268518518519
D,Water,29.696,-95.361,4,1,1,1.932650462962963
F,Solid Waste / Recycling,29.679,-95.577,4,0,0,1.6796990740740738
F,Solid Waste / Recycling,29.679,-95.576,4,0,1,8.955943287037037
F,Solid Waste / Recycling,29.682,-95.603,4,1,1,10.009629629629629
F,Solid Waste / Recycling,29.682,-95.581,4,0,0,5.091886574074074
F,Solid Waste / Recycling,29.683,-95.607,4,1,1,4.8893865740740745
F,Solid Waste / Recycling,29.683,-95.602,4,0,0,9.943825231481483
F,Solid Waste / Recycling,29.667,-95.604,4,2,0,2.4798958333333334
F,Solid Waste / Recycling,29.664,-95.605,4,1,2,18.02017361111111
F,Solid Waste / Recycling,29.664,-95.597,4,0,1,2.907673611111111
F,Solid Waste / Recycling,29.665,-95.605,4,2,0,1.6496412037037036
F,Solid Waste / Recycling,29.665,-95.603,4,1,0,0.1533333333333333
F,Solid Waste / Recycling,29.665,-95.598,4,2,2,21.49516203703704
F,Solid Waste / Recycling,29.665,-95.589,4,0,2,36.27130208333333
F,Solid Waste / Recycling,29.665,-95.58,4,2,0,3.9588715277777773
B,Traffic Signals / Lighting,29.932,-95.395,4,0,0,6.055538194444445
B,Traffic Signals / Lighting,29.933,-95.381,4,0,0,1.4348726851851852
B,Traffic Signals / Lighting,29.938,-95.383,4,1,0,2.9407060185185183
F,Solid Waste / Recycling,29.662,-95.592,4,1,0,0.1982407407407407
B,Solid Waste / Recycling,29.877,-95.293,4,0,0,7.009942129629629
B,Solid Waste / Recycling,29.878,-95.293,4,0,1,7.72324074074074
B,Solid Waste / Recycling,29.879,-95.426,4,3,1,62.05537037037037
F,Solid Waste / Recycling,29.663,-95.605,4,0,2,15.199548611111112
F,Sewer / Wastewater,29.73,-95.528,4,0,1,2.08410300925926
F,Solid Waste / Recycling,29.655,-95.572,4,2,0,5.497575231481481
F,Solid Waste / Recycling,29.657,-95.574,4,1,1,6.908298611111111
F,Solid Waste / Recycling,29.66,-95.591,4,0,1,3.9394039351851853
F,Solid Waste / Recycling,29.66,-95.589,4,2,0,13.00068287037037
F,Solid Waste / Recycling,29.661,-95.586,4,0,1,6.75663773148148
F,Solid Waste / Recycling,29.661,-95.582,4,1,0,0.9012268518518518
D,Water,29.718,-95.373,4,2,0,0.6849826388888889
D,Water,29.721,-95.353,4,0,0,5.021452546296296
D,Water,29.723,-95.382,4,1,0,0.176412037037037
D,Water,29.723,-95.38,4,0,0,0.061464120370370356
D,Water,29.724,-95.382,4,0,0,0.14124999999999993
D,Water,29.706,-95.394,4,0,1,4.061568287037037
B,Solid Waste / Recycling,29.881,-95.292,4,0,1,7.937407407407408
B,Solid Waste / Recycling,29.882,-95.451,4,1,1,19.73752314814815
B,Solid Waste / Recycling,29.882,-95.434,4,4,0,
B,Solid Waste / Recycling,29.882,-95.43,4,0,1,5.7261342592592595
B,Solid Waste / Recycling,29.882,-95.422,4,0,1,7.585648148148149
F,Sewer / Wastewater,29.693,-95.613,4,1,0,0.2129166666666666
F,Sewer / Wastewater,29.705,-95.583,4,0,0,1.0951967592592593
F,Sewer / Wastewater,29.725,-95.511,4,1,1,1.8003819444444444
F,Road / Pothole / Bridge,29.728,-95.526,4,0,1,25.13448495370371
D,Water,29.726,-95.379,4,0,1,1.1708333333333334
D,Water,29.727,-95.358,4,2,1,32.3764525462963
D,Water,29.734,-95.374,4,0,2,14.912332175925926
D,Water,29.736,-95.359,4,0,0,0.4945543981481481
D,Water,29.736,-95.351,4,1,0,1.8987847222222225
D,Water,29.741,-95.38,4,0,1,0.08111111111111105
D,Water,29.741,-95.371,4,0,0,0.8892476851851852
D,Water,29.713,-95.351,4,0,1,4.422644675925926
F,Road / Pothole / Bridge,29.734,-95.614,4,0,2,7.071539351851852
F,Sewer / Wastewater,29.689,-95.591,4,0,0,1.3074016203703704
F,Sewer / Wastewater,29.69,-95.594,4,0,0,1.4496875
F,Sewer / Wastewater,29.691,-95.584,4,0,0,1.0040914351851853
F,Drainage / Flooding,29.718,-95.599,4,0,1,1.6453530092592592
F,Road / Pothole / Bridge,29.722,-95.538,4,0,0,1.6595949074074074
F,Road / Pothole / Bridge,29.727,-95.614,4,1,0,3.849988425925926
F,Road / Pothole / Bridge,29.728,-95.618,4,1,1,1.6644097222222225
F,Road / Pothole / Bridge,29.728,-95.614,4,2,1,28.23691550925926
B,Traffic Signals / Lighting,29.867,-95.419,4,0,0,0.3979918981481481
B,Traffic Signals / Lighting,29.871,-95.413,4,0,0,0.18496527777777777
E,Road / Pothole / Bridge,29.657,-95.254,4,0,0,0.0077719907407406506
E,Road / Pothole / Bridge,29.764,-95.213,4,0,1,0.00554398148148145
B,Solid Waste / Recycling,29.883,-95.448,4,1,0,5.375277777777778
B,Solid Waste / Recycling,29.884,-95.295,4,0,0,6.561545138888889
E,Water,30.064,-95.159,4,1,2,22.761377314814816
E,Water,30.066,-95.167,4,0,0,2.1762326388888886
E,Water,30.069,-95.159,4,1,0,3.895497685185185
E,Water,30.072,-95.18,4,0,1,7.847766203703704
E,Water,30.074,-95.174,4,0,0,0.9567013888888888
E,Water,30.055,-95.146,4,1,1,3.214259259259259
E,Water,30.058,-95.167,4,0,0,4.500763888888889
E,Water,30.062,-95.175,4,2,0,0.0018344907407407353
B,Solid Waste / Recycling,29.882,-95.3,4,1,1,53.695092592592594
B,Solid Waste / Recycling,29.882,-95.293,4,0,1,12.932372685185186
E,Road / Pothole / Bridge,30.031,-95.253,4,0,1,20.371475694444445
E,Road / Pothole / Bridge,30.056,-95.16,4,0,0,0.9538136574074074
E,Sewer / Wastewater,29.647,-95.211,4,0,1,2.9945891203703705
E,Water,29.771,-95.224,4,0,0,0.6168055555555555
E,Water,30.033,-95.181,4,1,0,0.1776736111111111
E,Traffic Signals / Lighting,30.052,-95.246,4,1,0,0.0263078703703703
E,Traffic Signals / Lighting,30.06,-95.158,4,0,0,1.9794560185185186
E,Water,29.583,-95.131,4,0,0,0.14924768518518516
E,Water,29.604,-95.195,4,0,1,1.2334375
E,Water,29.627,-95.19,4,0,0,0.0747858796296296
E,Water,29.678,-95.247,4,1,0,0.127037037037037
B,Solid Waste / Recycling,29.887,-95.46,4,2,1,12.03998263888889
B,Solid Waste / Recycling,29.887,-95.43,4,0,1,8.96
E,Traffic Signals / Lighting,29.944,-95.175,4,0,0,0.0729340277777777
E,Traffic Signals / Lighting,29.569,-95.111,4,0,0,0.0073379629629629
E,Traffic Signals / Lighting,29.577,-95.122,4,1,0,0.0079166666666666
E,Traffic Signals / Lighting,29.585,-95.148,4,0,0,0.24476273148148145
E,Traffic Signals / Lighting,29.597,-95.179,4,0,0,2.414681712962963
B,Solid Waste / Recycling,29.885,-95.291,4,0,0,5.819293981481481
E,Sewer / Wastewater,29.693,-95.243,4,1,0,0.7608680555555556
E,Sewer / Wastewater,29.702,-95.245,4,0,1,3.8077662037037037
E,Sewer / Wastewater,29.767,-95.212,4,1,1,1.173425925925926
E,Sewer / Wastewater,30.021,-95.12,4,1,0,1.066909722222222
E,Solid Waste / Recycling,30.078,-95.171,4,0,1,4.466059027777778
E,Solid Waste / Recycling,30.093,-95.169,4,0,2,16.013663194444444
E,Traffic Signals / Lighting,29.56,-95.144,4,1,1,0.643587962962963
E,Solid Waste / Recycling,30.06,-95.135,4,0,0,3.379369212962963
E,Solid Waste / Recycling,30.02,-95.119,4,0,0,1.115480324074074
E,Solid Waste / Recycling,30.02,-95.105,4,0,0,5.723032407407407
E,Solid Waste / Recycling,30.029,-95.115,4,0,2,10.524681712962963
B,Solid Waste / Recycling,29.889,-95.304,4,1,0,1.1946296296296297
B,Solid Waste / Recycling,29.896,-95.426,4,2,0,0.0008680555555555
B,Solid Waste / Recycling,29.9,-95.29,4,0,0,0.8694386574074073
E,Solid Waste / Recycling,29.76,-95.213,4,0,1,15.143802083333332
B,Traffic Signals / Lighting,29.8,-95.317,4,0,0,0.5824768518518518
B,Traffic Signals / Lighting,29.834,-95.319,4,1,0,0.0074768518518518
B,Traffic Signals / Lighting,29.847,-95.429,4,1,0,0.0566898148148148
B,Traffic Signals / Lighting,29.848,-95.324,4,0,0,5.359866898148148
E,Solid Waste / Recycling,29.563,-95.129,4,0,4,43.72643518518519
E,Solid Waste / Recycling,29.762,-95.2,4,3,1,26.904699074074077
E,Solid Waste / Recycling,29.763,-95.22,4,0,3,17.93809027777778
E,Solid Waste / Recycling,29.763,-95.216,4,0,2,12.209832175925925
E,Solid Waste / Recycling,29.764,-95.21,4,2,0,0.0012557870370370002
E,Solid Waste / Recycling,29.765,-95.217,4,0,3,43.53383101851852
E,Solid Waste / Recycling,29.774,-95.185,4,2,0,3.828854166666667
E,Solid Waste / Recycling,29.675,-95.254,4,1,1,0.6416319444444445
E,Solid Waste / Recycling,29.687,-95.241,4,0,0,3.0072280092592596
E,Solid Waste / Recycling,29.697,-95.244,4,2,1,20.373952546296298
B,Solid Waste / Recycling,29.906,-95.295,4,0,1,3.977777777777778
E,Solid Waste / Recycling,29.565,-95.141,4,0,2,38.62482638888889
E,Solid Waste / Recycling,29.566,-95.14,4,0,0,0.7248263888888888
E,Solid Waste / Recycling,29.567,-95.123,4,0,0,0.00032986111111105
E,Solid Waste / Recycling,29.568,-95.143,4,1,1,11.832673611111112
E,Solid Waste / Recycling,29.571,-95.123,4,0,1,24.799681712962965
B,Solid Waste / Recycling,29.935,-95.286,4,1,0,5.235092592592593
B,Solid Waste / Recycling,29.961,-95.296,4,2,0,3.6163599537037037
E,Solid Waste / Recycling,29.673,-95.257,4,0,3,22.87065972222222
E,Solid Waste / Recycling,29.674,-95.254,4,1,2,119.00381944444445
E,Solid Waste / Recycling,29.674,-95.245,4,0,1,8.945347222222223
E,Solid Waste / Recycling,29.647,-95.246,4,0,0,2.873067129629629
E,Solid Waste / Recycling,29.649,-95.239,4,1,0,10.140520833333332
E,Solid Waste / Recycling,29.65,-95.238,4,0,0,1.934837962962963
E,Solid Waste / Recycling,29.641,-95.235,4,0,0,7.194247685185186
E,Solid Waste / Recycling,29.573,-95.134,4,0,3,42.74266203703704
E,Solid Waste / Recycling,29.575,-95.144,4,1,1,5.854340277777778
E,Solid Waste / Recycling,29.576,-95.142,4,0,2,29.22892361111111
E,Solid Waste / Recycling,29.577,-95.136,4,0,3,36.48890625
B,Traffic Signals / Lighting,29.764,-95.27,4,0,2,19.623981481481483
B,Traffic Signals / Lighting,29.773,-95.316,4,1,0,0.0079282407407407
B,Traffic Signals / Lighting,29.776,-95.336,4,0,0,0.783431712962963
B,Traffic Signals / Lighting,29.776,-95.316,4,0,0,0.7723842592592592
B,Traffic Signals / Lighting,29.785,-95.334,4,1,1,11.903194444444445
B,Traffic Signals / Lighting,29.786,-95.327,4,0,0,0.3751736111111111
E,Solid Waste / Recycling,29.617,-95.196,4,1,0,6.429131944444444
E,Solid Waste / Recycling,29.618,-95.208,4,0,1,3.019577546296296
E,Solid Waste / Recycling,29.607,-95.123,4,1,2,39.039375
E,Solid Waste / Recycling,29.607,-95.118,4,0,2,11.271070601851852
E,Solid Waste / Recycling,29.613,-95.133,4,1,1,8.077534722222222
E,Solid Waste / Recycling,29.616,-95.201,4,2,0,8.708680555555555
E,Solid Waste / Recycling,29.616,-95.2,4,0,2,24.59308449074074
B,Solid Waste / Recycling,29.998,-95.294,4,0,1,6.17144675925926
E,Solid Waste / Recycling,29.583,-95.131,4,0,1,39.24899305555555
E,Solid Waste / Recycling,29.586,-95.146,4,0,1,19.08795138888889
E,Solid Waste / Recycling,29.587,-95.142,4,0,3,38.96284143518518
E,Solid Waste / Recycling,29.597,-95.185,4,0,2,32.0796875
E,Solid Waste / Recycling,29.605,-95.111,4,0,3,17.63478587962963
E,Solid Waste / Recycling,29.606,-95.197,4,0,2,72.02371527777778
A,Drainage / Flooding,29.846,-95.538,4,3,0,1.015590277777778
K,Water,29.655,-95.491,4,1,1,1.560335648148148
A,Road / Pothole / Bridge,29.806,-95.499,4,0,0,0.5556192129629629
A,Road / Pothole / Bridge,29.813,-95.557,4,0,0,0.7239293981481482
A,Road / Pothole / Bridge,29.817,-95.45,4,0,0,0.5074537037037037
K,Water,29.643,-95.526,4,0,0,0.8100925925925926
K,Water,29.644,-95.496,4,0,1,0.28814814814814815
K,Water,29.691,-95.401,4,0,0,0.08973379629629626
K,Water,29.67,-95.515,3,1,0,0.5455266203703704
K,Water,29.672,-95.446,3,0,0,1.0158449074074074
K,Water,29.677,-95.43,3,0,0,0.0296643518518518
K,Water,29.681,-95.433,3,0,0,0.0036226851851851
K,Water,29.681,-95.398,3,0,0,0.969386574074074
K,Water,29.682,-95.429,3,1,0,0.06124999999999995
+,Traffic Signals / Lighting,29.725,-95.461,3,0,0,0.011574074074074
C,Solid Waste / Recycling,29.784,-95.406,3,0,0,7.752280092592593
C,Solid Waste / Recycling,29.784,-95.395,3,1,0,7.463518518518518
K,Water,29.602,-95.493,3,1,0,0.731412037037037
K,Water,29.603,-95.506,3,0,1,0.3022685185185185
K,Water,29.603,-95.451,3,0,0,0.4596180555555555
K,Water,29.612,-95.481,3,1,1,26.42035300925926
K,Water,29.615,-95.499,3,1,0,0.0016782407407407
K,Water,29.615,-95.465,3,0,0,0.7259953703703703
K,Water,29.619,-95.466,3,0,0,0.9111921296296296
E,Solid Waste / Recycling,29.586,-95.145,3,0,1,10.097604166666668
E,Solid Waste / Recycling,29.587,-95.144,3,0,0,12.115694444444443
E,Solid Waste / Recycling,29.595,-95.184,3,0,2,42.04224537037037
E,Solid Waste / Recycling,29.597,-95.112,3,0,0,0.0046412037037037
E,Solid Waste / Recycling,29.604,-95.195,3,0,2,46.196232638888894
E,Solid Waste / Recycling,29.605,-95.194,3,0,1,15.61769675925926
E,Solid Waste / Recycling,29.606,-95.119,3,0,1,2.919849537037037
E,Solid Waste / Recycling,29.572,-95.12,3,0,3,48.79398148148148
+,Water,29.597,-95.228,3,0,0,0.0009143518518518
+,Water,29.789,-95.185,3,0,0,0.0027777777777777
A,Drainage / Flooding,29.788,-95.469,3,0,1,11.769479166666668
A,Drainage / Flooding,29.8,-95.506,3,0,1,6.109386574074074
A,Drainage / Flooding,29.808,-95.503,3,1,2,55.84734375000001
A,Drainage / Flooding,29.848,-95.542,3,2,0,3.8838310185185194
A,Drainage / Flooding,29.873,-95.481,3,0,1,2.007731481481481
A,Drainage / Flooding,29.877,-95.479,3,1,1,17.898726851851855
E,Solid Waste / Recycling,29.619,-95.206,3,0,0,9.216782407407408
E,Solid Waste / Recycling,29.619,-95.2,3,0,1,3.622708333333333
E,Solid Waste / Recycling,29.635,-95.226,3,1,1,9.531707175925925
E,Solid Waste / Recycling,29.606,-95.118,3,0,2,39.15910879629629
E,Solid Waste / Recycling,29.608,-95.196,3,0,3,71.07490740740741
E,Solid Waste / Recycling,29.608,-95.195,3,0,0,1.002662037037037
E,Solid Waste / Recycling,29.608,-95.129,3,0,1,39.985601851851854
E,Solid Waste / Recycling,29.613,-95.131,3,0,3,43.41947916666667
E,Solid Waste / Recycling,29.615,-95.206,3,0,1,0.8686921296296296
E,Solid Waste / Recycling,29.615,-95.202,3,0,3,62.80240740740741
B,Solid Waste / Recycling,29.963,-95.431,3,0,0,0.3097685185185185
B,Solid Waste / Recycling,29.964,-95.295,3,1,0,3.902372685185185
B,Solid Waste / Recycling,29.965,-95.294,3,1,1,12.439872685185184
E,Solid Waste / Recycling,29.582,-95.148,3,0,1,12.55414351851852
E,Solid Waste / Recycling,29.582,-95.132,3,0,2,42.90112268518519
E,Solid Waste / Recycling,29.583,-95.143,3,0,2,31.02973379629629
E,Solid Waste / Recycling,29.574,-95.129,3,0,3,23.893217592592592
E,Solid Waste / Recycling,29.574,-95.122,3,0,2,32.620810185185185
E,Solid Waste / Recycling,29.575,-95.147,3,0,1,16.927766203703705
E,Solid Waste / Recycling,29.575,-95.125,3,0,1,0.7416319444444445
E,Solid Waste / Recycling,29.576,-95.146,3,0,2,24.637326388888887
E,Solid Waste / Recycling,29.576,-95.126,3,0,2,49.92208333333333
E,Solid Waste / Recycling,29.577,-95.146,3,0,2,48.312274305555555
E,Solid Waste / Recycling,29.577,-95.123,3,0,3,60.93527777777778
E,Solid Waste / Recycling,29.58,-95.143,3,1,1,12.552760416666665
E,Solid Waste / Recycling,29.58,-95.132,3,0,3,37.006875
E,Solid Waste / Recycling,29.581,-95.149,3,1,2,75.09134837962964
E,Solid Waste / Recycling,29.564,-95.147,3,1,0,3.891967592592593
B,Solid Waste / Recycling,30.002,-95.295,3,1,0,1.787042824074074
B,Traffic Signals / Lighting,29.782,-95.34,3,0,0,1.4346064814814814
B,Traffic Signals / Lighting,29.784,-95.34,3,0,0,0.0181712962962962
E,Solid Waste / Recycling,29.616,-95.196,3,0,1,12.02349537037037
E,Solid Waste / Recycling,29.637,-95.23,3,1,0,9.853964120370371
E,Solid Waste / Recycling,29.637,-95.229,3,1,0,4.197060185185185
E,Solid Waste / Recycling,29.638,-95.229,3,0,0,3.0659953703703704
E,Solid Waste / Recycling,29.638,-95.227,3,0,1,3.052939814814815
E,Solid Waste / Recycling,29.638,-95.226,3,0,0,6.159641203703703
E,Solid Waste / Recycling,29.638,-95.201,3,0,1,9.784942129629629
E,Solid Waste / Recycling,29.639,-95.239,3,0,1,7.562997685185185
E,Solid Waste / Recycling,29.64,-95.238,3,0,2,34.7424537037037
E,Solid Waste / Recycling,29.641,-95.237,3,0,0,4.63370949074074
E,Solid Waste / Recycling,29.641,-95.236,3,1,0,6.473831018518519
E,Solid Waste / Recycling,29.641,-95.202,3,0,1,17.47232060185185
E,Solid Waste / Recycling,29.642,-95.226,3,0,2,15.09074074074074
E,Solid Waste / Recycling,29.643,-95.228,3,0,1,8.855798611111112
E,Solid Waste / Recycling,29.644,-95.234,3,1,0,4.742997685185185
E,Solid Waste / Recycling,29.644,-95.228,3,0,0,5.670983796296296
B,Solid Waste / Recycling,30.0,-95.294,3,0,0,0.1047106481481481
E,Solid Waste / Recycling,29.651,-95.235,3,0,1,8.549548611111112
E,Solid Waste / Recycling,29.668,-95.255,3,2,1,113.81417824074074
E,Solid Waste / Recycling,29.674,-95.242,3,2,1,26.68929398148148
E,Solid Waste / Recycling,29.645,-95.232,3,0,0,3.0817361111111112
E,Solid Waste / Recycling,29.645,-95.216,3,1,1,58.316527777777786
E,Solid Waste / Recycling,29.645,-95.212,3,0,1,32.535555555555554
E,Solid Waste / Recycling,29.646,-95.227,3,0,2,97.21376157407408
E,Solid Waste / Recycling,29.646,-95.213,3,0,0,1.8107407407407408
E,Solid Waste / Recycling,29.647,-95.244,3,1,1,11.996811342592594
E,Solid Waste / Recycling,29.648,-95.217,3,0,1,2.438877314814815
E,Solid Waste / Recycling,29.65,-95.239,3,0,0,6.162997685185185
E,Solid Waste / Recycling,29.65,-95.214,3,0,0,2.835335648148148
E,Solid Waste / Recycling,29.651,-95.24,3,0,1,7.83443287037037
B,Solid Waste / Recycling,29.901,-95.293,3,0,3,60.953125
B,Solid Waste / Recycling,29.901,-95.292,3,0,1,12.012858796296296
B,Solid Waste / Recycling,29.903,-95.288,3,0,3,71.13116898148148
E,Solid Waste / Recycling,29.565,-95.14,3,0,0,0.721574074074074
E,Solid Waste / Recycling,29.566,-95.151,3,0,2,31.83832175925926
E,Solid Waste / Recycling,29.567,-95.138,3,0,1,14.903333333333334
E,Solid Waste / Recycling,29.568,-95.129,3,0,3,42.95131944444445
E,Solid Waste / Recycling,29.568,-95.121,3,0,0,0.0005439814814814
E,Solid Waste / Recycling,29.569,-95.142,3,0,1,3.862974537037037
E,Solid Waste / Recycling,29.57,-95.136,3,1,1,19.159895833333334
E,Solid Waste / Recycling,29.572,-95.14,3,0,3,32.49956018518518
E,Solid Waste / Recycling,29.56,-95.136,3,0,1,19.474097222222223
B,Solid Waste / Recycling,29.932,-95.302,3,0,1,5.1237615740740745
B,Solid Waste / Recycling,29.935,-95.279,3,0,1,1.0985300925925925
B,Solid Waste / Recycling,29.947,-95.299,3,0,1,6.357210648148148
B,Solid Waste / Recycling,29.953,-95.358,3,0,0,6.987372685185186
B,Solid Waste / Recycling,29.956,-95.295,3,0,1,1.042673611111111
B,Solid Waste / Recycling,29.96,-95.43,3,0,1,6.69568287037037
B,Solid Waste / Recycling,29.962,-95.301,3,0,0,1.5232291666666666
E,Solid Waste / Recycling,29.778,-95.204,3,0,2,22.464918981481482
E,Solid Waste / Recycling,29.675,-95.253,3,0,1,7.187210648148148
E,Solid Waste / Recycling,29.676,-95.238,3,0,1,2.8178819444444443
E,Solid Waste / Recycling,29.678,-95.249,3,1,1,24.06199074074074
E,Solid Waste / Recycling,29.683,-95.241,3,0,2,35.611354166666665
E,Solid Waste / Recycling,29.687,-95.235,3,0,2,44.48261574074074
E,Solid Waste / Recycling,29.687,-95.234,3,1,2,39.72693865740741
E,Solid Waste / Recycling,29.687,-95.233,3,1,1,14.69254050925926
E,Solid Waste / Recycling,29.689,-95.236,3,1,2,40.87135416666666
E,Solid Waste / Recycling,29.69,-95.235,3,1,2,103.59238425925926
E,Solid Waste / Recycling,29.697,-95.245,3,1,0,10.399513888888889
E,Solid Waste / Recycling,29.697,-95.241,3,0,1,23.20550925925926
E,Solid Waste / Recycling,29.7,-95.243,3,1,1,11.398020833333334
E,Solid Waste / Recycling,29.703,-95.242,3,0,2,87.20028935185185
E,Solid Waste / Recycling,29.564,-95.123,3,0,1,23.94490162037037
E,Solid Waste / Recycling,29.565,-95.142,3,0,0,1.8359027777777777
B,Traffic Signals / Lighting,29.826,-95.284,3,0,0,0.1456134259259259
B,Traffic Signals / Lighting,29.841,-95.411,3,1,0,0.0039756944444444
B,Traffic Signals / Lighting,29.846,-95.459,3,1,1,27.866776620370374
B,Traffic Signals / Lighting,29.847,-95.428,3,0,0,0.242824074074074
B,Traffic Signals / Lighting,29.849,-95.412,3,0,0,1.8961631944444446
E,Solid Waste / Recycling,29.562,-95.119,3,0,2,42.976782407407406
E,Solid Waste / Recycling,29.564,-95.148,3,0,1,7.430497685185186
E,Sewer / Wastewater,29.675,-95.24,3,2,0,0.0439467592592592
E,Solid Waste / Recycling,29.761,-95.198,3,1,0,7.46332175925926
E,Solid Waste / Recycling,29.763,-95.223,3,0,0,3.747002314814815
E,Solid Waste / Recycling,29.764,-95.211,3,3,0,
E,Solid Waste / Recycling,29.764,-95.209,3,3,0,
E,Solid Waste / Recycling,29.764,-95.204,3,0,1,1.3424421296296296
E,Solid Waste / Recycling,29.772,-95.182,3,0,1,63.45831018518519
E,Solid Waste / Recycling,29.773,-95.191,3,1,2,24.91122685185185
E,Solid Waste / Recycling,29.774,-95.184,3,2,0,6.1256712962962965
E,Solid Waste / Recycling,29.779,-95.2,3,0,1,16.46193865740741
E,Solid Waste / Recycling,29.781,-95.196,3,0,1,13.752714120370372
B,Solid Waste / Recycling,29.887,-95.415,3,0,3,71.01267361111111
B,Solid Waste / Recycling,29.887,-95.296,3,1,1,55.76903356481482
B,Solid Waste / Recycling,29.887,-95.291,3,0,0,5.010555555555555
B,Solid Waste / Recycling,29.888,-95.416,3,0,1,1.0206944444444443
B,Solid Waste / Recycling,29.89,-95.424,3,2,0,7.433923611111111
B,Solid Waste / Recycling,29.892,-95.426,3,2,1,14.908495370370373
B,Solid Waste / Recycling,29.892,-95.423,3,1,1,20.3812962962963
E,Solid Waste / Recycling,29.784,-95.189,3,0,2,19.840862268518517
E,Solid Waste / Recycling,29.786,-95.192,3,0,1,13.50282986111111
E,Solid Waste / Recycling,29.987,-95.111,3,1,1,29.865167824074074
E,Solid Waste / Recycling,29.995,-95.117,3,0,3,44.88197916666667
E,Solid Waste / Recycling,29.561,-95.148,3,0,2,15.108773148148147
B,Traffic Signals / Lighting,29.801,-95.339,3,0,0,0.8127314814814814
B,Traffic Signals / Lighting,29.804,-95.285,3,0,0,1.8780092592592592
E,Solid Waste / Recycling,30.057,-95.22,3,1,2,22.456984953703703
E,Solid Waste / Recycling,30.065,-95.217,3,0,0,1.0323842592592594
E,Solid Waste / Recycling,30.069,-95.167,3,0,0,7.732650462962963
E,Solid Waste / Recycling,30.005,-95.109,3,2,0,7.36369212962963
E,Solid Waste / Recycling,30.019,-95.117,3,2,0,11.307175925925923
E,Solid Waste / Recycling,30.026,-95.102,3,2,0,7.969155092592593
E,Solid Waste / Recycling,30.027,-95.23,3,0,0,7.643657407407407
E,Solid Waste / Recycling,30.028,-95.102,3,0,0,0.42625
E,Solid Waste / Recycling,30.03,-95.119,3,1,1,31.489103009259257
E,Solid Waste / Recycling,30.03,-95.116,3,1,1,44.619618055555556
E,Solid Waste / Recycling,30.03,-95.112,3,0,1,19.875775462962963
E,Solid Waste / Recycling,30.032,-95.123,3,0,1,11.765995370370373
E,Solid Waste / Recycling,30.034,-95.245,3,1,0,8.101429398148149
E,Solid Waste / Recycling,30.034,-95.242,3,3,0,
E,Solid Waste / Recycling,30.035,-95.248,3,1,0,4.164594907407407
E,Solid Waste / Recycling,30.036,-95.248,3,1,1,13.934126157407409
E,Solid Waste / Recycling,30.084,-95.198,3,0,0,3.3057060185185185
E,Solid Waste / Recycling,30.088,-95.174,3,0,1,0.0026967592592592
E,Traffic Signals / Lighting,29.553,-95.154,3,0,0,0.3297453703703704
E,Traffic Signals / Lighting,29.559,-95.138,3,0,0,0.7637731481481481
E,Solid Waste / Recycling,30.036,-95.239,3,1,0,8.652037037037037
E,Solid Waste / Recycling,30.037,-95.247,3,1,0,9.386417824074075
E,Solid Waste / Recycling,30.037,-95.228,3,1,2,14.119618055555556
E,Solid Waste / Recycling,30.041,-95.236,3,0,0,6.383622685185185
E,Solid Waste / Recycling,30.042,-95.249,3,1,1,7.813524305555555
E,Solid Waste / Recycling,30.042,-95.241,3,0,0,5.847731481481482
E,Solid Waste / Recycling,30.043,-95.249,3,0,0,6.739849537037037
E,Solid Waste / Recycling,30.046,-95.248,3,0,0,7.689282407407408
E,Solid Waste / Recycling,30.046,-95.114,3,0,1,3.822592592592593
E,Solid Waste / Recycling,30.047,-95.246,3,0,2,32.09116898148148
E,Solid Waste / Recycling,30.053,-95.122,3,0,0,6.693171296296296
E,Solid Waste / Recycling,30.056,-95.197,3,1,1,31.545850694444447
E,Sewer / Wastewater,30.048,-95.245,3,1,0,6.247430555555555
E,Sewer / Wastewater,30.048,-95.168,3,0,0,0.2650462962962963
E,Sewer / Wastewater,30.055,-95.225,3,1,0,0.716909722222222
E,Sewer / Wastewater,30.07,-95.207,3,0,1,8.733368055555555
E,Sewer / Wastewater,30.082,-95.198,3,0,0,0.1933101851851852
E,Solid Waste / Recycling,29.554,-95.127,3,0,1,4.193449074074074
E,Solid Waste / Recycling,29.557,-95.132,3,0,1,13.123564814814817
E,Road / Pothole / Bridge,29.764,-95.209,3,2,1,31.114247685185184
E,Solid Waste / Recycling,30.07,-95.205,3,0,0,3.387372685185185
E,Solid Waste / Recycling,30.07,-95.202,3,2,0,9.037824074074074
E,Solid Waste / Recycling,30.07,-95.173,3,0,0,7.6573726851851855
E,Solid Waste / Recycling,30.073,-95.207,3,1,0,1.734074074074074
E,Solid Waste / Recycling,30.074,-95.207,3,3,0,
E,Solid Waste / Recycling,30.075,-95.208,3,3,0,
E,Solid Waste / Recycling,30.075,-95.172,3,0,0,3.4758738425925926
E,Solid Waste / Recycling,30.083,-95.192,3,3,0,
E,Traffic Signals / Lighting,29.569,-95.13,3,1,1,12.575659722222222
E,Traffic Signals / Lighting,29.572,-95.11,3,0,0,0.5112905092592592
E,Traffic Signals / Lighting,29.573,-95.112,3,0,0,5.966643518518518
E,Traffic Signals / Lighting,29.582,-95.107,3,1,0,0.0078703703703703
E,Traffic Signals / Lighting,29.601,-95.177,3,0,0,1.845914351851852
E,Traffic Signals / Lighting,29.609,-95.186,3,0,0,0.0266203703703703
E,Traffic Signals / Lighting,29.622,-95.197,3,0,0,0.0035416666666666
E,Traffic Signals / Lighting,29.638,-95.209,3,0,0,0.0664583333333333
E,Traffic Signals / Lighting,29.64,-95.21,3,0,0,0.0353009259259259
E,Traffic Signals / Lighting,29.647,-95.209,3,1,0,4.10791087962963
B,Solid Waste / Recycling,29.886,-95.459,3,3,0,
E,Solid Waste / Recycling,30.07,-95.208,3,1,0,0.0022453703703703
E,Sewer / Wastewater,29.676,-95.253,3,1,0,0.48926504629629625
E,Sewer / Wastewater,29.687,-95.236,3,1,1,16.250011574074072
E,Sewer / Wastewater,29.76,-95.214,3,0,1,10.585648148148149
E,Sewer / Wastewater,29.763,-95.221,3,1,0,1.4437326388888887
E,Water,29.649,-95.242,3,1,0,1.8069849537037035
E,Water,29.651,-95.241,3,0,1,0.7555902777777778
E,Water,29.679,-95.248,3,0,0,0.1044444444444444
B,Solid Waste / Recycling,29.886,-95.457,3,0,2,15.081643518518518
B,Solid Waste / Recycling,29.886,-95.453,3,0,3,20.15922453703704
B,Solid Waste / Recycling,29.886,-95.423,3,0,3,50.12413194444444
B,Solid Waste / Recycling,29.886,-95.422,3,0,1,0.0018981481481481
B,Solid Waste / Recycling,29.886,-95.295,3,0,0,6.3453587962962965
B,Solid Waste / Recycling,29.886,-95.292,3,0,1,7.491909722222222
B,Solid Waste / Recycling,29.886,-95.291,3,0,0,5.922974537037037
B,Solid Waste / Recycling,29.887,-95.428,3,2,0,6.932986111111111
B,Solid Waste / Recycling,29.887,-95.417,3,1,2,70.0787962962963
B,Solid Waste / Recycling,29.887,-95.416,3,0,2,28.58863425925926
E,Traffic Signals / Lighting,29.768,-95.208,3,2,0,0.6857523148148148
E,Traffic Signals / Lighting,30.051,-95.223,3,0,0,2.9194560185185185
E,Traffic Signals / Lighting,30.051,-95.182,3,0,0,0.2716898148148148
E,Water,29.772,-95.193,3,1,0,0.16195601851851846
E,Water,29.772,-95.192,3,0,0,0.0757986111111111
E,Water,29.807,-95.183,3,0,0,0.1598958333333333
E,Water,29.995,-95.118,3,0,0,0.2155671296296296
E,Water,29.997,-95.108,3,0,0,0.2384606481481481
E,Water,30.018,-95.11,3,0,0,0.0918055555555555
E,Water,30.022,-95.109,3,0,1,12.05183449074074
E,Water,30.027,-95.118,3,0,0,6.343194444444444
E,Water,30.042,-95.197,3,0,0,0.7429976851851852
E,Traffic Signals / Lighting,30.052,-95.174,3,0,0,4.092106481481482
E,Traffic Signals / Lighting,30.054,-95.168,3,0,0,0.7660069444444444
E,Traffic Signals / Lighting,30.094,-95.183,3,0,0,0.9440046296296296
E,Water,29.565,-95.148,3,2,0,0.5615740740740741
E,Water,29.594,-95.183,3,2,0,0.6716666666666666
E,Water,29.607,-95.198,3,0,0,0.0696759259259259
E,Water,29.616,-95.21,3,0,0,0.2008217592592592
E,Road / Pothole / Bridge,30.022,-95.111,3,0,0,2.3708912037037035
E,Road / Pothole / Bridge,30.026,-95.229,3,1,0,0.5677662037037037
E,Road / Pothole / Bridge,30.032,-95.175,3,1,1,7.935069444444444
E,Road / Pothole / Bridge,30.05,-95.201,3,0,1,0.6783564814814815
E,Road / Pothole / Bridge,30.06,-95.11,3,1,0,2.982928240740741
E,Road / Pothole / Bridge,30.069,-95.204,3,1,0,7.542818287037036
E,Sewer / Wastewater,29.64,-95.222,3,0,0,1.289039351851852
E,Sewer / Wastewater,29.645,-95.223,3,0,0,0.449699074074074
E,Sewer / Wastewater,29.647,-95.224,3,0,0,0.0561342592592592
E,Sewer / Wastewater,29.648,-95.229,3,2,0,0.2155555555555555
E,Sewer / Wastewater,29.648,-95.225,3,0,0,0.0713773148148148
D,Water,29.743,-95.38,3,0,0,0.7991319444444445
E,Water,29.683,-95.248,3,0,0,0.7300462962962962
E,Water,29.687,-95.236,3,0,1,34.49803240740741
E,Water,29.766,-95.212,3,0,0,2.9625347222222222
E,Water,29.767,-95.213,3,0,1,0.1245486111111111
B,Solid Waste / Recycling,29.884,-95.29,3,0,3,41.09708333333333
B,Solid Waste / Recycling,29.885,-95.432,3,0,2,23.754247685185184
E,Water,30.067,-95.166,3,0,0,1.8049305555555557
E,Water,30.045,-95.238,3,0,0,0.3562037037037037
E,Water,30.049,-95.223,3,0,0,4.166192129629629
E,Water,30.049,-95.157,3,1,0,1.8492534722222222
E,Water,30.051,-95.246,3,0,0,0.1189583333333333
E,Water,30.051,-95.167,3,0,1,32.21162037037037
E,Water,30.055,-95.149,3,0,0,4.847916666666666
E,Water,30.057,-95.167,3,0,0,3.905243055555556
E,Water,30.058,-95.162,3,0,0,5.979479166666667
E,Water,30.059,-95.215,3,0,0,1.730763888888889
E,Water,30.059,-95.151,3,0,1,5.1251851851851855
B,Solid Waste / Recycling,29.882,-95.292,3,0,0,5.855729166666666
E,Water,29.679,-95.239,3,0,1,0.9224189814814816
E,Road / Pothole / Bridge,29.766,-95.205,3,2,0,
E,Drainage / Flooding,30.061,-95.119,3,0,1,3.002615740740741
B,Traffic Signals / Lighting,29.852,-95.415,3,0,0,0.0118634259259259
B,Traffic Signals / Lighting,29.861,-95.29,3,1,0,6.1536284722222225
B,Traffic Signals / Lighting,29.864,-95.28,3,1,1,9.466724537037038
B,Traffic Signals / Lighting,29.865,-95.43,3,0,0,1.217650462962963
B,Traffic Signals / Lighting,29.869,-95.413,3,0,0,0.0073032407407407
B,Traffic Signals / Lighting,29.873,-95.451,3,0,0,10.789502314814817
B,Traffic Signals / Lighting,29.875,-95.412,3,1,0,0.16199652777777773
E,Road / Pothole / Bridge,29.617,-95.214,3,0,0,1.2211921296296295
E,Road / Pothole / Bridge,29.679,-95.24,3,0,0,0.1606481481481481
D,Water,29.725,-95.373,3,0,0,0.7381712962962963
B,Solid Waste / Recycling,29.883,-95.441,3,0,1,16.75771990740741
B,Solid Waste / Recycling,29.883,-95.295,3,0,3,32.12400462962963
B,Solid Waste / Recycling,29.883,-95.293,3,0,0,1.9891550925925925
B,Solid Waste / Recycling,29.884,-95.443,3,3,0,
B,Solid Waste / Recycling,29.884,-95.291,3,0,0,7.953506944444444
F,Sewer / Wastewater,29.663,-95.604,3,0,0,1.237974537037037
F,Sewer / Wastewater,29.668,-95.605,3,0,0,0.0708333333333333
F,Sewer / Wastewater,29.681,-95.604,3,0,0,0.2605208333333333
E,Water,30.083,-95.179,3,2,0,1.1575925925925925
E,Water,30.085,-95.188,3,0,0,0.7110185185185185
F,Drainage / Flooding,29.704,-95.615,3,0,0,4.221828703703704
F,Drainage / Flooding,29.73,-95.523,3,1,1,59.1017824074074
F,Road / Pothole / Bridge,29.665,-95.613,3,0,0,0.9444444444444444
F,Road / Pothole / Bridge,29.668,-95.594,3,0,0,0.8575694444444445
F,Road / Pothole / Bridge,29.672,-95.588,3,1,0,2.3557002314814808
F,Road / Pothole / Bridge,29.695,-95.603,3,1,0,0.0035358796296295503
F,Road / Pothole / Bridge,29.696,-95.583,3,1,0,0.0077662037037037
F,Road / Pothole / Bridge,29.711,-95.554,3,0,1,12.775972222222222
F,Road / Pothole / Bridge,29.726,-95.608,3,0,0,1.0482060185185185
B,Solid Waste / Recycling,29.883,-95.458,3,1,0,1.080451388888889
D,Water,29.751,-95.377,3,0,0,7.9300347222222225
D,Water,29.728,-95.371,3,0,1,2.8852083333333334
D,Water,29.731,-95.378,3,0,1,2.196099537037037
D,Water,29.734,-95.363,3,0,1,0.5962037037037037
D,Water,29.735,-95.35,3,0,0,0.0956481481481481
D,Water,29.739,-95.368,3,1,0,0.39875
D,Water,29.74,-95.38,3,1,0,4.500248842592593
D,Water,29.741,-95.373,3,1,0,4.063744212962963
D,Water,29.741,-95.363,3,0,0,0.2379513888888889
F,Road / Pothole / Bridge,29.729,-95.525,3,1,0,7.465416666666666
F,Road / Pothole / Bridge,29.731,-95.61,3,1,1,39.83565972222223
F,Road / Pothole / Bridge,29.732,-95.501,3,1,0,1.0674652777777778
F,Road / Pothole / Bridge,29.733,-95.581,3,0,1,8.951724537037038
F,Road / Pothole / Bridge,29.736,-95.577,3,1,1,12.565468750000003
F,Road / Pothole / Bridge,29.737,-95.507,3,0,1,0.0096759259259259
F,Sewer / Wastewater,29.656,-95.57,3,0,0,0.2694560185185185
F,Sewer / Wastewater,29.66,-95.592,3,0,0,0.1009375
D,Water,29.717,-95.372,3,0,0,0.6578587962962963
D,Water,29.718,-95.38,3,0,0,0.0647337962962963
D,Water,29.718,-95.357,3,0,1,0.6741550925925925
D,Water,29.719,-95.372,3,0,1,6.3680208333333335
D,Water,29.72,-95.368,3,1,0,0.0710706018518518
D,Water,29.721,-95.354,3,1,0,0.25208333333333327
D,Water,29.724,-95.381,3,0,0,1.063460648148148
D,Water,29.724,-95.375,3,1,0,1.1311631944444445
D,Water,29.724,-95.374,3,0,0,0.6534606481481482
B,Solid Waste / Recycling,29.88,-95.417,3,1,0,9.473715277777778
B,Solid Waste / Recycling,29.88,-95.29,3,0,0,3.368917824074074
B,Solid Waste / Recycling,29.881,-95.294,3,0,0,3.05144675925926
B,Solid Waste / Recycling,29.882,-95.438,3,1,0,4.446244212962963
F,Sewer / Wastewater,29.697,-95.618,3,0,0,0.0985879629629629
F,Sewer / Wastewater,29.697,-95.591,3,1,0,0.3590798611111111
F,Sewer / Wastewater,29.715,-95.586,3,0,0,0.0649074074074074
B,Solid Waste / Recycling,29.878,-95.446,3,2,0,4.809305555555556
B,Solid Waste / Recycling,29.878,-95.428,3,0,1,7.635949074074074
B,Solid Waste / Recycling,29.878,-95.282,3,0,2,16.251967592592592
B,Solid Waste / Recycling,29.879,-95.427,3,1,0,9.25787037037037
F,Solid Waste / Recycling,29.662,-95.58,3,0,0,4.177476851851852
F,Solid Waste / Recycling,29.651,-95.572,3,0,0,1.7371296296296297
F,Solid Waste / Recycling,29.653,-95.574,3,2,0,11.024421296296296
F,Solid Waste / Recycling,29.658,-95.591,3,0,2,14.135902777777778
F,Solid Waste / Recycling,29.659,-95.588,3,2,0,0.7231018518518518
F,Solid Waste / Recycling,29.659,-95.575,3,0,0,0.872025462962963
F,Solid Waste / Recycling,29.66,-95.574,3,0,0,4.702719907407407
F,Solid Waste / Recycling,29.661,-95.6,3,0,0,0.9760532407407408
F,Solid Waste / Recycling,29.661,-95.596,3,0,1,5.203229166666667
F,Solid Waste / Recycling,29.661,-95.595,3,0,1,3.31900462962963
B,Solid Waste / Recycling,29.879,-95.288,3,0,1,20.461012731481485
D,Water,29.716,-95.365,3,2,1,41.96835648148148
B,Traffic Signals / Lighting,29.891,-95.301,3,0,0,0.2316782407407407
B,Traffic Signals / Lighting,29.93,-95.331,3,0,0,1.6856597222222225
B,Traffic Signals / Lighting,29.932,-95.412,3,0,0,0.41893518518518513
B,Traffic Signals / Lighting,29.933,-95.585,3,0,0,0.0064699074074074
B,Traffic Signals / Lighting,29.938,-95.382,3,0,0,0.3637847222222222
D,Water,29.708,-95.371,3,1,0,2.086377314814815
D,Water,29.709,-95.387,3,0,0,1.773287037037037
D,Water,29.709,-95.356,3,0,0,1.0307407407407407
D,Water,29.711,-95.356,3,0,0,0.8010879629629629
D,Water,29.713,-95.372,3,0,1,0.9600578703703704
D,Water,29.68,-95.347,3,0,0,1.0214930555555557
F,Solid Waste / Recycling,29.661,-95.574,3,0,0,0.0017476851851851
B,Solid Waste / Recycling,29.877,-95.419,3,0,1,9.927511574074074
B,Solid Waste / Recycling,29.877,-95.417,3,1,1,14.801099537037038
B,Solid Waste / Recycling,29.877,-95.296,3,1,0,4.958564814814815
B,Solid Waste / Recycling,29.877,-95.282,3,0,1,6.006736111111112
F,Solid Waste / Recycling,29.67,-95.601,3,0,0,4.814953703703703
F,Solid Waste / Recycling,29.671,-95.58,3,0,0,3.567928240740741
F,Solid Waste / Recycling,29.672,-95.608,3,1,1,9.049849537037037
F,Solid Waste / Recycling,29.672,-95.6,3,0,2,14.937407407407408
F,Solid Waste / Recycling,29.663,-95.591,3,1,0,7.285075231481481
F,Solid Waste / Recycling,29.663,-95.589,3,2,0,5.934583333333333
F,Solid Waste / Recycling,29.663,-95.582,3,0,1,3.919594907407408
F,Solid Waste / Recycling,29.663,-95.579,3,0,0,3.2534027777777776
F,Solid Waste / Recycling,29.664,-95.594,3,1,0,9.942586805555555
F,Solid Waste / Recycling,29.664,-95.589,3,0,0,6.743819444444444
F,Solid Waste / Recycling,29.665,-95.61,3,2,1,18.006342592592592
F,Solid Waste / Recycling,29.665,-95.597,3,0,2,15.850925925925926
F,Solid Waste / Recycling,29.665,-95.59,3,0,0,1.4501157407407408
F,Solid Waste / Recycling,29.661,-95.577,3,0,0,6.313136574074074
D,Water,29.706,-95.356,3,0,0,10.156944444444443
D,Water,29.707,-95.37,3,0,0,0.0597569444444444
F,Solid Waste / Recycling,29.678,-95.585,3,1,0,0.5463136574074074
F,Solid Waste / Recycling,29.68,-95.58,3,0,0,5.7603125
F,Solid Waste / Recycling,29.681,-95.58,3,0,0,1.375289351851852
F,Solid Waste / Recycling,29.681,-95.579,3,0,2,94.47841435185185
F,Solid Waste / Recycling,29.682,-95.598,3,0,0,8.129027777777777
F,Solid Waste / Recycling,29.666,-95.607,3,0,1,4.11625
F,Solid Waste / Recycling,29.666,-95.592,3,1,0,2.944635416666667
F,Solid Waste / Recycling,29.666,-95.575,3,1,1,68.85528935185185
F,Solid Waste / Recycling,29.667,-95.585,3,0,1,4.256944444444445
F,Solid Waste / Recycling,29.667,-95.578,3,1,1,65.92702546296296
F,Solid Waste / Recycling,29.668,-95.609,3,0,0,6.379768518518518
F,Solid Waste / Recycling,29.668,-95.605,3,0,3,22.05841435185185
F,Solid Waste / Recycling,29.668,-95.596,3,1,1,7.462065972222223
F,Solid Waste / Recycling,29.668,-95.595,3,0,1,3.8775694444444446
F,Solid Waste / Recycling,29.668,-95.586,3,1,1,73.30689814814815
F,Solid Waste / Recycling,29.669,-95.581,3,0,1,6.80837962962963
D,Water,29.683,-95.366,3,0,1,0.8383101851851852
D,Water,29.684,-95.369,3,0,1,0.6691898148148148
D,Water,29.685,-95.371,3,0,0,0.0529918981481481
D,Water,29.689,-95.395,3,0,0,0.0494675925925925
D,Water,29.694,-95.389,3,0,1,23.537534722222226
D,Water,29.694,-95.337,3,1,1,11.841140046296296
D,Water,29.698,-95.371,3,0,0,0.0407754629629629
D,Water,29.7,-95.369,3,1,0,1.2505324074074076
D,Water,29.701,-95.351,3,2,0,
D,Water,29.703,-95.392,3,0,0,3.168229166666667
D,Water,29.704,-95.367,3,0,2,21.916273148148147
D,Water,29.666,-95.369,3,0,0,0.1850231481481481
F,Solid Waste / Recycling,29.673,-95.61,3,0,1,5.789745370370371
F,Solid Waste / Recycling,29.673,-95.594,3,0,2,14.886504629629629
F,Solid Waste / Recycling,29.673,-95.572,3,1,0,3.0380324074074077
F,Solid Waste / Recycling,29.677,-95.585,3,0,0,1.6664583333333334
F,Solid Waste / Recycling,29.692,-95.58,3,1,0,6.291950231481481
F,Solid Waste / Recycling,29.692,-95.579,3,1,0,1.9025057870370374
F,Solid Waste / Recycling,29.683,-95.584,3,0,1,8.139259259259259
F,Solid Waste / Recycling,29.684,-95.601,3,0,0,4.058923611111111
F,Solid Waste / Recycling,29.684,-95.593,3,1,0,7.130590277777777
F,Solid Waste / Recycling,29.684,-95.578,3,0,0,0.9360300925925926
F,Solid Waste / Recycling,29.684,-95.577,3,1,0,4.351429398148149
F,Solid Waste / Recycling,29.685,-95.578,3,0,0,4.9979050925925925
F,Solid Waste / Recycling,29.685,-95.577,3,0,0,1.0418518518518518
F,Solid Waste / Recycling,29.687,-95.579,3,0,0,5.821666666666666
F,Solid Waste / Recycling,29.689,-95.591,3,1,0,3.2405613425925925
B,Solid Waste / Recycling,29.874,-95.336,3,2,0,0.0051736111111111
B,Solid Waste / Recycling,29.874,-95.295,3,1,0,7.378362268518519
B,Solid Waste / Recycling,29.875,-95.451,3,1,2,34.156782407407405
F,Solid Waste / Recycling,29.672,-95.577,3,0,0,7.25332175925926
D,Water,29.682,-95.366,3,0,0,0.090011574074074
B,Solid Waste / Recycling,29.873,-95.416,3,1,2,46.92362268518519
B,Solid Waste / Recycling,29.874,-95.435,3,1,1,7.447193287037037
B,Solid Waste / Recycling,29.874,-95.429,3,1,2,70.15872685185185
B,Solid Waste / Recycling,29.874,-95.338,3,2,0,3.940613425925926
F,Solid Waste / Recycling,29.695,-95.593,3,1,0,2.9869386574074075
F,Solid Waste / Recycling,29.695,-95.592,3,0,1,7.695636574074074
F,Solid Waste / Recycling,29.696,-95.617,3,0,0,5.725543981481482
B,Solid Waste / Recycling,29.875,-95.448,3,3,0,
B,Solid Waste / Recycling,29.875,-95.443,3,1,1,40.69394675925926
B,Solid Waste / Recycling,29.875,-95.43,3,1,0,4.816556712962963
B,Solid Waste / Recycling,29.876,-95.45,3,1,2,71.94879050925925
B,Solid Waste / Recycling,29.876,-95.427,3,0,0,0.0560763888888888
B,Solid Waste / Recycling,29.876,-95.285,3,0,0,3.0025347222222223
F,Solid Waste / Recycling,29.69,-95.582,3,0,0,6.576284722222222
F,Solid Waste / Recycling,29.69,-95.579,3,0,0,5.599212962962963
F,Solid Waste / Recycling,29.69,-95.576,3,3,0,
D,Water,29.669,-95.329,3,0,0,0.3028472222222222
D,Water,29.671,-95.358,3,0,0,0.1216666666666666
D,Water,29.672,-95.376,3,1,0,0.3703472222222222
D,Water,29.672,-95.361,3,0,0,0.5332175925925926
D,Water,29.672,-95.359,3,0,0,0.0080671296296296
D,Water,29.673,-95.357,3,0,0,0.0622453703703703
D,Water,29.673,-95.352,3,0,0,1.5003703703703704
D,Water,29.675,-95.363,3,0,0,0.1553240740740741
D,Water,29.676,-95.35,3,1,0,0.045966435185185145
D,Water,29.677,-95.347,3,0,2,53.95608796296296
D,Water,29.661,-95.335,3,0,0,0.1647106481481481
F,Solid Waste / Recycling,29.694,-95.593,3,0,0,3.057233796296296
F,Solid Waste / Recycling,29.694,-95.589,3,2,0,4.199756944444444
F,Solid Waste / Recycling,29.694,-95.577,3,3,0,
B,Solid Waste / Recycling,29.873,-95.435,3,0,1,2.857083333333333
B,Solid Waste / Recycling,29.873,-95.42,3,1,0,5.9993692129629625
B,Solid Waste / Recycling,29.872,-95.297,3,1,0,
F,Solid Waste / Recycling,29.701,-95.617,3,1,1,20.472552083333333
F,Solid Waste / Recycling,29.701,-95.595,3,1,0,4.020931712962963
F,Solid Waste / Recycling,29.701,-95.583,3,1,1,11.08109375
F,Solid Waste / Recycling,29.696,-95.612,3,1,0,3.4805150462962966
F,Solid Waste / Recycling,29.696,-95.59,3,0,0,8.821354166666667
F,Solid Waste / Recycling,29.697,-95.61,3,0,1,1.801099537037037
F,Solid Waste / Recycling,29.697,-95.606,3,3,0,
F,Solid Waste / Recycling,29.697,-95.602,3,0,0,1.1735532407407407
F,Solid Waste / Recycling,29.698,-95.607,3,0,1,6.1153356481481485
F,Solid Waste / Recycling,29.698,-95.591,3,0,0,4.632395833333334
F,Solid Waste / Recycling,29.698,-95.589,3,0,1,4.896168981481481
F,Solid Waste / Recycling,29.698,-95.585,3,1,0,2.0138657407407403
F,Solid Waste / Recycling,29.694,-95.599,3,2,0,0.0866319444444444
D,Water,29.666,-95.335,3,0,0,0.7832754629629629
D,Water,29.669,-95.367,3,0,0,0.0802546296296296
B,Traffic Signals / Lighting,29.951,-95.332,3,0,0,0.0134722222222222
B,Traffic Signals / Lighting,29.951,-95.331,3,0,0,0.022662037037037
B,Traffic Signals / Lighting,29.957,-95.542,3,0,1,0.8472800925925926
B,Traffic Signals / Lighting,29.966,-95.54,3,1,0,1.020792824074074
B,Water,29.767,-95.269,3,1,0,6.17037037037037
B,Water,29.771,-95.317,3,0,0,0.1986342592592592
B,Water,29.774,-95.337,3,1,2,34.360729166666665
D,Water,29.662,-95.332,3,0,0,0.6459259259259259
D,Water,29.665,-95.335,3,0,0,0.0696064814814814
D,Water,29.624,-95.404,3,0,1,0.1693634259259259
F,Solid Waste / Recycling,29.699,-95.612,3,0,1,3.83724537037037
F,Solid Waste / Recycling,29.699,-95.608,3,3,0,
B,Solid Waste / Recycling,29.87,-95.427,3,1,2,70.43958333333333
B,Solid Waste / Recycling,29.87,-95.426,3,2,1,25.48199074074074
B,Solid Waste / Recycling,29.872,-95.436,3,1,2,45.979814814814816
B,Solid Waste / Recycling,29.872,-95.427,3,3,0,
F,Solid Waste / Recycling,29.712,-95.577,3,0,2,14.803993055555557
F,Solid Waste / Recycling,29.713,-95.608,3,0,1,1.6409953703703704
F,Solid Waste / Recycling,29.707,-95.575,3,1,0,4.959774305555555
F,Solid Waste / Recycling,29.707,-95.568,3,1,0,4.504762731481481
F,Solid Waste / Recycling,29.708,-95.578,3,0,2,63.581944444444446
F,Solid Waste / Recycling,29.709,-95.614,3,0,1,9.854670138888887
F,Solid Waste / Recycling,29.709,-95.613,3,0,0,4.290625
B,Solid Waste / Recycling,29.868,-95.446,3,0,2,20.983645833333334
B,Solid Waste / Recycling,29.868,-95.309,3,0,1,2.8308680555555554
B,Solid Waste / Recycling,29.868,-95.283,3,0,2,14.92417824074074
B,Solid Waste / Recycling,29.869,-95.449,3,1,1,14.786770833333332
B,Solid Waste / Recycling,29.869,-95.307,3,1,0,3.5927199074074077
B,Solid Waste / Recycling,29.87,-95.435,3,0,3,85.85289351851851
B,Solid Waste / Recycling,29.87,-95.432,3,1,1,34.86234375
F,Solid Waste / Recycling,29.709,-95.574,3,1,0,4.088298611111111
D,Water,29.662,-95.37,3,0,1,0.949375
D,Water,29.633,-95.361,3,0,0,0.7018865740740741
D,Water,29.635,-95.347,3,0,1,5.2178356481481485
D,Water,29.638,-95.402,3,0,0,1.323715277777778
D,Water,29.64,-95.404,3,0,0,0.0713425925925926
D,Water,29.64,-95.359,3,0,0,0.6830787037037037
D,Water,29.64,-95.328,3,1,0,0.4672280092592593
D,Water,29.653,-95.375,3,0,2,21.99079861111111
D,Water,29.657,-95.356,3,1,0,0.0492418981481481
D,Water,29.658,-95.351,3,0,1,0.9007060185185185
D,Water,29.66,-95.362,3,0,2,18.420590277777777
F,Solid Waste / Recycling,29.71,-95.591,3,3,0,
F,Solid Waste / Recycling,29.711,-95.58,3,0,0,3.810474537037037
F,Solid Waste / Recycling,29.711,-95.579,3,1,0,3.5417997685185183
F,Solid Waste / Recycling,29.711,-95.574,3,1,1,14.120520833333334
F,Solid Waste / Recycling,29.711,-95.573,3,1,0,2.3028125
F,Solid Waste / Recycling,29.712,-95.61,3,0,1,1.027650462962963
B,Solid Waste / Recycling,29.866,-95.442,3,1,1,69.91237847222223
B,Solid Waste / Recycling,29.866,-95.435,3,3,0,
F,Solid Waste / Recycling,29.714,-95.579,3,0,0,4.8813657407407405
F,Solid Waste / Recycling,29.714,-95.576,3,1,0,4.521168981481481
F,Solid Waste / Recycling,29.715,-95.574,3,1,0,3.9542592592592594
F,Solid Waste / Recycling,29.717,-95.622,3,1,0,9.434305555555557
F,Solid Waste / Recycling,29.718,-95.618,3,0,1,15.892962962962963
F,Solid Waste / Recycling,29.719,-95.622,3,1,1,9.79123263888889
F,Solid Waste / Recycling,29.719,-95.62,3,0,0,9.337766203703705
F,Solid Waste / Recycling,29.72,-95.62,3,0,0,4.620335648148148
F,Solid Waste / Recycling,29.721,-95.622,3,2,0,3.8533680555555554
F,Solid Waste / Recycling,29.722,-95.634,3,0,1,7.901296296296296
F,Solid Waste / Recycling,29.722,-95.612,3,2,0,6.623252314814815
F,Solid Waste / Recycling,29.709,-95.568,3,0,0,6.719131944444444
D,Water,29.626,-95.353,3,0,0,0.0661921296296296
D,Water,29.63,-95.372,3,0,0,0.734224537037037
B,Solid Waste / Recycling,29.867,-95.292,3,0,1,6.856539351851852
B,Solid Waste / Recycling,29.867,-95.29,3,0,3,128.02356481481482
B,Solid Waste / Recycling,29.867,-95.289,3,0,1,6.036828703703704
B,Solid Waste / Recycling,29.867,-95.28,3,0,1,7.032916666666667
F,Solid Waste / Recycling,29.729,-95.535,3,2,0,4.995277777777778
F,Solid Waste / Recycling,29.731,-95.614,3,0,0,10.043587962962963
F,Solid Waste / Recycling,29.731,-95.534,3,1,1,11.65175925925926
F,Solid Waste / Recycling,29.732,-95.611,3,2,0,0.0007638888888888
F,Solid Waste / Recycling,29.724,-95.536,3,2,1,44.75869212962963
F,Solid Waste / Recycling,29.726,-95.617,3,0,1,4.7756134259259255
F,Solid Waste / Recycling,29.727,-95.613,3,0,1,7.552094907407407
F,Solid Waste / Recycling,29.728,-95.612,3,0,1,12.904207175925926
F,Solid Waste / Recycling,29.728,-95.611,3,0,1,16.689560185185186
F,Solid Waste / Recycling,29.728,-95.532,3,0,2,15.141203703703704
F,Solid Waste / Recycling,29.729,-95.619,3,1,0,9.267465277777777
F,Solid Waste / Recycling,29.729,-95.612,3,1,1,45.799930555555555
D,Water,29.617,-95.396,3,0,0,0.0308333333333333
D,Water,29.618,-95.41,3,0,0,0.1111111111111111
D,Water,29.618,-95.396,3,0,0,0.027824074074074
D,Water,29.618,-95.392,3,0,0,0.0869212962962963
D,Water,29.618,-95.339,3,1,0,0.062505787037037
D,Water,29.618,-95.332,3,1,0,0.8969386574074074
D,Water,29.619,-95.411,3,0,0,0.1134837962962962
D,Water,29.619,-95.408,3,0,0,0.5268518518518519
D,Water,29.619,-95.395,3,0,0,0.0616203703703703
D,Water,29.62,-95.401,3,0,1,0.1171527777777777
D,Water,29.622,-95.418,3,0,0,0.142511574074074
B,Solid Waste / Recycling,29.866,-95.291,3,2,1,18.860613425925926
B,Solid Waste / Recycling,29.866,-95.289,3,0,0,0.6794560185185186
B,Solid Waste / Recycling,29.866,-95.28,3,0,1,7.699560185185185
B,Solid Waste / Recycling,29.866,-95.278,3,0,2,17.828055555555554
B,Solid Waste / Recycling,29.867,-95.294,3,1,0,6.1033333333333335
F,Solid Waste / Recycling,29.736,-95.532,3,2,0,1.4700694444444444
F,Traffic Signals / Lighting,29.671,-95.57,3,2,0,4.887337962962963
F,Traffic Signals / Lighting,29.688,-95.57,3,0,0,3.075486111111111
F,Solid Waste / Recycling,29.732,-95.532,3,1,2,18.06136574074074
F,Solid Waste / Recycling,29.732,-95.526,3,0,0,3.8132175925925926
F,Solid Waste / Recycling,29.732,-95.518,3,1,1,15.057708333333334
F,Solid Waste / Recycling,29.732,-95.515,3,0,1,1.3647685185185183
F,Solid Waste / Recycling,29.733,-95.612,3,0,0,11.872777777777776
F,Solid Waste / Recycling,29.733,-95.538,3,0,0,5.847002314814815
F,Solid Waste / Recycling,29.733,-95.534,3,0,1,13.233703703703702
F,Solid Waste / Recycling,29.734,-95.529,3,1,0,4.197766203703704
F,Solid Waste / Recycling,29.735,-95.612,3,1,0,9.725387731481481
F,Solid Waste / Recycling,29.735,-95.611,3,0,1,6.365347222222222
F,Solid Waste / Recycling,29.735,-95.588,3,0,0,0.744525462962963
F,Solid Waste / Recycling,29.735,-95.537,3,2,0,5.068402777777778
B,Solid Waste / Recycling,29.863,-95.278,3,0,2,70.76850694444444
B,Water,29.808,-95.322,3,0,0,0.0035879629629629
B,Water,29.809,-95.322,3,0,0,0.7573726851851852
B,Water,29.81,-95.317,3,1,1,12.30181712962963
B,Water,29.816,-95.313,3,0,0,0.6068287037037037
B,Water,29.817,-95.281,3,0,0,2.707175925925926
B,Water,29.84,-95.269,3,0,0,0.0658333333333333
D,Water,29.613,-95.306,3,1,0,0.8030960648148149
D,Water,29.614,-95.305,3,0,0,0.856550925925926
D,Traffic Signals / Lighting,29.747,-95.373,3,0,0,5.527054398148148
B,Solid Waste / Recycling,29.864,-95.298,3,0,0,5.978680555555556
B,Solid Waste / Recycling,29.865,-95.439,3,0,0,0.0504398148148148
B,Solid Waste / Recycling,29.865,-95.436,3,1,1,11.853234953703703
B,Solid Waste / Recycling,29.865,-95.307,3,0,1,11.41265625
B,Solid Waste / Recycling,29.865,-95.305,3,2,0,11.593541666666669
B,Solid Waste / Recycling,29.865,-95.301,3,0,1,7.831886574074074
B,Solid Waste / Recycling,29.865,-95.295,3,2,0,
B,Solid Waste / Recycling,29.86,-95.284,3,1,0,6.6296643518518525
B,Solid Waste / Recycling,29.86,-95.279,3,0,2,32.82918981481482
B,Solid Waste / Recycling,29.861,-95.447,3,2,0,5.032430555555556
F,Traffic Signals / Lighting,29.729,-95.635,3,0,0,8.632430555555555
F,Traffic Signals / Lighting,29.704,-95.596,3,0,2,20.018402777777776
F,Traffic Signals / Lighting,29.704,-95.568,3,0,0,0.029502314814814752
B,Solid Waste / Recycling,29.862,-95.416,3,0,0,6.350740740740741
B,Solid Waste / Recycling,29.863,-95.442,3,0,2,19.27074074074074
B,Solid Waste / Recycling,29.863,-95.421,3,1,0,0.8574421296296296
B,Solid Waste / Recycling,29.863,-95.418,3,2,0,1.3089814814814815
B,Solid Waste / Recycling,29.863,-95.362,3,0,1,17.677494212962962
B,Solid Waste / Recycling,29.863,-95.308,3,1,1,64.09725694444445
B,Solid Waste / Recycling,29.863,-95.302,3,0,0,7.048946759259259
F,Traffic Signals / Lighting,29.712,-95.577,3,2,1,34.15013888888889
B,Solid Waste / Recycling,29.864,-95.301,3,0,1,21.326689814814813
B,Water,29.793,-95.323,3,0,0,0.5927083333333333
F,Water,29.654,-95.58,3,0,1,0.2053472222222222
F,Water,29.66,-95.574,3,0,0,0.7849594907407407
F,Water,29.661,-95.599,3,0,0,0.2334722222222222
F,Water,29.661,-95.598,3,0,0,0.1667013888888888
F,Water,29.662,-95.598,3,0,0,0.0378703703703703
B,Solid Waste / Recycling,29.858,-95.29,3,0,1,31.79560763888889
B,Solid Waste / Recycling,29.858,-95.288,3,0,2,18.796064814814816
B,Solid Waste / Recycling,29.858,-95.261,3,0,2,25.34716435185185
F,Traffic Signals / Lighting,29.716,-95.571,3,0,0,0.2777662037037037
F,Traffic Signals / Lighting,29.721,-95.624,3,0,1,5.877858796296296
F,Traffic Signals / Lighting,29.724,-95.605,3,1,0,0.6243055555555556
F,Traffic Signals / Lighting,29.724,-95.525,3,0,1,1.9234953703703703
F,Traffic Signals / Lighting,29.726,-95.501,3,0,0,1.133541666666667
B,Solid Waste / Recycling,29.86,-95.308,3,0,1,5.086666666666667
B,Solid Waste / Recycling,29.86,-95.305,3,1,1,33.65738425925926
B,Solid Waste / Recycling,29.86,-95.296,3,1,0,7.055850694444445
D,Water,29.589,-95.192,3,0,0,0.1101851851851851
D,Water,29.59,-95.202,3,1,0,0.0463310185185185
D,Water,29.59,-95.195,3,2,0,1.006597222222222
D,Water,29.59,-95.192,3,0,2,22.053981481481483
D,Water,29.593,-95.22,3,1,0,0.039542824074074
D,Water,29.604,-95.31,3,0,0,0.0673958333333333
B,Water,29.778,-95.342,3,0,2,36.77601851851852
B,Water,29.778,-95.332,3,0,1,0.1141087962962962
D,Traffic Signals / Lighting,29.719,-95.353,3,0,0,0.1953356481481481
F,Traffic Signals / Lighting,29.732,-95.501,3,1,0,2.19125
F,Traffic Signals / Lighting,29.735,-95.506,3,0,1,4.947233796296296
F,Traffic Signals / Lighting,29.735,-95.501,3,0,0,0.9198495370370372
F,Traffic Signals / Lighting,29.736,-95.64,3,0,0,1.8878240740740744
F,Traffic Signals / Lighting,29.736,-95.614,3,1,0,3.7797743055555557
F,Traffic Signals / Lighting,29.737,-95.572,3,1,1,29.051608796296296
F,Traffic Signals / Lighting,29.737,-95.515,3,1,0,0.49929398148148146
D,Traffic Signals / Lighting,29.726,-95.371,3,0,0,1.1086921296296297
D,Traffic Signals / Lighting,29.739,-95.378,3,0,0,0.6298032407407408
D,Traffic Signals / Lighting,29.742,-95.359,3,0,0,0.9139236111111112
D,Traffic Signals / Lighting,29.744,-95.377,3,0,1,7.084976851851851
B,Water,29.878,-95.293,3,1,0,0.1213831018518518
B,Solid Waste / Recycling,29.859,-95.429,3,0,0,11.68835648148148
B,Solid Waste / Recycling,29.859,-95.305,3,2,0,0.5237962962962963
B,Solid Waste / Recycling,29.859,-95.287,3,0,2,28.813819444444444
B,Solid Waste / Recycling,29.86,-95.444,3,0,2,19.167905092592594
F,Water,29.665,-95.606,3,0,0,0.3636805555555555
F,Water,29.665,-95.599,3,0,0,1.0674305555555557
F,Water,29.665,-95.597,3,0,1,1.037662037037037
F,Water,29.665,-95.59,3,0,0,0.5579513888888888
D,Water,29.585,-95.199,3,1,1,19.639380787037034
D,Water,29.587,-95.193,3,1,0,5.777500000000001
D,Water,29.588,-95.194,3,1,1,25.56637152777778
F,Water,29.697,-95.607,3,0,0,0.6303009259259259
F,Water,29.698,-95.616,3,0,0,0.6086921296296296
F,Water,29.668,-95.606,3,1,1,7.642320601851851
F,Water,29.669,-95.603,3,0,0,0.8636458333333333
F,Water,29.677,-95.582,3,1,0,1.3614756944444446
F,Water,29.679,-95.582,3,0,0,0.6682986111111111
F,Water,29.68,-95.58,3,0,0,0.0984143518518518
F,Water,29.683,-95.599,3,0,2,19.102835648148147
F,Water,29.685,-95.599,3,0,0,0.0455439814814814
F,Water,29.685,-95.598,3,0,0,0.0589930555555555
F,Water,29.689,-95.596,3,1,0,0.2008854166666666
F,Water,29.69,-95.603,3,0,0,0.1470717592592592
F,Water,29.69,-95.601,3,1,0,0.15554398148148146
D,Traffic Signals / Lighting,29.721,-95.352,3,0,0,0.275636574074074
D,Traffic Signals / Lighting,29.723,-95.378,3,1,0,0.2018344907407407
D,Traffic Signals / Lighting,29.724,-95.39,3,0,0,1.717523148148148
D,Traffic Signals / Lighting,29.71,-95.341,3,0,1,0.812511574074074
D,Traffic Signals / Lighting,29.711,-95.401,3,0,0,0.0013773148148148
D,Traffic Signals / Lighting,29.712,-95.379,3,0,0,0.337824074074074
D,Traffic Signals / Lighting,29.712,-95.378,3,0,0,0.0423263888888888
D,Traffic Signals / Lighting,29.715,-95.396,3,0,0,0.1980324074074074
D,Traffic Signals / Lighting,29.717,-95.354,3,0,0,0.2780208333333333
D,Traffic Signals / Lighting,29.658,-95.388,3,2,1,15.240729166666666
F,Water,29.692,-95.573,3,1,0,0.5640914351851851
F,Water,29.692,-95.572,3,0,1,0.6799652777777778
F,Water,29.693,-95.616,3,0,1,0.0406134259259259
F,Water,29.693,-95.608,3,1,0,0.8809143518518519
F,Water,29.693,-95.602,3,0,0,0.0806944444444444
F,Water,29.693,-95.596,3,0,0,0.0369791666666666
F,Water,29.694,-95.611,3,0,0,0.2863078703703703
F,Water,29.694,-95.6,3,0,0,0.0547916666666666
F,Water,29.696,-95.611,3,1,0,2.7282060185185184
F,Water,29.699,-95.617,3,0,0,0.5934143518518519
F,Water,29.699,-95.568,3,0,0,0.2211342592592592
F,Water,29.699,-95.565,3,1,0,0.2715509259259259
F,Water,29.7,-95.618,3,0,0,0.7540162037037037
F,Water,29.7,-95.599,3,0,1,1.797951388888889
F,Water,29.701,-95.616,3,0,0,0.0377893518518518
F,Water,29.702,-95.618,3,1,0,0.38317708333333333
F,Water,29.702,-95.614,3,0,0,0.9170138888888888
F,Water,29.704,-95.558,3,0,0,1.931226851851852
F,Water,29.705,-95.584,3,0,2,20.890300925925924
F,Water,29.708,-95.588,3,0,0,0.6486689814814814
F,Water,29.708,-95.587,3,0,0,0.065787037037037
F,Water,29.692,-95.598,3,0,0,0.0894907407407407
D,Traffic Signals / Lighting,29.692,-95.399,3,1,0,3.5472164351851854
D,Traffic Signals / Lighting,29.702,-95.372,3,0,1,7.656203703703704
D,Traffic Signals / Lighting,29.706,-95.385,3,0,0,1.581412037037037
F,Water,29.725,-95.593,3,1,0,2.0145428240740744
B,Solid Waste / Recycling,29.857,-95.297,3,0,0,7.815393518518518
B,Solid Waste / Recycling,29.857,-95.289,3,1,1,12.819994212962964
F,Water,29.712,-95.609,3,0,1,13.579965277777776
F,Water,29.712,-95.581,3,0,0,0.0934722222222222
F,Water,29.714,-95.556,3,1,0,2.7944155092592595
F,Water,29.717,-95.621,3,0,0,0.0817361111111111
F,Water,29.718,-95.619,3,0,0,0.1853587962962962
F,Water,29.718,-95.617,3,1,0,0.05931134259259255
F,Water,29.72,-95.624,3,0,0,3.640625
F,Water,29.72,-95.62,3,0,0,0.1686111111111111
F,Water,29.72,-95.619,3,0,0,2.178726851851852
F,Water,29.721,-95.622,3,0,0,0.1175810185185185
F,Water,29.722,-95.612,3,0,0,0.0795023148148148
F,Water,29.722,-95.611,3,0,0,0.2838888888888889
F,Water,29.723,-95.615,3,0,0,0.2217361111111111
D,Traffic Signals / Lighting,29.679,-95.367,3,2,0,
D,Traffic Signals / Lighting,29.683,-95.356,3,1,0,1.0229050925925924
D,Traffic Signals / Lighting,29.685,-95.341,3,0,0,0.0823611111111111
B,Water,29.842,-95.257,3,0,0,0.0035532407407407
B,Water,29.856,-95.251,3,0,0,2.897650462962963
B,Water,29.858,-95.261,3,0,0,0.0493981481481481
B,Water,29.868,-95.312,3,1,1,45.644710648148155
B,Water,29.868,-95.289,3,0,0,0.0873842592592592
B,Water,29.872,-95.311,3,0,0,1.6054398148148148
B,Water,29.878,-95.295,3,0,0,0.6576041666666667
D,Traffic Signals / Lighting,29.616,-95.368,3,0,0,0.0610763888888888
F,Water,29.723,-95.594,3,2,0,2.161203703703704
F,Water,29.724,-95.621,3,1,0,0.931730324074074
F,Water,29.724,-95.613,3,0,0,0.373125
F,Water,29.724,-95.597,3,0,0,1.142037037037037
F,Water,29.724,-95.593,3,1,0,2.317204861111111
G,Road / Pothole / Bridge,29.733,-95.458,3,2,0,0.7657986111111111
G,Road / Pothole / Bridge,29.736,-95.606,3,1,1,21.287789351851853
G,Road / Pothole / Bridge,29.738,-95.501,3,1,1,28.138738425925926
G,Road / Pothole / Bridge,29.739,-95.619,3,1,0,7.9465914351851845
G,Road / Pothole / Bridge,29.742,-95.485,3,0,0,0.7126851851851852
G,Road / Pothole / Bridge,29.744,-95.539,3,0,1,2.4525925925925924
B,Solid Waste / Recycling,29.858,-95.443,3,0,0,7.310266203703704
B,Solid Waste / Recycling,29.858,-95.442,3,1,1,124.91408564814814
B,Solid Waste / Recycling,29.858,-95.441,3,2,1,31.74041666666667
B,Solid Waste / Recycling,29.858,-95.434,3,3,0,
B,Solid Waste / Recycling,29.858,-95.3,3,1,0,7.440671296296296
F,Water,29.728,-95.618,3,0,0,0.8191203703703703
F,Water,29.73,-95.654,3,1,0,0.9703761574074075
F,Water,29.731,-95.621,3,0,0,0.0858449074074074
F,Water,29.723,-95.612,3,1,0,0.11671296296296291
D,Traffic Signals / Lighting,29.668,-95.384,3,0,0,0.7561574074074074
D,Traffic Signals / Lighting,29.642,-95.335,3,0,1,3.886180555555556
B,Water,29.912,-95.481,3,0,0,0.1539467592592592
B,Water,29.937,-95.314,3,0,0,0.1896643518518518
B,Water,29.942,-95.407,3,0,0,0.8298032407407407
B,Water,29.945,-95.331,3,0,0,2.3063310185185184
B,Water,29.956,-95.541,3,1,0,0.0815104166666666
B,Water,29.96,-95.545,3,0,2,51.14109953703704
B,Water,29.963,-95.561,3,0,0,0.1376736111111111
D,Traffic Signals / Lighting,29.649,-95.349,3,0,0,2.4035532407407407
D,Solid Waste / Recycling,29.743,-95.366,3,0,0,3.992638888888889
F,Water,29.732,-95.514,3,0,0,0.7858680555555555
F,Water,29.734,-95.527,3,0,0,1.1947685185185186
F,Water,29.735,-95.606,3,0,0,0.1252083333333333
G,Drainage / Flooding,29.743,-95.434,3,0,0,0.0837731481481481
G,Drainage / Flooding,29.776,-95.537,3,0,1,15.012766203703702
G,Road / Pothole / Bridge,29.731,-95.467,3,0,1,3.2922337962962964
G,Road / Pothole / Bridge,29.769,-95.623,3,1,0,4.15550925925926
G,Road / Pothole / Bridge,29.77,-95.478,3,0,0,6.7931944444444445
G,Road / Pothole / Bridge,29.778,-95.551,3,0,1,6.7625925925925925
B,Solid Waste / Recycling,29.856,-95.417,3,1,0,6.788616898148149
B,Solid Waste / Recycling,29.856,-95.281,3,1,0,9.878090277777778
B,Solid Waste / Recycling,29.856,-95.272,3,0,2,16.4028125
B,Solid Waste / Recycling,29.856,-95.254,3,0,2,14.07273148148148
B,Solid Waste / Recycling,29.857,-95.46,3,1,0,5.031082175925926
B,Solid Waste / Recycling,29.857,-95.455,3,0,1,2.9201157407407408
B,Solid Waste / Recycling,29.857,-95.429,3,1,1,21.061099537037038
G,Road / Pothole / Bridge,29.746,-95.488,3,0,0,1.0028935185185186
G,Road / Pothole / Bridge,29.746,-95.437,3,0,0,0.8964872685185185
G,Road / Pothole / Bridge,29.747,-95.607,3,0,0,1.2617708333333333
D,Traffic Signals / Lighting,29.625,-95.347,3,0,1,5.643148148148148
D,Traffic Signals / Lighting,29.629,-95.344,3,0,1,9.536961805555556
D,Traffic Signals / Lighting,29.632,-95.358,3,0,0,0.5102951388888889
B,Water,29.968,-95.543,3,1,0,0.4523900462962963
C,Drainage / Flooding,29.733,-95.407,3,1,0,3.4201099537037036
C,Drainage / Flooding,29.742,-95.398,3,0,1,9.045081018518518
C,Drainage / Flooding,29.767,-95.42,3,0,1,17.74080439814815
C,Drainage / Flooding,29.774,-95.404,3,1,2,41.31313078703704
C,Drainage / Flooding,29.779,-95.423,3,0,0,6.782604166666666
C,Drainage / Flooding,29.781,-95.428,3,3,0,
C,Drainage / Flooding,29.791,-95.403,3,0,2,88.99792824074073
C,Drainage / Flooding,29.809,-95.407,3,0,1,24.191614583333333
G,Road / Pothole / Bridge,29.748,-95.57,3,1,0,1.0994270833333333
G,Road / Pothole / Bridge,29.748,-95.538,3,3,0,
G,Road / Pothole / Bridge,29.748,-95.457,3,0,0,1.5183449074074074
G,Road / Pothole / Bridge,29.752,-95.583,3,0,0,1.1683217592592592
G,Road / Pothole / Bridge,29.754,-95.49,3,0,0,1.2124768518518518
G,Road / Pothole / Bridge,29.758,-95.618,3,0,0,2.4324421296296297
G,Road / Pothole / Bridge,29.758,-95.56,3,0,0,3.2216203703703705
B,Solid Waste / Recycling,29.854,-95.27,3,0,2,31.69880787037037
B,Solid Waste / Recycling,29.854,-95.269,3,0,2,30.828454861111112
G,Solid Waste / Recycling,29.739,-95.457,3,0,1,7.442222222222222
G,Solid Waste / Recycling,29.739,-95.447,3,0,0,5.096157407407407
G,Solid Waste / Recycling,29.742,-95.584,3,0,2,68.30281828703704
G,Solid Waste / Recycling,29.742,-95.583,3,0,2,33.09902777777778
G,Sewer / Wastewater,29.74,-95.457,3,1,0,4.618333333333333
G,Sewer / Wastewater,29.743,-95.564,3,0,0,0.8920138888888889
G,Sewer / Wastewater,29.745,-95.504,3,1,0,0.1969270833333333
B,Solid Waste / Recycling,29.855,-95.433,3,2,0,3.447986111111111
G,Sewer / Wastewater,29.747,-95.414,3,2,0,0.0976851851851851
G,Sewer / Wastewater,29.748,-95.581,3,0,1,0.1557291666666666
G,Sewer / Wastewater,29.751,-95.484,3,0,0,0.6973148148148148
G,Road / Pothole / Bridge,29.747,-95.415,3,0,1,1.1923032407407408
D,Solid Waste / Recycling,29.746,-95.38,3,2,1,27.979502314814816
B,Water,29.967,-95.295,3,0,0,2.77119212962963
C,Drainage / Flooding,29.831,-95.466,3,1,0,1.2126851851851854
C,Road / Pothole / Bridge,29.689,-95.489,3,1,0,1.4179629629629633
C,Road / Pothole / Bridge,29.706,-95.423,3,0,0,0.7681944444444444
C,Road / Pothole / Bridge,29.706,-95.418,3,0,0,1.2863194444444443
C,Road / Pothole / Bridge,29.706,-95.411,3,1,0,1.2777256944444444
C,Road / Pothole / Bridge,29.711,-95.403,3,1,1,55.09
C,Road / Pothole / Bridge,29.712,-95.407,3,0,0,2.120318287037037
D,Solid Waste / Recycling,29.741,-95.36,3,0,1,3.003136574074074
D,Solid Waste / Recycling,29.742,-95.368,3,0,2,20.698171296296294
D,Solid Waste / Recycling,29.743,-95.367,3,0,0,1.1616782407407409
D,Solid Waste / Recycling,29.735,-95.358,3,0,2,44.06582175925926
G,Solid Waste / Recycling,29.736,-95.449,3,1,0,6.212482638888889
G,Solid Waste / Recycling,29.738,-95.445,3,0,2,71.9437962962963
G,Solid Waste / Recycling,29.739,-95.567,3,0,0,2.0459953703703704
B,Solid Waste / Recycling,29.854,-95.288,3,0,1,3.8392824074074072
B,Solid Waste / Recycling,29.854,-95.272,3,0,3,21.06672453703704
D,Solid Waste / Recycling,29.739,-95.361,3,0,2,54.50675925925926
D,Solid Waste / Recycling,29.74,-95.357,3,1,1,11.333628472222221
C,Drainage / Flooding,29.801,-95.393,3,0,0,2.410138888888889
C,Drainage / Flooding,29.803,-95.44,3,2,0,0.0201736111111111
C,Drainage / Flooding,29.809,-95.428,3,2,0,3.912615740740741
D,Solid Waste / Recycling,29.734,-95.351,3,1,0,8.51212962962963
G,Solid Waste / Recycling,29.743,-95.613,3,0,1,34.90708333333333
G,Solid Waste / Recycling,29.743,-95.583,3,2,1,33.8609375
G,Solid Waste / Recycling,29.743,-95.573,3,1,1,7.382083333333333
G,Solid Waste / Recycling,29.744,-95.612,3,1,1,51.13431712962963
G,Solid Waste / Recycling,29.744,-95.581,3,1,1,26.62559027777778
G,Solid Waste / Recycling,29.744,-95.47,3,2,0,4.780162037037037
G,Solid Waste / Recycling,29.744,-95.415,3,0,0,12.01681712962963
G,Solid Waste / Recycling,29.745,-95.469,3,1,2,67.93295717592592
C,Drainage / Flooding,29.809,-95.394,3,0,0,2.8892650462962965
C,Drainage / Flooding,29.817,-95.403,3,1,1,18.893090277777777
G,Solid Waste / Recycling,29.755,-95.582,3,0,1,0.0659027777777777
G,Solid Waste / Recycling,29.755,-95.57,3,2,0,0.0010185185185185
B,Solid Waste / Recycling,29.853,-95.286,3,1,0,11.470381944444444
B,Solid Waste / Recycling,29.853,-95.281,3,0,1,6.850775462962963
B,Solid Waste / Recycling,29.853,-95.279,3,0,2,20.88826388888889
B,Solid Waste / Recycling,29.853,-95.275,3,0,1,7.680740740740741
B,Solid Waste / Recycling,29.853,-95.267,3,0,3,78.9628125
B,Solid Waste / Recycling,29.853,-95.265,3,1,2,24.240873842592592
G,Solid Waste / Recycling,29.747,-95.415,3,0,1,13.800914351851851
G,Solid Waste / Recycling,29.743,-95.614,3,1,0,0.12370370370370365
D,Solid Waste / Recycling,29.736,-95.379,3,1,0,3.291539351851852
D,Solid Waste / Recycling,29.736,-95.372,3,1,0,3.567957175925926
D,Solid Waste / Recycling,29.737,-95.371,3,0,2,46.008356481481485
D,Solid Waste / Recycling,29.738,-95.377,3,0,0,4.182766203703704
D,Solid Waste / Recycling,29.738,-95.356,3,1,1,10.641678240740742
D,Solid Waste / Recycling,29.738,-95.355,3,2,0,3.9838541666666663
C,Road / Pothole / Bridge,29.721,-95.408,3,1,0,3.4191956018518517
C,Road / Pothole / Bridge,29.722,-95.409,3,0,0,8.051203703703704
C,Road / Pothole / Bridge,29.726,-95.407,3,0,0,1.979016203703704
C,Road / Pothole / Bridge,29.727,-95.413,3,0,0,3.026226851851852
C,Road / Pothole / Bridge,29.729,-95.412,3,0,1,0.8692708333333333
C,Road / Pothole / Bridge,29.73,-95.391,3,1,0,1.1367361111111112
D,Solid Waste / Recycling,29.733,-95.347,3,1,0,8.019502314814815
G,Solid Waste / Recycling,29.748,-95.613,3,0,1,17.86091435185185
G,Solid Waste / Recycling,29.748,-95.584,3,0,2,68.66387152777779
G,Solid Waste / Recycling,29.748,-95.576,3,1,0,5.051267361111111
G,Solid Waste / Recycling,29.749,-95.545,3,0,0,2.8928935185185187
G,Solid Waste / Recycling,29.75,-95.612,3,0,3,78.03174768518518
G,Solid Waste / Recycling,29.752,-95.596,3,1,2,35.004999999999995
G,Solid Waste / Recycling,29.752,-95.569,3,0,1,6.287546296296297
G,Solid Waste / Recycling,29.753,-95.568,3,0,2,15.70585648148148
G,Solid Waste / Recycling,29.754,-95.538,3,0,1,7.440277777777778
B,Solid Waste / Recycling,29.852,-95.256,3,1,1,12.190677083333334
G,Solid Waste / Recycling,29.777,-95.641,3,1,1,19.224311342592593
G,Solid Waste / Recycling,29.777,-95.551,3,3,0,
G,Solid Waste / Recycling,29.755,-95.461,3,0,1,10.928414351851853
G,Solid Waste / Recycling,29.756,-95.462,3,0,0,7.097430555555556
G,Solid Waste / Recycling,29.758,-95.497,3,0,2,14.837581018518518
G,Solid Waste / Recycling,29.765,-95.568,3,1,0,5.591550925925926
G,Solid Waste / Recycling,29.773,-95.551,3,2,0,7.61292824074074
G,Solid Waste / Recycling,29.774,-95.546,3,1,0,0.0012557870370370002
G,Solid Waste / Recycling,29.775,-95.545,3,2,1,18.271319444444444
B,Solid Waste / Recycling,29.851,-95.275,3,0,3,20.748622685185182
G,Solid Waste / Recycling,29.748,-95.616,3,1,2,32.352413194444445
D,Solid Waste / Recycling,29.735,-95.376,3,0,0,6.804247685185185
D,Solid Waste / Recycling,29.735,-95.366,3,0,1,6.770092592592593
D,Solid Waste / Recycling,29.735,-95.364,3,0,1,1.0396412037037035
C,Road / Pothole / Bridge,29.715,-95.417,3,2,0,0.8374421296296296
C,Road / Pothole / Bridge,29.739,-95.386,3,0,1,1.7860185185185184
C,Road / Pothole / Bridge,29.74,-95.411,3,1,2,28.616828703703703
C,Road / Pothole / Bridge,29.74,-95.394,3,1,0,10.312118055555555
C,Road / Pothole / Bridge,29.741,-95.394,3,2,1,31.13429398148148
C,Road / Pothole / Bridge,29.742,-95.437,3,0,0,11.312511574074074
C,Road / Pothole / Bridge,29.743,-95.402,3,1,0,2.6904456018518523
C,Road / Pothole / Bridge,29.744,-95.406,3,1,1,17.43184027777778
C,Road / Pothole / Bridge,29.748,-95.408,3,0,1,1.930787037037037
D,Solid Waste / Recycling,29.734,-95.362,3,0,2,16.09048611111111
D,Solid Waste / Recycling,29.731,-95.38,3,1,1,10.485775462962964
B,Solid Waste / Recycling,29.851,-95.268,3,1,1,18.75625
B,Solid Waste / Recycling,29.851,-95.266,3,0,1,6.605740740740741
B,Solid Waste / Recycling,29.852,-95.441,3,1,0,4.67666087962963
B,Solid Waste / Recycling,29.852,-95.31,3,0,1,17.86060763888889
B,Solid Waste / Recycling,29.852,-95.277,3,0,1,2.786319444444445
B,Solid Waste / Recycling,29.852,-95.263,3,1,1,26.739085648148148
B,Solid Waste / Recycling,29.846,-95.279,3,2,0,0.6276041666666666
B,Solid Waste / Recycling,29.847,-95.442,3,1,1,18.84431712962963
G,Solid Waste / Recycling,29.779,-95.554,3,1,1,11.973090277777779
G,Solid Waste / Recycling,29.78,-95.569,3,1,0,
G,Solid Waste / Recycling,29.782,-95.573,3,0,1,33.64142361111111
G,Solid Waste / Recycling,29.782,-95.572,3,0,1,25.970578703703705
G,Traffic Signals / Lighting,29.727,-95.468,3,0,0,0.6028703703703704
B,Solid Waste / Recycling,29.848,-95.232,3,0,1,7.074143518518518
B,Solid Waste / Recycling,29.849,-95.419,3,0,1,23.585353009259258
B,Solid Waste / Recycling,29.849,-95.261,3,0,0,5.916938657407407
B,Solid Waste / Recycling,29.849,-95.258,3,0,0,3.0726388888888887
B,Solid Waste / Recycling,29.85,-95.323,3,0,0,6.373877314814815
B,Solid Waste / Recycling,29.851,-95.31,3,1,0,3.9316377314814814
B,Solid Waste / Recycling,29.851,-95.309,3,1,2,59.90557291666667
G,Traffic Signals / Lighting,29.732,-95.464,3,0,0,1.0385300925925929
C,Road / Pothole / Bridge,29.739,-95.389,3,0,3,55.8819675925926
B,Solid Waste / Recycling,29.848,-95.449,3,3,0,
B,Solid Waste / Recycling,29.848,-95.445,3,1,0,3.315497685185185
B,Solid Waste / Recycling,29.848,-95.433,3,1,1,13.903611111111111
B,Solid Waste / Recycling,29.848,-95.314,3,2,0,
B,Solid Waste / Recycling,29.848,-95.261,3,0,1,15.191851851851851
G,Traffic Signals / Lighting,29.747,-95.552,3,1,0,0.0043981481481481
G,Traffic Signals / Lighting,29.748,-95.419,3,0,0,1.7661226851851852
G,Traffic Signals / Lighting,29.735,-95.463,3,0,1,0.8168518518518518
G,Traffic Signals / Lighting,29.736,-95.647,3,0,1,5.096261574074074
G,Traffic Signals / Lighting,29.736,-95.624,3,1,0,1.3036689814814815
G,Traffic Signals / Lighting,29.737,-95.593,3,1,0,0.0063773148148148
G,Traffic Signals / Lighting,29.738,-95.522,3,0,0,0.4616782407407407
G,Traffic Signals / Lighting,29.738,-95.51,3,1,0,0.9246180555555555
G,Traffic Signals / Lighting,29.738,-95.479,3,0,0,5.421631944444444
G,Traffic Signals / Lighting,29.741,-95.624,3,0,1,40.63519675925926
B,Solid Waste / Recycling,29.846,-95.281,3,1,1,12.46941550925926
D,Solid Waste / Recycling,29.731,-95.357,3,3,0,
D,Solid Waste / Recycling,29.731,-95.35,3,2,0,1.0642013888888888
D,Solid Waste / Recycling,29.732,-95.383,3,1,0,3.871545138888889
D,Solid Waste / Recycling,29.732,-95.381,3,1,1,16.561186342592595
D,Solid Waste / Recycling,29.732,-95.37,3,0,2,17.09298611111111
D,Solid Waste / Recycling,29.732,-95.36,3,0,0,8.964340277777778
D,Solid Waste / Recycling,29.732,-95.359,3,1,0,
D,Solid Waste / Recycling,29.732,-95.357,3,0,1,45.47835069444445
D,Solid Waste / Recycling,29.732,-95.353,3,0,2,55.08
D,Solid Waste / Recycling,29.733,-95.379,3,0,1,10.57744212962963
D,Solid Waste / Recycling,29.733,-95.368,3,1,1,9.821712962962962
D,Solid Waste / Recycling,29.733,-95.36,3,0,1,11.76255787037037
C,Road / Pothole / Bridge,29.753,-95.392,3,1,0,1.3453761574074072
B,Solid Waste / Recycling,29.847,-95.278,3,0,1,1.5284953703703703
B,Solid Waste / Recycling,29.847,-95.277,3,1,0,1.5813252314814816
B,Solid Waste / Recycling,29.847,-95.24,3,3,0,
C,Road / Pothole / Bridge,29.766,-95.402,3,0,0,5.062372685185185
C,Road / Pothole / Bridge,29.768,-95.405,3,0,0,0.8029398148148148
C,Road / Pothole / Bridge,29.769,-95.427,3,2,0,12.99883101851852
C,Road / Pothole / Bridge,29.77,-95.415,3,0,1,4.277384259259259
C,Road / Pothole / Bridge,29.77,-95.412,3,1,2,38.828466435185184
D,Solid Waste / Recycling,29.73,-95.364,3,0,1,3.639212962962963
D,Solid Waste / Recycling,29.727,-95.361,3,1,1,54.39572916666667
B,Solid Waste / Recycling,29.844,-95.298,3,1,1,10.382552083333334
B,Solid Waste / Recycling,29.844,-95.296,3,0,1,6.317893518518519
B,Solid Waste / Recycling,29.844,-95.28,3,0,1,15.778246527777778
B,Solid Waste / Recycling,29.845,-95.255,3,0,1,14.191793981481482
B,Solid Waste / Recycling,29.846,-95.426,3,0,2,15.014826388888888
G,Traffic Signals / Lighting,29.75,-95.489,3,0,0,0.0192476851851851
G,Traffic Signals / Lighting,29.753,-95.46,3,0,0,0.531886574074074
G,Traffic Signals / Lighting,29.754,-95.58,3,0,0,1.4992881944444445
B,Solid Waste / Recycling,29.847,-95.425,3,0,1,0.0010648148148148
G,Traffic Signals / Lighting,29.779,-95.54,3,0,0,2.987453703703704
G,Traffic Signals / Lighting,29.783,-95.533,3,0,1,0.0113773148148148
G,Traffic Signals / Lighting,29.754,-95.456,3,0,0,0.0142824074074074
G,Traffic Signals / Lighting,29.754,-95.452,3,0,0,11.942633101851854
G,Traffic Signals / Lighting,29.756,-95.611,3,0,1,5.021550925925926
G,Traffic Signals / Lighting,29.756,-95.477,3,0,0,0.9347106481481482
G,Traffic Signals / Lighting,29.756,-95.474,3,0,0,1.0316203703703704
G,Traffic Signals / Lighting,29.758,-95.606,3,0,0,2.6070949074074075
G,Traffic Signals / Lighting,29.759,-95.619,3,0,0,4.765833333333333
G,Traffic Signals / Lighting,29.776,-95.606,3,1,1,12.967216435185184
B,Solid Waste / Recycling,29.841,-95.294,3,0,1,7.941226851851852
C,Road / Pothole / Bridge,29.757,-95.397,3,1,0,1.1051967592592593
C,Road / Pothole / Bridge,29.758,-95.375,3,0,1,0.5949305555555555
C,Road / Pothole / Bridge,29.76,-95.375,3,0,0,1.714189814814815
C,Road / Pothole / Bridge,29.761,-95.421,3,1,0,3.7386226851851854
C,Road / Pothole / Bridge,29.766,-95.405,3,0,2,26.10960648148148
G,Water,29.737,-95.451,3,0,0,2.0921064814814816
G,Water,29.738,-95.5,3,0,0,0.8525462962962963
G,Water,29.738,-95.457,3,1,0,2.164710648148148
G,Water,29.739,-95.57,3,0,1,1.2808101851851852
G,Water,29.739,-95.531,3,1,0,0.3883217592592592
G,Water,29.739,-95.449,3,0,0,0.11988425925925919
G,Water,29.74,-95.606,3,0,1,1.019837962962963
G,Water,29.74,-95.604,3,0,0,0.7359722222222222
G,Water,29.74,-95.577,3,0,0,0.0618287037037037
B,Solid Waste / Recycling,29.841,-95.278,3,0,0,4.302320601851852
B,Solid Waste / Recycling,29.842,-95.428,3,2,1,41.055914351851854
B,Solid Waste / Recycling,29.842,-95.258,3,1,0,3.751076388888889
B,Solid Waste / Recycling,29.843,-95.31,3,1,1,8.95859375
B,Solid Waste / Recycling,29.843,-95.281,3,0,0,3.573564814814815
B,Solid Waste / Recycling,29.843,-95.266,3,0,2,24.969780092592597
G,Traffic Signals / Lighting,29.779,-95.545,3,0,0,1.985289351851852
D,Solid Waste / Recycling,29.727,-95.36,3,1,1,66.4199537037037
D,Solid Waste / Recycling,29.728,-95.382,3,0,3,42.36238425925926
D,Solid Waste / Recycling,29.728,-95.365,3,0,0,2.8540625
D,Solid Waste / Recycling,29.729,-95.384,3,1,0,1.2477256944444446
D,Solid Waste / Recycling,29.729,-95.359,3,2,1,104.15222222222222
D,Solid Waste / Recycling,29.729,-95.356,3,0,1,1.1164814814814814
D,Solid Waste / Recycling,29.729,-95.345,3,1,1,48.45247685185185
D,Solid Waste / Recycling,29.73,-95.38,3,1,1,18.401446759259258
C,Road / Pothole / Bridge,29.749,-95.386,3,0,0,0.0060185185185185
C,Road / Pothole / Bridge,29.752,-95.398,3,0,0,1.0326967592592593
D,Solid Waste / Recycling,29.724,-95.381,3,0,2,40.133101851851855
G,Traffic Signals / Lighting,29.784,-95.532,3,0,0,0.1479629629629629
G,Water,29.736,-95.643,3,0,0,1.0321064814814815
G,Water,29.736,-95.606,3,0,0,0.4000810185185185
G,Water,29.736,-95.446,3,1,0,0.09288773148148145
G,Water,29.737,-95.626,3,1,0,1.1547395833333334
G,Water,29.741,-95.648,3,0,0,0.1424537037037037
G,Water,29.741,-95.643,3,0,0,0.2918402777777777
G,Water,29.741,-95.605,3,1,0,0.07442129629629625
G,Water,29.742,-95.591,3,0,0,0.0302314814814814
G,Water,29.742,-95.516,3,0,0,0.4310532407407407
G,Water,29.742,-95.441,3,1,0,7.468680555555556
G,Traffic Signals / Lighting,29.784,-95.564,3,0,1,9.803483796296296
D,Solid Waste / Recycling,29.725,-95.371,3,1,0,1.827060185185185
D,Solid Waste / Recycling,29.725,-95.369,3,1,1,40.06708912037037
D,Solid Waste / Recycling,29.726,-95.379,3,0,1,13.056747685185185
D,Solid Waste / Recycling,29.726,-95.37,3,1,1,10.42921875
D,Solid Waste / Recycling,29.726,-95.366,3,1,1,17.88907986111111
D,Solid Waste / Recycling,29.726,-95.355,3,1,0,1.4247511574074074
D,Solid Waste / Recycling,29.727,-95.382,3,0,0,0.8976967592592593
D,Solid Waste / Recycling,29.727,-95.371,3,0,2,42.93402777777778
D,Solid Waste / Recycling,29.722,-95.379,3,0,0,0.0018171296296296
B,Solid Waste / Recycling,29.838,-95.252,3,0,0,7.672256944444444
B,Solid Waste / Recycling,29.839,-95.314,3,1,1,13.504143518518518
B,Solid Waste / Recycling,29.839,-95.283,3,1,0,4.781331018518518
G,Water,29.747,-95.572,3,0,1,0.1812847222222222
G,Water,29.743,-95.494,3,0,1,1.026261574074074
B,Solid Waste / Recycling,29.839,-95.25,3,0,2,18.095416666666665
B,Solid Waste / Recycling,29.839,-95.249,3,1,1,7.63988425925926
B,Solid Waste / Recycling,29.84,-95.281,3,2,0,6.300289351851852
B,Solid Waste / Recycling,29.84,-95.269,3,1,1,28.05738425925926
B,Solid Waste / Recycling,29.84,-95.267,3,1,0,12.821880787037037
B,Solid Waste / Recycling,29.84,-95.264,3,0,2,17.8275
B,Solid Waste / Recycling,29.841,-95.313,3,1,2,74.92379050925925
G,Water,29.743,-95.414,3,2,0,0.5739120370370371
G,Water,29.744,-95.637,3,0,0,0.8406597222222222
G,Water,29.744,-95.577,3,0,0,1.0353356481481482
G,Water,29.744,-95.489,3,0,0,0.0405555555555555
C,Road / Pothole / Bridge,29.77,-95.391,3,1,0,0.00226273148148145
C,Road / Pothole / Bridge,29.771,-95.402,3,0,0,0.7279745370370371
C,Road / Pothole / Bridge,29.772,-95.399,3,0,1,7.240497685185185
C,Road / Pothole / Bridge,29.784,-95.4,3,0,1,0.3111342592592592
C,Road / Pothole / Bridge,29.789,-95.43,3,0,0,1.1218171296296295
C,Road / Pothole / Bridge,29.79,-95.41,3,0,0,6.653692129629629
C,Road / Pothole / Bridge,29.8,-95.398,3,0,0,0.6644328703703704
C,Road / Pothole / Bridge,29.802,-95.423,3,0,0,2.4638078703703705
C,Road / Pothole / Bridge,29.805,-95.429,3,1,1,10.108420138888889
D,Solid Waste / Recycling,29.717,-95.371,3,0,1,12.646238425925924
G,Water,29.745,-95.573,3,0,0,4.617314814814815
G,Water,29.745,-95.485,3,0,0,0.0035300925925925
G,Water,29.746,-95.485,3,0,0,0.9997916666666666
G,Water,29.746,-95.425,3,0,1,2.090798611111111
G,Water,29.747,-95.61,3,0,1,0.6218287037037037
B,Solid Waste / Recycling,29.838,-95.26,3,0,2,16.092233796296295
G,Water,29.752,-95.622,3,1,0,0.7967303240740741
G,Water,29.747,-95.438,3,0,0,0.165787037037037
G,Water,29.748,-95.622,3,0,1,12.19329861111111
G,Water,29.748,-95.539,3,1,0,5.490989583333334
G,Water,29.748,-95.534,3,0,0,0.2022685185185185
G,Water,29.748,-95.48,3,0,0,0.7808680555555556
G,Water,29.748,-95.43,3,1,1,32.59902199074074
G,Water,29.748,-95.417,3,0,0,0.8429282407407407
G,Water,29.749,-95.535,3,0,0,0.2813194444444444
G,Water,29.749,-95.53,3,0,0,0.1748263888888888
G,Water,29.75,-95.612,3,0,0,0.1676388888888889
G,Water,29.75,-95.487,3,2,0,0.2597453703703704
G,Water,29.751,-95.622,3,1,0,5.180387731481481
G,Water,29.751,-95.611,3,0,0,1.214340277777778
G,Water,29.744,-95.449,3,0,0,0.0914930555555555
D,Solid Waste / Recycling,29.722,-95.375,3,1,0,0.613130787037037
G,Water,29.756,-95.487,3,0,1,2.733101851851852
G,Water,29.756,-95.486,3,0,0,1.938287037037037
G,Water,29.756,-95.484,3,0,0,0.4755092592592592
G,Water,29.757,-95.633,3,0,0,0.0832407407407407
B,Solid Waste / Recycling,29.833,-95.322,3,0,1,5.693946759259259
B,Solid Waste / Recycling,29.833,-95.293,3,1,1,13.971302083333333
B,Solid Waste / Recycling,29.834,-95.325,3,1,1,32.80166666666667
B,Solid Waste / Recycling,29.835,-95.31,3,0,2,17.932569444444443
B,Solid Waste / Recycling,29.835,-95.278,3,0,1,7.381111111111111
B,Solid Waste / Recycling,29.835,-95.272,3,0,1,27.904131944444444
B,Solid Waste / Recycling,29.836,-95.291,3,2,1,27.981261574074075
B,Solid Waste / Recycling,29.836,-95.29,3,1,0,5.701869212962963
B,Solid Waste / Recycling,29.836,-95.284,3,1,0,3.0799537037037035
B,Solid Waste / Recycling,29.836,-95.278,3,0,1,7.045706018518518
B,Solid Waste / Recycling,29.836,-95.276,3,0,1,6.972210648148148
G,Water,29.751,-95.463,3,0,0,2.42837962962963
D,Solid Waste / Recycling,29.72,-95.353,3,1,0,2.9951851851851856
D,Solid Waste / Recycling,29.721,-95.382,3,1,1,19.606776620370372
D,Solid Waste / Recycling,29.721,-95.38,3,0,1,25.16046875
D,Solid Waste / Recycling,29.721,-95.375,3,2,0,3.8852546296296295
D,Solid Waste / Recycling,29.721,-95.374,3,0,1,1.8152777777777775
D,Solid Waste / Recycling,29.721,-95.372,3,0,1,12.991712962962962
D,Solid Waste / Recycling,29.706,-95.339,3,1,0,0.001105324074074
G,Water,29.753,-95.612,3,0,0,4.922199074074074
G,Water,29.754,-95.607,3,0,0,0.2233217592592592
G,Water,29.755,-95.545,3,0,0,0.0551157407407407
G,Water,29.755,-95.544,3,0,0,0.1831134259259259
G,Water,29.755,-95.492,3,0,0,0.0025925925925925
G,Water,29.755,-95.488,3,1,0,0.48706597222222225
G,Water,29.755,-95.487,3,0,0,0.9696643518518518
G,Water,29.755,-95.486,3,0,0,0.7482523148148148
G,Water,29.756,-95.578,3,0,0,1.0477083333333332
G,Water,29.778,-95.551,3,0,0,2.1614699074074077
G,Water,29.757,-95.491,3,0,0,1.8938078703703705
B,Solid Waste / Recycling,29.827,-95.298,3,1,1,16.29196759259259
B,Solid Waste / Recycling,29.827,-95.283,3,0,2,25.862129629629628
B,Solid Waste / Recycling,29.827,-95.278,3,1,2,52.37854166666666
B,Solid Waste / Recycling,29.828,-95.326,3,1,2,30.97174189814815
B,Solid Waste / Recycling,29.828,-95.325,3,1,0,3.199681712962963
B,Solid Waste / Recycling,29.828,-95.308,3,2,0,7.510150462962963
B,Solid Waste / Recycling,29.828,-95.298,3,0,1,10.023877314814817
B,Solid Waste / Recycling,29.829,-95.317,3,1,1,51.069265046296294
B,Solid Waste / Recycling,29.832,-95.298,3,0,1,10.886145833333334
G,Water,29.759,-95.476,3,0,0,0.767824074074074
G,Water,29.762,-95.483,3,0,0,5.417922453703704
G,Water,29.752,-95.474,3,0,2,18.487152777777776
D,Solid Waste / Recycling,29.72,-95.376,3,0,1,7.915358796296296
D,Solid Waste / Recycling,29.72,-95.373,3,0,0,0.2537731481481481
H,Road / Pothole / Bridge,29.757,-95.341,3,1,0,0.0814236111111111
H,Road / Pothole / Bridge,29.76,-95.351,3,0,1,7.666793981481481
H,Road / Pothole / Bridge,29.768,-95.306,3,0,1,3.294050925925926
G,Water,29.763,-95.63,3,0,0,0.6095833333333334
G,Water,29.764,-95.553,3,0,0,0.0126388888888888
G,Water,29.765,-95.633,3,0,0,1.0408680555555556
G,Water,29.765,-95.63,3,0,0,0.03375
G,Water,29.766,-95.643,3,2,0,0.1303125
G,Water,29.766,-95.63,3,1,0,2.375960648148148
G,Water,29.766,-95.569,3,0,1,9.55855324074074
G,Water,29.769,-95.634,3,0,1,1.988483796296296
G,Water,29.769,-95.605,3,1,0,4.031805555555556
G,Water,29.771,-95.583,3,0,0,0.0035532407407407
G,Water,29.771,-95.571,3,0,1,1.1238194444444445
G,Water,29.771,-95.476,3,0,1,1.2042939814814817
G,Water,29.778,-95.63,3,0,0,1.0979976851851851
D,Solid Waste / Recycling,29.711,-95.38,3,0,1,23.269415509259257
D,Solid Waste / Recycling,29.711,-95.362,3,0,1,0.9315277777777776
D,Solid Waste / Recycling,29.714,-95.361,3,1,0,6.555063657407407
D,Solid Waste / Recycling,29.715,-95.363,3,0,1,1.7484722222222222
D,Solid Waste / Recycling,29.715,-95.345,3,0,1,12.509247685185183
D,Solid Waste / Recycling,29.715,-95.343,3,1,1,8.54138888888889
D,Solid Waste / Recycling,29.705,-95.367,3,1,0,0.5561400462962962
G,Water,29.781,-95.634,3,0,0,0.1417129629629629
G,Water,29.781,-95.633,3,0,0,0.7693171296296296
H,Drainage / Flooding,29.781,-95.294,3,2,0,0.0047800925925925
H,Drainage / Flooding,29.79,-95.384,3,0,0,1.0002083333333334
H,Drainage / Flooding,29.79,-95.381,3,1,0,4.141122685185185
H,Drainage / Flooding,29.82,-95.412,3,0,1,0.909537037037037
H,Drainage / Flooding,29.868,-95.379,3,0,0,0.0064236111111111
H,Road / Pothole / Bridge,29.756,-95.297,3,1,0,1.0624189814814815
H,Road / Pothole / Bridge,29.757,-95.342,3,1,0,3.9292881944444447
B,Solid Waste / Recycling,29.823,-95.3,3,0,1,9.851516203703705
H,Road / Pothole / Bridge,29.773,-95.307,3,0,3,39.33825231481482
H,Road / Pothole / Bridge,29.778,-95.292,3,0,0,1.4554108796296295
H,Road / Pothole / Bridge,29.79,-95.372,3,0,0,1.2548148148148148
H,Road / Pothole / Bridge,29.795,-95.366,3,0,0,0.9090162037037036
H,Road / Pothole / Bridge,29.809,-95.346,3,0,0,0.8533796296296297
H,Road / Pothole / Bridge,29.813,-95.355,3,0,0,0.0126388888888888
H,Road / Pothole / Bridge,29.823,-95.417,3,0,0,0.0841666666666666
H,Road / Pothole / Bridge,29.825,-95.388,3,1,1,12.806209490740741
H,Road / Pothole / Bridge,29.831,-95.394,3,2,0,0.0024652777777777
G,Water,29.779,-95.633,3,1,0,0.28333912037037035
D,Solid Waste / Recycling,29.707,-95.373,3,0,3,24.13700231481481
D,Solid Waste / Recycling,29.707,-95.358,3,0,1,6.824398148148148
D,Solid Waste / Recycling,29.707,-95.34,3,0,2,34.81685185185185
D,Solid Waste / Recycling,29.708,-95.373,3,2,0,0.0006828703703703
D,Solid Waste / Recycling,29.709,-95.363,3,0,1,5.690451388888889
H,Sewer / Wastewater,29.755,-95.329,3,2,0,0.8857060185185185
H,Sewer / Wastewater,29.761,-95.286,3,0,1,25.48278935185185
H,Road / Pothole / Bridge,29.833,-95.411,3,0,0,0.6448958333333333
H,Road / Pothole / Bridge,29.837,-95.35,3,0,1,3.1833564814814816
H,Road / Pothole / Bridge,29.846,-95.369,3,0,0,1.1821180555555555
H,Road / Pothole / Bridge,29.848,-95.338,3,2,0,0.0008217592592592
H,Road / Pothole / Bridge,29.86,-95.402,3,0,0,1.2009953703703704
H,Road / Pothole / Bridge,29.86,-95.333,3,0,0,2.5868634259259258
H,Road / Pothole / Bridge,29.865,-95.347,3,0,0,0.5142013888888889
H,Road / Pothole / Bridge,29.869,-95.374,3,1,1,30.298975694444444
H,Road / Pothole / Bridge,29.87,-95.407,3,1,0,1.2782349537037037
H,Road / Pothole / Bridge,29.873,-95.379,3,1,0,1.9651562500000002
H,Road / Pothole / Bridge,29.873,-95.378,3,0,0,1.245462962962963
H,Sewer / Wastewater,29.746,-95.324,3,1,0,4.4766261574074075
H,Sewer / Wastewater,29.746,-95.323,3,0,0,0.8012731481481481
B,Solid Waste / Recycling,29.822,-95.278,3,3,0,
C,Road / Pothole / Bridge,29.841,-95.458,3,0,0,0.2102893518518518
C,Sewer / Wastewater,29.725,-95.446,3,0,0,0.0938888888888888
C,Sewer / Wastewater,29.734,-95.433,3,0,0,0.2654513888888888
D,Solid Waste / Recycling,29.706,-95.368,3,2,0,9.016909722222222
B,Solid Waste / Recycling,29.824,-95.284,3,1,1,51.57184027777778
B,Solid Waste / Recycling,29.825,-95.315,3,1,1,15.75782986111111
B,Solid Waste / Recycling,29.825,-95.308,3,0,1,7.380381944444444
B,Solid Waste / Recycling,29.825,-95.286,3,1,1,27.85798611111111
B,Solid Waste / Recycling,29.825,-95.278,3,1,0,3.974878472222222
B,Solid Waste / Recycling,29.825,-95.272,3,0,1,1.730972222222222
B,Solid Waste / Recycling,29.826,-95.302,3,2,1,16.768101851851853
B,Solid Waste / Recycling,29.826,-95.287,3,0,1,15.76170138888889
B,Solid Waste / Recycling,29.826,-95.284,3,0,2,26.928657407407407
H,Sewer / Wastewater,29.75,-95.33,3,0,0,0.9620601851851852
H,Sewer / Wastewater,29.754,-95.33,3,0,0,1.1703587962962962
H,Sewer / Wastewater,29.755,-95.335,3,0,0,1.033472222222222
B,Solid Waste / Recycling,29.819,-95.278,3,0,1,7.5446875
H,Sewer / Wastewater,29.775,-95.369,3,0,0,0.6758680555555555
H,Sewer / Wastewater,29.783,-95.355,3,0,0,0.7153472222222222
H,Sewer / Wastewater,29.785,-95.358,3,0,0,0.063761574074074
H,Sewer / Wastewater,29.789,-95.387,3,0,0,5.119716435185185
H,Sewer / Wastewater,29.789,-95.354,3,0,0,2.9980208333333334
H,Sewer / Wastewater,29.791,-95.379,3,1,0,1.101377314814815
H,Sewer / Wastewater,29.802,-95.379,3,0,2,18.85621527777778
H,Sewer / Wastewater,29.814,-95.399,3,0,0,0.0700810185185185
H,Sewer / Wastewater,29.816,-95.385,3,1,1,10.344762731481483
H,Sewer / Wastewater,29.817,-95.34,3,0,0,0.1704166666666666
H,Sewer / Wastewater,29.828,-95.362,3,0,1,6.158287037037037
H,Sewer / Wastewater,29.847,-95.385,3,0,0,0.9081944444444444
H,Sewer / Wastewater,29.868,-95.391,3,0,0,0.3236805555555556
B,Solid Waste / Recycling,29.824,-95.287,3,2,1,45.94817129629629
C,Road / Pothole / Bridge,29.832,-95.437,3,0,0,0.507800925925926
C,Sewer / Wastewater,29.79,-95.419,3,0,0,0.3504398148148148
D,Solid Waste / Recycling,29.703,-95.392,3,0,1,0.9630555555555556
D,Solid Waste / Recycling,29.703,-95.373,3,0,2,15.188645833333334
D,Solid Waste / Recycling,29.704,-95.372,3,1,1,40.00535879629629
D,Solid Waste / Recycling,29.704,-95.341,3,0,0,7.060185185185185
D,Solid Waste / Recycling,29.705,-95.37,3,0,1,2.9357291666666665
D,Solid Waste / Recycling,29.698,-95.378,3,0,0,1.221875
H,Solid Waste / Recycling,29.741,-95.313,3,0,0,6.967685185185185
H,Solid Waste / Recycling,29.742,-95.318,3,0,2,48.61569444444444
H,Solid Waste / Recycling,29.743,-95.324,3,0,3,24.06833333333333
H,Solid Waste / Recycling,29.743,-95.316,3,0,1,3.800462962962963
H,Solid Waste / Recycling,29.744,-95.327,3,0,2,43.46763888888889
H,Solid Waste / Recycling,29.745,-95.323,3,0,1,3.814594907407408
H,Solid Waste / Recycling,29.746,-95.334,3,1,1,20.64634837962963
B,Solid Waste / Recycling,29.819,-95.309,3,0,1,24.66931712962963
B,Solid Waste / Recycling,29.819,-95.298,3,1,1,41.06575231481481
B,Solid Waste / Recycling,29.817,-95.298,3,2,1,119.07011574074076
B,Solid Waste / Recycling,29.818,-95.284,3,0,1,15.408587962962962
B,Solid Waste / Recycling,29.819,-95.274,3,1,0,0.5678298611111111
B,Solid Waste / Recycling,29.82,-95.335,3,0,1,7.631053240740741
B,Solid Waste / Recycling,29.82,-95.318,3,0,0,5.923310185185185
B,Solid Waste / Recycling,29.82,-95.279,3,1,0,7.92962962962963
B,Solid Waste / Recycling,29.822,-95.331,3,1,2,52.72806712962963
B,Solid Waste / Recycling,29.822,-95.281,3,2,1,49.73017361111111
H,Solid Waste / Recycling,29.746,-95.331,3,0,1,2.863275462962963
H,Solid Waste / Recycling,29.747,-95.336,3,0,0,0.7615393518518518
H,Solid Waste / Recycling,29.747,-95.329,3,0,0,7.433923611111111
C,Sewer / Wastewater,29.758,-95.386,3,1,0,0.5398611111111111
C,Sewer / Wastewater,29.761,-95.375,3,0,0,0.1217939814814814
C,Sewer / Wastewater,29.771,-95.416,3,0,0,0.0747800925925925
C,Sewer / Wastewater,29.775,-95.421,3,0,0,1.023402777777778
C,Sewer / Wastewater,29.783,-95.389,3,1,0,1.0759548611111112
D,Solid Waste / Recycling,29.699,-95.352,3,1,0,6.88589699074074
D,Solid Waste / Recycling,29.7,-95.369,3,0,1,9.02142361111111
D,Solid Waste / Recycling,29.7,-95.368,3,0,0,4.781909722222222
D,Solid Waste / Recycling,29.701,-95.367,3,1,0,6.841087962962963
D,Solid Waste / Recycling,29.701,-95.363,3,0,3,36.53962962962963
D,Solid Waste / Recycling,29.701,-95.33,3,0,3,41.97821759259259
D,Solid Waste / Recycling,29.702,-95.385,3,0,2,40.82247685185185
C,Sewer / Wastewater,29.734,-95.401,3,0,0,0.0625925925925925
D,Solid Waste / Recycling,29.69,-95.368,3,0,1,10.239357638888889
H,Solid Waste / Recycling,29.747,-95.324,3,0,1,12.93806712962963
H,Solid Waste / Recycling,29.748,-95.323,3,0,1,2.7374189814814813
H,Solid Waste / Recycling,29.748,-95.322,3,0,1,9.89292824074074
H,Solid Waste / Recycling,29.749,-95.338,3,0,2,18.66292824074074
B,Solid Waste / Recycling,29.81,-95.279,3,0,0,4.022916666666666
B,Solid Waste / Recycling,29.813,-95.284,3,0,1,13.841539351851852
B,Solid Waste / Recycling,29.816,-95.277,3,0,0,0.7391435185185186
H,Solid Waste / Recycling,29.771,-95.37,3,0,1,18.953506944444445
B,Solid Waste / Recycling,29.804,-95.31,3,1,0,3.321440972222222
H,Solid Waste / Recycling,29.749,-95.327,3,0,1,6.719456018518518
H,Solid Waste / Recycling,29.75,-95.324,3,0,0,4.972430555555556
H,Solid Waste / Recycling,29.751,-95.334,3,0,0,6.002627314814815
H,Solid Waste / Recycling,29.751,-95.327,3,0,1,5.800682870370371
H,Solid Waste / Recycling,29.752,-95.338,3,0,0,0.1591782407407407
H,Solid Waste / Recycling,29.752,-95.336,3,0,0,5.054548611111112
H,Solid Waste / Recycling,29.755,-95.337,3,0,2,81.29372685185186
H,Solid Waste / Recycling,29.757,-95.346,3,1,0,2.8830092592592598
H,Solid Waste / Recycling,29.747,-95.325,3,0,1,21.70759837962963
D,Solid Waste / Recycling,29.698,-95.37,3,1,0,5.909166666666667
D,Solid Waste / Recycling,29.698,-95.362,3,0,1,6.948032407407408
D,Solid Waste / Recycling,29.698,-95.358,3,0,1,7.600590277777778
D,Solid Waste / Recycling,29.699,-95.358,3,0,2,41.37383101851852
D,Solid Waste / Recycling,29.699,-95.354,3,0,1,0.9783912037037036
D,Solid Waste / Recycling,29.691,-95.346,3,2,0,12.341527777777776
D,Solid Waste / Recycling,29.692,-95.334,3,0,3,35.61649305555556
D,Solid Waste / Recycling,29.693,-95.347,3,3,0,
D,Solid Waste / Recycling,29.694,-95.366,3,0,1,5.88375
D,Solid Waste / Recycling,29.694,-95.365,3,0,2,19.104953703703703
D,Solid Waste / Recycling,29.694,-95.357,3,0,1,17.034548611111113
D,Solid Waste / Recycling,29.696,-95.339,3,0,0,5.851168981481481
D,Solid Waste / Recycling,29.689,-95.356,3,0,1,11.010173611111112
H,Solid Waste / Recycling,29.765,-95.377,3,0,1,9.982106481481482
H,Solid Waste / Recycling,29.766,-95.38,3,2,0,11.823726851851852
H,Solid Waste / Recycling,29.767,-95.381,3,1,1,21.16978587962963
H,Solid Waste / Recycling,29.767,-95.378,3,0,1,7.620613425925926
H,Solid Waste / Recycling,29.768,-95.391,3,0,1,7.447939814814815
H,Solid Waste / Recycling,29.768,-95.302,3,1,0,3.5320775462962968
H,Solid Waste / Recycling,29.769,-95.297,3,1,1,38.53350694444444
H,Solid Waste / Recycling,29.77,-95.3,3,0,1,7.019594907407408
C,Solid Waste / Recycling,29.668,-95.487,3,0,1,21.02435185185185
C,Solid Waste / Recycling,29.668,-95.48,3,2,0,10.172847222222222
C,Solid Waste / Recycling,29.669,-95.486,3,0,1,3.930763888888889
C,Solid Waste / Recycling,29.669,-95.467,3,0,0,3.908194444444444
C,Solid Waste / Recycling,29.67,-95.499,3,2,0,7.197627314814815
C,Solid Waste / Recycling,29.671,-95.497,3,1,0,5.486828703703703
D,Solid Waste / Recycling,29.689,-95.347,3,2,0,1.9904282407407408
D,Solid Waste / Recycling,29.69,-95.371,3,0,2,38.97086805555556
B,Solid Waste / Recycling,29.805,-95.319,3,0,2,23.89710648148148
B,Solid Waste / Recycling,29.805,-95.308,3,0,1,1.8028935185185184
B,Solid Waste / Recycling,29.808,-95.322,3,1,1,15.541944444444447
B,Solid Waste / Recycling,29.808,-95.27,3,1,1,19.02857638888889
B,Solid Waste / Recycling,29.809,-95.284,3,1,1,60.67452546296297
B,Solid Waste / Recycling,29.809,-95.269,3,0,2,69.84425925925926
H,Solid Waste / Recycling,29.771,-95.295,3,2,0,2.258935185185185
H,Solid Waste / Recycling,29.772,-95.376,3,0,3,40.56074074074074
H,Solid Waste / Recycling,29.777,-95.36,3,0,1,19.16425925925926
H,Solid Waste / Recycling,29.777,-95.352,3,0,1,20.315341435185182
H,Solid Waste / Recycling,29.773,-95.379,3,0,2,37.42269097222223
H,Solid Waste / Recycling,29.775,-95.374,3,1,2,42.394618055555554
H,Solid Waste / Recycling,29.775,-95.372,3,1,0,3.489212962962963
H,Solid Waste / Recycling,29.775,-95.356,3,0,2,33.92243055555556
H,Solid Waste / Recycling,29.775,-95.305,3,0,1,3.9721759259259257
H,Solid Waste / Recycling,29.775,-95.293,3,1,1,12.673090277777778
H,Solid Waste / Recycling,29.776,-95.376,3,1,2,39.47411458333334
H,Solid Waste / Recycling,29.777,-95.373,3,1,2,25.784890046296297
H,Solid Waste / Recycling,29.777,-95.363,3,0,1,2.5434027777777777
D,Solid Waste / Recycling,29.689,-95.35,3,0,2,17.24471064814815
C,Sewer / Wastewater,29.823,-95.429,3,0,0,0.7676967592592593
C,Sewer / Wastewater,29.825,-95.454,3,0,0,1.1244097222222222
C,Sewer / Wastewater,29.828,-95.461,3,0,0,2.990601851851852
C,Sewer / Wastewater,29.831,-95.434,3,1,0,0.0305381944444444
D,Solid Waste / Recycling,29.687,-95.331,3,1,0,1.833611111111111
D,Solid Waste / Recycling,29.688,-95.373,3,1,2,80.55036458333333
D,Solid Waste / Recycling,29.688,-95.369,3,0,3,20.13292824074074
D,Solid Waste / Recycling,29.688,-95.367,3,0,1,8.948802083333334
D,Solid Waste / Recycling,29.688,-95.349,3,1,2,32.55087962962963
D,Solid Waste / Recycling,29.689,-95.372,3,0,2,19.110358796296296
D,Solid Waste / Recycling,29.689,-95.366,3,1,1,44.50558449074074
C,Solid Waste / Recycling,29.671,-95.486,3,1,0,10.121770833333333
B,Solid Waste / Recycling,29.799,-95.318,3,0,3,27.91672453703704
B,Solid Waste / Recycling,29.801,-95.337,3,1,1,35.86821759259259
B,Solid Waste / Recycling,29.801,-95.335,3,1,0,3.7078877314814815
B,Solid Waste / Recycling,29.803,-95.337,3,1,0,2.180127314814815
B,Solid Waste / Recycling,29.803,-95.332,3,3,0,
B,Solid Waste / Recycling,29.803,-95.33,3,2,1,22.77025462962963
B,Solid Waste / Recycling,29.804,-95.331,3,2,0,9.884618055555556
B,Solid Waste / Recycling,29.804,-95.32,3,0,0,3.1722569444444444
H,Solid Waste / Recycling,29.782,-95.296,3,1,0,13.906446759259259
H,Solid Waste / Recycling,29.782,-95.295,3,1,0,7.426481481481481
B,Solid Waste / Recycling,29.794,-95.289,3,0,1,10.89037037037037
H,Solid Waste / Recycling,29.778,-95.374,3,2,0,
H,Solid Waste / Recycling,29.778,-95.364,3,0,1,9.749386574074077
H,Solid Waste / Recycling,29.778,-95.357,3,0,0,4.053287037037037
H,Solid Waste / Recycling,29.778,-95.308,3,2,0,6.658518518518519
H,Solid Waste / Recycling,29.779,-95.304,3,0,1,2.297210648148148
H,Solid Waste / Recycling,29.779,-95.3,3,1,1,65.98669560185185
H,Solid Waste / Recycling,29.779,-95.299,3,0,2,20.88946759259259
D,Solid Waste / Recycling,29.686,-95.33,3,0,2,17.65540509259259
D,Solid Waste / Recycling,29.687,-95.376,3,0,2,67.26288194444444
D,Solid Waste / Recycling,29.687,-95.369,3,2,0,
D,Solid Waste / Recycling,29.687,-95.367,3,1,2,67.98649305555556
D,Solid Waste / Recycling,29.687,-95.361,3,0,1,9.67648148148148
D,Solid Waste / Recycling,29.687,-95.35,3,1,1,30.394322916666663
C,Solid Waste / Recycling,29.672,-95.497,3,0,0,2.955
C,Solid Waste / Recycling,29.672,-95.492,3,1,0,7.2555208333333345
C,Solid Waste / Recycling,29.672,-95.472,3,1,1,18.543223379629634
D,Solid Waste / Recycling,29.685,-95.335,3,0,2,16.28230324074074
D,Solid Waste / Recycling,29.686,-95.375,3,0,2,108.00846064814814
D,Solid Waste / Recycling,29.686,-95.374,3,0,2,72.75927083333333
D,Solid Waste / Recycling,29.686,-95.356,3,2,0,4.585798611111112
D,Solid Waste / Recycling,29.686,-95.337,3,0,1,2.917141203703704
D,Solid Waste / Recycling,29.682,-95.338,3,0,1,2.7053587962962964
H,Solid Waste / Recycling,29.78,-95.356,3,0,3,34.9137962962963
H,Solid Waste / Recycling,29.78,-95.296,3,0,1,0.0260648148148148
H,Solid Waste / Recycling,29.781,-95.37,3,3,0,
H,Solid Waste / Recycling,29.781,-95.312,3,1,1,32.05928240740741
H,Solid Waste / Recycling,29.781,-95.311,3,1,1,10.803321759259259
H,Solid Waste / Recycling,29.782,-95.352,3,2,1,20.885
H,Solid Waste / Recycling,29.782,-95.348,3,0,2,28.036284722222224
B,Solid Waste / Recycling,29.794,-95.308,3,0,2,19.003576388888888
B,Solid Waste / Recycling,29.794,-95.307,3,0,0,7.731608796296296
B,Solid Waste / Recycling,29.795,-95.327,3,0,0,6.597453703703704
B,Solid Waste / Recycling,29.795,-95.309,3,1,0,2.4578125
B,Solid Waste / Recycling,29.796,-95.332,3,2,0,2.3290625
B,Solid Waste / Recycling,29.796,-95.277,3,2,1,19.9271875
B,Solid Waste / Recycling,29.798,-95.32,3,2,1,19.948402777777776
B,Solid Waste / Recycling,29.798,-95.312,3,0,0,0.5793518518518519
H,Solid Waste / Recycling,29.783,-95.305,3,0,0,2.210428240740741
H,Solid Waste / Recycling,29.783,-95.293,3,1,1,13.66552662037037
H,Solid Waste / Recycling,29.784,-95.377,3,1,0,7.717094907407407
H,Solid Waste / Recycling,29.784,-95.355,3,0,2,34.6315625
H,Solid Waste / Recycling,29.78,-95.366,3,0,1,9.057777777777778
C,Solid Waste / Recycling,29.671,-95.483,3,0,1,2.0180902777777776
C,Solid Waste / Recycling,29.671,-95.472,3,0,2,17.049039351851853
C,Solid Waste / Recycling,29.672,-95.498,3,1,0,6.590202546296296
D,Solid Waste / Recycling,29.683,-95.337,3,0,2,14.865891203703704
D,Solid Waste / Recycling,29.683,-95.336,3,0,3,17.543460648148148
D,Solid Waste / Recycling,29.684,-95.366,3,0,1,13.141597222222222
C,Solid Waste / Recycling,29.671,-95.496,3,1,1,9.312407407407408
C,Solid Waste / Recycling,29.671,-95.494,3,1,0,5.2329340277777785
D,Solid Waste / Recycling,29.676,-95.337,3,1,0,0.34913773148148153
H,Solid Waste / Recycling,29.784,-95.309,3,2,0,1.2322916666666666
H,Solid Waste / Recycling,29.785,-95.376,3,0,1,16.3446875
B,Solid Waste / Recycling,29.792,-95.336,3,2,0,11.15986111111111
B,Solid Waste / Recycling,29.792,-95.324,3,0,1,7.4021180555555555
B,Solid Waste / Recycling,29.792,-95.311,3,1,0,1.0278993055555556
B,Solid Waste / Recycling,29.792,-95.309,3,0,1,2.799537037037037
B,Solid Waste / Recycling,29.793,-95.33,3,0,1,7.80462962962963
B,Solid Waste / Recycling,29.793,-95.324,3,0,1,8.161585648148149
B,Solid Waste / Recycling,29.794,-95.331,3,2,0,0.6874074074074074
B,Solid Waste / Recycling,29.794,-95.323,3,0,2,25.991400462962964
B,Solid Waste / Recycling,29.79,-95.339,3,2,1,28.047488425925927
H,Solid Waste / Recycling,29.785,-95.308,3,2,1,19.08578703703704
H,Solid Waste / Recycling,29.785,-95.306,3,1,0,0.924236111111111
H,Solid Waste / Recycling,29.785,-95.305,3,0,0,2.071296296296296
H,Solid Waste / Recycling,29.786,-95.371,3,0,2,20.320908564814815
H,Solid Waste / Recycling,29.786,-95.369,3,2,1,42.81579861111111
H,Solid Waste / Recycling,29.786,-95.359,3,0,1,29.91490740740741
H,Solid Waste / Recycling,29.786,-95.302,3,0,0,0.876875
H,Solid Waste / Recycling,29.786,-95.298,3,0,0,4.916828703703704
H,Solid Waste / Recycling,29.787,-95.387,3,0,2,74.84792824074074
H,Solid Waste / Recycling,29.787,-95.378,3,1,2,46.351875
H,Solid Waste / Recycling,29.787,-95.376,3,0,2,23.85945601851852
H,Solid Waste / Recycling,29.787,-95.356,3,0,0,0.9173726851851852
D,Solid Waste / Recycling,29.682,-95.336,3,0,1,0.9052546296296295
D,Solid Waste / Recycling,29.682,-95.335,3,0,3,25.01760416666667
D,Solid Waste / Recycling,29.683,-95.344,3,0,0,2.071863425925926
D,Solid Waste / Recycling,29.677,-95.334,3,0,3,23.83096064814815
D,Solid Waste / Recycling,29.679,-95.35,3,0,0,0.8010648148148148
D,Solid Waste / Recycling,29.679,-95.348,3,1,0,5.0753761574074066
D,Solid Waste / Recycling,29.681,-95.336,3,0,2,19.968449074074076
D,Solid Waste / Recycling,29.682,-95.362,3,0,1,6.928831018518519
D,Solid Waste / Recycling,29.682,-95.344,3,0,0,2.930046296296296
D,Solid Waste / Recycling,29.675,-95.328,3,0,0,1.6687962962962963
H,Solid Waste / Recycling,29.787,-95.304,3,3,0,
H,Solid Waste / Recycling,29.787,-95.301,3,0,0,7.466076388888889
H,Solid Waste / Recycling,29.788,-95.38,3,0,2,26.2091724537037
H,Solid Waste / Recycling,29.788,-95.373,3,0,1,25.875104166666667
H,Solid Waste / Recycling,29.788,-95.37,3,3,0,
H,Solid Waste / Recycling,29.789,-95.384,3,1,0,5.70953125
H,Solid Waste / Recycling,29.789,-95.382,3,0,1,20.177824074074078
H,Solid Waste / Recycling,29.789,-95.378,3,0,0,7.681446759259259
B,Solid Waste / Recycling,29.789,-95.32,3,0,0,1.8896064814814812
H,Solid Waste / Recycling,29.795,-95.362,3,0,0,0.0035185185185185
H,Solid Waste / Recycling,29.796,-95.36,3,1,0,2.259375
B,Solid Waste / Recycling,29.79,-95.333,3,1,1,24.052986111111114
B,Solid Waste / Recycling,29.79,-95.33,3,0,1,7.67136574074074
B,Solid Waste / Recycling,29.79,-95.317,3,1,0,6.508605324074074
B,Solid Waste / Recycling,29.79,-95.313,3,1,0,
B,Solid Waste / Recycling,29.791,-95.325,3,3,0,
B,Solid Waste / Recycling,29.791,-95.323,3,1,1,13.831869212962964
B,Solid Waste / Recycling,29.792,-95.338,3,0,1,7.649178240740741
H,Solid Waste / Recycling,29.79,-95.377,3,0,2,23.02709490740741
H,Solid Waste / Recycling,29.79,-95.375,3,2,0,0.9876388888888888
H,Solid Waste / Recycling,29.791,-95.383,3,0,1,11.550752314814815
H,Solid Waste / Recycling,29.791,-95.351,3,0,1,3.727361111111111
H,Solid Waste / Recycling,29.792,-95.387,3,0,1,17.663599537037037
H,Solid Waste / Recycling,29.787,-95.354,3,0,2,26.941180555555555
D,Solid Waste / Recycling,29.677,-95.346,3,1,2,46.89869791666666
C,Solid Waste / Recycling,29.675,-95.492,3,0,0,6.657256944444445
C,Solid Waste / Recycling,29.675,-95.479,3,1,0,6.624508101851852
C,Solid Waste / Recycling,29.675,-95.473,3,0,0,0.727175925925926
C,Solid Waste / Recycling,29.675,-95.466,3,1,1,16.781521990740742
D,Solid Waste / Recycling,29.676,-95.341,3,1,0,5.425486111111111
D,Solid Waste / Recycling,29.672,-95.347,3,0,1,43.86644097222222
H,Solid Waste / Recycling,29.792,-95.376,3,0,2,21.638315972222223
H,Solid Waste / Recycling,29.792,-95.354,3,0,1,8.717986111111111
H,Solid Waste / Recycling,29.793,-95.382,3,1,1,13.839953703703703
H,Solid Waste / Recycling,29.793,-95.354,3,1,0,8.135306712962963
H,Solid Waste / Recycling,29.793,-95.353,3,0,2,35.597372685185185
H,Solid Waste / Recycling,29.794,-95.386,3,1,1,20.82834490740741
H,Solid Waste / Recycling,29.794,-95.38,3,0,1,4.9457407407407405
H,Solid Waste / Recycling,29.794,-95.368,3,0,0,4.748854166666667
H,Solid Waste / Recycling,29.794,-95.367,3,0,1,8.945034722222223
H,Solid Waste / Recycling,29.795,-95.384,3,1,0,10.587378472222222
H,Solid Waste / Recycling,29.796,-95.356,3,1,1,27.86905092592593
B,Solid Waste / Recycling,29.786,-95.339,3,3,0,
B,Solid Waste / Recycling,29.787,-95.336,3,2,0,7.619710648148148
B,Solid Waste / Recycling,29.787,-95.334,3,2,0,7.535601851851852
B,Solid Waste / Recycling,29.787,-95.332,3,0,2,30.454733796296296
B,Solid Waste / Recycling,29.787,-95.325,3,2,0,0.0015972222222222
B,Solid Waste / Recycling,29.788,-95.32,3,2,0,0.003599537037037
B,Solid Waste / Recycling,29.789,-95.338,3,1,2,65.0658912037037
B,Solid Waste / Recycling,29.789,-95.33,3,1,0,5.542280092592592
H,Solid Waste / Recycling,29.798,-95.362,3,0,2,46.03535879629629
C,Solid Waste / Recycling,29.673,-95.483,3,0,1,16.21443287037037
C,Solid Waste / Recycling,29.674,-95.498,3,1,1,17.02261574074074
C,Solid Waste / Recycling,29.674,-95.475,3,0,1,5.985972222222222
C,Solid Waste / Recycling,29.674,-95.471,3,0,3,53.64519675925926
C,Solid Waste / Recycling,29.674,-95.47,3,1,1,9.598200231481481
C,Solid Waste / Recycling,29.675,-95.493,3,1,2,42.428124999999994
H,Solid Waste / Recycling,29.802,-95.365,3,2,1,35.67112268518518
H,Solid Waste / Recycling,29.803,-95.388,3,0,2,14.640462962962962
H,Solid Waste / Recycling,29.804,-95.354,3,0,1,21.939728009259262
H,Solid Waste / Recycling,29.799,-95.385,3,0,2,24.237465277777776
H,Solid Waste / Recycling,29.799,-95.369,3,2,1,36.12508101851852
H,Solid Waste / Recycling,29.799,-95.366,3,0,1,18.36363425925926
H,Solid Waste / Recycling,29.799,-95.357,3,1,1,37.61592592592593
B,Solid Waste / Recycling,29.782,-95.346,3,0,2,19.04443287037037
B,Solid Waste / Recycling,29.782,-95.321,3,1,1,18.291782407407407
B,Solid Waste / Recycling,29.782,-95.313,3,2,0,7.007534722222222
B,Solid Waste / Recycling,29.783,-95.344,3,3,0,
B,Solid Waste / Recycling,29.784,-95.333,3,0,1,17.932679398148146
B,Solid Waste / Recycling,29.784,-95.327,3,0,1,7.710636574074074
B,Solid Waste / Recycling,29.785,-95.333,3,1,1,69.02821180555556
B,Solid Waste / Recycling,29.785,-95.33,3,0,2,14.716053240740742
H,Solid Waste / Recycling,29.8,-95.387,3,0,2,34.120810185185185
B,Solid Waste / Recycling,29.78,-95.323,3,1,0,5.089733796296296
B,Solid Waste / Recycling,29.781,-95.345,3,1,1,16.75910300925926
B,Solid Waste / Recycling,29.781,-95.326,3,0,1,3.059641203703704
B,Solid Waste / Recycling,29.781,-95.321,3,1,0,1.8682407407407409
H,Solid Waste / Recycling,29.805,-95.385,3,0,1,20.334542824074077
H,Solid Waste / Recycling,29.805,-95.374,3,0,1,50.90302083333333
H,Solid Waste / Recycling,29.805,-95.366,3,0,0,6.978298611111111
H,Solid Waste / Recycling,29.805,-95.363,3,1,0,1.5911574074074075
H,Solid Waste / Recycling,29.8,-95.375,3,0,0,10.285885416666666
H,Solid Waste / Recycling,29.8,-95.357,3,0,1,18.605943287037036
H,Solid Waste / Recycling,29.8,-95.353,3,0,2,29.965115740740742
H,Solid Waste / Recycling,29.801,-95.371,3,0,1,19.175144675925925
H,Solid Waste / Recycling,29.801,-95.355,3,1,1,18.653211805555557
H,Solid Waste / Recycling,29.802,-95.375,3,1,1,18.429438657407406
H,Solid Waste / Recycling,29.802,-95.37,3,0,2,78.76249421296296
H,Solid Waste / Recycling,29.802,-95.366,3,0,2,36.48561921296296
D,Solid Waste / Recycling,29.673,-95.363,3,0,3,22.85795138888889
D,Solid Waste / Recycling,29.673,-95.347,3,0,0,5.089236111111111
D,Solid Waste / Recycling,29.674,-95.349,3,0,0,1.9042592592592595
D,Solid Waste / Recycling,29.674,-95.348,3,0,2,28.269421296296297
D,Solid Waste / Recycling,29.674,-95.337,3,0,2,29.139953703703704
D,Solid Waste / Recycling,29.674,-95.332,3,0,0,2.105300925925926
D,Solid Waste / Recycling,29.674,-95.328,3,0,2,14.128113425925926
D,Solid Waste / Recycling,29.675,-95.372,3,0,1,6.720416666666667
D,Solid Waste / Recycling,29.675,-95.364,3,0,1,17.918836805555557
D,Solid Waste / Recycling,29.675,-95.353,3,2,0,
D,Solid Waste / Recycling,29.675,-95.347,3,0,2,29.82505787037037
D,Solid Waste / Recycling,29.675,-95.336,3,0,1,9.585439814814816
B,Solid Waste / Recycling,29.779,-95.35,3,0,1,14.504131944444444
B,Solid Waste / Recycling,29.779,-95.323,3,0,0,4.2442013888888885
B,Solid Waste / Recycling,29.779,-95.317,3,0,1,5.995625
B,Solid Waste / Recycling,29.78,-95.333,3,1,1,10.83681712962963
H,Solid Waste / Recycling,29.811,-95.386,3,1,0,9.193640046296297
H,Solid Waste / Recycling,29.811,-95.372,3,2,0,
H,Solid Waste / Recycling,29.811,-95.351,3,1,1,62.07432291666667
H,Solid Waste / Recycling,29.806,-95.384,3,2,0,7.695104166666667
H,Solid Waste / Recycling,29.807,-95.387,3,0,2,32.96980324074074
H,Solid Waste / Recycling,29.807,-95.383,3,2,0,2.5650810185185184
H,Solid Waste / Recycling,29.807,-95.356,3,0,2,23.072569444444444
H,Solid Waste / Recycling,29.808,-95.387,3,0,1,12.517314814814815
B,Solid Waste / Recycling,29.777,-95.325,3,1,1,25.39761574074074
B,Solid Waste / Recycling,29.777,-95.323,3,1,1,19.612418981481483
B,Solid Waste / Recycling,29.778,-95.347,3,1,1,11.780133101851852
B,Solid Waste / Recycling,29.778,-95.329,3,0,1,19.084646990740744
B,Solid Waste / Recycling,29.778,-95.323,3,1,2,32.963119212962965
H,Solid Waste / Recycling,29.808,-95.383,3,1,1,33.659444444444446
H,Solid Waste / Recycling,29.805,-95.388,3,1,1,10.676979166666667
D,Solid Waste / Recycling,29.673,-95.38,3,1,1,14.136238425925926
C,Solid Waste / Recycling,29.677,-95.47,3,1,1,20.70648726851852
C,Solid Waste / Recycling,29.677,-95.469,3,1,1,17.55708912037037
C,Solid Waste / Recycling,29.68,-95.475,3,1,2,25.76600115740741
C,Solid Waste / Recycling,29.681,-95.481,3,0,2,41.46381365740741
C,Solid Waste / Recycling,29.681,-95.473,3,0,3,38.2869675925926
C,Solid Waste / Recycling,29.681,-95.464,3,0,0,2.099548611111111
D,Solid Waste / Recycling,29.671,-95.362,3,0,2,34.628171296296294
D,Solid Waste / Recycling,29.672,-95.354,3,0,1,15.59465277777778
H,Solid Waste / Recycling,29.808,-95.356,3,1,1,23.025937499999998
H,Solid Waste / Recycling,29.809,-95.371,3,0,1,7.684236111111111
H,Solid Waste / Recycling,29.809,-95.365,3,0,2,51.345023148148144
H,Solid Waste / Recycling,29.809,-95.358,3,0,1,8.827858796296296
H,Solid Waste / Recycling,29.809,-95.357,3,2,0,6.882581018518518
H,Solid Waste / Recycling,29.81,-95.39,3,0,0,7.631875
H,Solid Waste / Recycling,29.811,-95.389,3,0,1,20.116770833333334
H,Solid Waste / Recycling,29.811,-95.387,3,1,1,11.08441550925926
H,Solid Waste / Recycling,29.818,-95.38,3,1,1,21.716087962962966
H,Solid Waste / Recycling,29.818,-95.35,3,1,1,23.245266203703704
H,Solid Waste / Recycling,29.818,-95.341,3,0,1,16.566278935185185
H,Solid Waste / Recycling,29.819,-95.367,3,1,1,16.429890046296297
H,Solid Waste / Recycling,29.812,-95.381,3,0,1,7.483055555555556
H,Solid Waste / Recycling,29.812,-95.354,3,2,1,41.9597337962963
H,Solid Waste / Recycling,29.813,-95.372,3,1,0,5.252222222222222
H,Solid Waste / Recycling,29.813,-95.371,3,0,2,20.87833333333333
H,Solid Waste / Recycling,29.813,-95.369,3,0,0,6.896533564814814
B,Solid Waste / Recycling,29.774,-95.335,3,0,1,2.818368055555556
B,Solid Waste / Recycling,29.776,-95.344,3,1,1,51.07060185185185
H,Solid Waste / Recycling,29.813,-95.367,3,1,2,132.94699074074074
H,Solid Waste / Recycling,29.815,-95.395,3,0,2,32.93171296296296
H,Solid Waste / Recycling,29.815,-95.389,3,2,1,20.73193287037037
H,Solid Waste / Recycling,29.808,-95.379,3,2,0,8.87861111111111
C,Solid Waste / Recycling,29.677,-95.499,3,0,2,15.001412037037037
D,Solid Waste / Recycling,29.67,-95.365,3,0,3,16.777256944444446
D,Solid Waste / Recycling,29.67,-95.345,3,0,0,3.1169212962962964
D,Solid Waste / Recycling,29.67,-95.34,3,0,1,6.051701388888889
D,Solid Waste / Recycling,29.67,-95.337,3,0,0,0.2817361111111111
D,Solid Waste / Recycling,29.67,-95.336,3,0,2,27.85611111111111
D,Solid Waste / Recycling,29.67,-95.325,3,0,1,16.681805555555556
D,Solid Waste / Recycling,29.671,-95.377,3,2,1,27.84607638888889
D,Solid Waste / Recycling,29.665,-95.342,3,1,1,15.03195023148148
H,Solid Waste / Recycling,29.816,-95.354,3,0,0,7.857511574074074
H,Solid Waste / Recycling,29.817,-95.396,3,1,1,13.781331018518518
H,Solid Waste / Recycling,29.817,-95.391,3,1,1,34.78432870370371
H,Solid Waste / Recycling,29.817,-95.368,3,0,0,7.757256944444444
H,Solid Waste / Recycling,29.817,-95.366,3,0,0,1.152824074074074
H,Solid Waste / Recycling,29.817,-95.362,3,0,1,8.192638888888888
H,Solid Waste / Recycling,29.817,-95.359,3,0,1,8.402280092592592
H,Solid Waste / Recycling,29.818,-95.396,3,0,2,14.13820601851852
B,Solid Waste / Recycling,29.772,-95.325,3,0,3,34.9615162037037
H,Solid Waste / Recycling,29.823,-95.419,3,0,0,8.532777777777778
H,Solid Waste / Recycling,29.823,-95.373,3,0,2,22.15971064814815
H,Solid Waste / Recycling,29.824,-95.414,3,1,0,6.665752314814815
H,Solid Waste / Recycling,29.819,-95.364,3,0,0,7.587268518518519
H,Solid Waste / Recycling,29.819,-95.347,3,1,2,49.04424189814815
H,Solid Waste / Recycling,29.82,-95.398,3,1,2,27.26398148148148
H,Solid Waste / Recycling,29.821,-95.413,3,0,2,26.759467592592596
H,Solid Waste / Recycling,29.821,-95.398,3,2,1,24.7009375
H,Solid Waste / Recycling,29.821,-95.389,3,2,1,20.89730324074074
H,Solid Waste / Recycling,29.822,-95.418,3,0,1,17.113750000000003
H,Solid Waste / Recycling,29.822,-95.392,3,2,0,0.1805439814814814
B,Solid Waste / Recycling,29.768,-95.336,3,1,1,22.34468171296296
H,Solid Waste / Recycling,29.816,-95.386,3,1,1,20.847922453703706
D,Solid Waste / Recycling,29.669,-95.341,3,1,2,24.47662037037037
D,Solid Waste / Recycling,29.67,-95.376,3,0,0,1.1118055555555555
H,Solid Waste / Recycling,29.824,-95.386,3,0,0,6.685173611111111
H,Solid Waste / Recycling,29.824,-95.382,3,0,2,30.632314814814816
H,Solid Waste / Recycling,29.824,-95.36,3,0,1,6.99869212962963
H,Solid Waste / Recycling,29.824,-95.331,3,1,2,17.06458912037037
H,Solid Waste / Recycling,29.825,-95.418,3,1,1,54.96472800925926
H,Solid Waste / Recycling,29.825,-95.385,3,1,0,1.2743287037037037
H,Solid Waste / Recycling,29.825,-95.382,3,0,1,7.726099537037037
H,Solid Waste / Recycling,29.825,-95.363,3,0,1,1.1066435185185186
H,Solid Waste / Recycling,29.825,-95.344,3,1,0,7.007303240740741
H,Solid Waste / Recycling,29.826,-95.387,3,0,3,33.60042824074074
B,Solid Waste / Recycling,29.768,-95.324,3,0,1,9.783136574074074
B,Solid Waste / Recycling,29.769,-95.337,3,1,0,1.5761168981481481
B,Solid Waste / Recycling,29.77,-95.33,3,1,1,37.75670138888889
B,Solid Waste / Recycling,29.77,-95.324,3,0,1,13.306469907407408
B,Solid Waste / Recycling,29.771,-95.318,3,3,0,
B,Solid Waste / Recycling,29.772,-95.334,3,2,1,102.42252314814814
D,Solid Waste / Recycling,29.665,-95.324,3,0,2,33.55517361111111
D,Solid Waste / Recycling,29.666,-95.369,3,0,2,27.970625
D,Solid Waste / Recycling,29.666,-95.344,3,0,1,23.739699074074075
D,Solid Waste / Recycling,29.666,-95.342,3,0,1,1.222199074074074
D,Solid Waste / Recycling,29.666,-95.326,3,0,1,29.99959490740741
D,Solid Waste / Recycling,29.667,-95.361,3,1,1,21.729930555555555
D,Solid Waste / Recycling,29.667,-95.34,3,1,1,12.500862268518517
D,Solid Waste / Recycling,29.668,-95.368,3,0,1,10.220902777777775
D,Solid Waste / Recycling,29.668,-95.366,3,2,0,
D,Solid Waste / Recycling,29.668,-95.347,3,0,1,10.074375
D,Solid Waste / Recycling,29.668,-95.34,3,2,0,2.3976041666666665
D,Solid Waste / Recycling,29.668,-95.335,3,1,0,10.82831597222222
D,Solid Waste / Recycling,29.669,-95.367,3,0,2,25.470023148148147
D,Solid Waste / Recycling,29.669,-95.365,3,1,2,36.987042824074074
D,Solid Waste / Recycling,29.669,-95.362,3,0,1,2.165555555555556
C,Solid Waste / Recycling,29.682,-95.462,3,0,1,9.8821875
H,Solid Waste / Recycling,29.829,-95.367,3,0,0,2.8584722222222223
H,Solid Waste / Recycling,29.83,-95.403,3,1,2,29.92671296296296
H,Solid Waste / Recycling,29.83,-95.388,3,0,3,15.096724537037035
H,Solid Waste / Recycling,29.831,-95.413,3,1,1,15.817644675925926
H,Solid Waste / Recycling,29.831,-95.374,3,0,2,22.04314814814815
H,Solid Waste / Recycling,29.832,-95.375,3,0,1,0.7977199074074074
H,Solid Waste / Recycling,29.832,-95.364,3,1,0,4.349565972222222
B,Solid Waste / Recycling,29.761,-95.272,3,1,1,17.973113425925924
B,Solid Waste / Recycling,29.761,-95.271,3,1,0,4.002760416666667
B,Solid Waste / Recycling,29.763,-95.27,3,0,0,0.6932870370370371
B,Solid Waste / Recycling,29.766,-95.34,3,0,1,7.93875
B,Solid Waste / Recycling,29.766,-95.335,3,2,0,0.0014699074074074
B,Solid Waste / Recycling,29.766,-95.323,3,3,0,
H,Solid Waste / Recycling,29.826,-95.371,3,0,1,3.9913425925925927
H,Solid Waste / Recycling,29.827,-95.389,3,0,0,3.068101851851852
H,Solid Waste / Recycling,29.827,-95.356,3,1,0,8.36670138888889
C,Solid Waste / Recycling,29.682,-95.461,3,0,1,2.763668981481481
C,Solid Waste / Recycling,29.683,-95.478,3,0,1,6.660960648148148
C,Solid Waste / Recycling,29.684,-95.482,3,0,2,42.73828703703704
C,Solid Waste / Recycling,29.684,-95.478,3,0,2,38.80909722222222
C,Solid Waste / Recycling,29.685,-95.491,3,0,1,11.886793981481482
C,Solid Waste / Recycling,29.685,-95.484,3,0,2,15.674305555555556
C,Solid Waste / Recycling,29.685,-95.472,3,2,0,6.128935185185185
C,Solid Waste / Recycling,29.685,-95.45,3,0,1,5.429930555555556
C,Solid Waste / Recycling,29.686,-95.486,3,1,0,4.50072337962963
C,Solid Waste / Recycling,29.686,-95.479,3,2,1,34.81923611111111
C,Solid Waste / Recycling,29.686,-95.474,3,0,1,25.86820023148148
C,Solid Waste / Recycling,29.686,-95.473,3,1,0,1.8605034722222222
D,Solid Waste / Recycling,29.665,-95.361,3,0,1,12.05902777777778
D,Solid Waste / Recycling,29.665,-95.36,3,0,2,21.19121527777778
H,Solid Waste / Recycling,29.827,-95.33,3,0,0,4.909282407407408
H,Solid Waste / Recycling,29.829,-95.388,3,0,2,14.95008101851852
H,Solid Waste / Recycling,29.835,-95.399,3,0,0,6.1571875
H,Solid Waste / Recycling,29.835,-95.35,3,0,1,7.546458333333334
H,Solid Waste / Recycling,29.835,-95.346,3,0,0,2.031168981481481
H,Solid Waste / Recycling,29.835,-95.34,3,3,0,
H,Solid Waste / Recycling,29.836,-95.399,3,1,1,18.566504629629627
H,Solid Waste / Recycling,29.836,-95.39,3,0,0,0.2758101851851852
H,Solid Waste / Recycling,29.836,-95.373,3,1,2,20.811140046296295
H,Solid Waste / Recycling,29.832,-95.338,3,0,0,5.1890625
B,Sewer / Wastewater,29.85,-95.309,3,0,0,1.825243055555556
B,Sewer / Wastewater,29.85,-95.308,3,0,0,4.042303240740741
B,Sewer / Wastewater,29.853,-95.312,3,0,1,12.678576388888889
B,Sewer / Wastewater,29.877,-95.295,3,1,0,0.0435706018518518
B,Sewer / Wastewater,29.88,-95.418,3,0,0,0.8923726851851852
B,Sewer / Wastewater,29.903,-95.288,3,0,0,0.1735416666666666
B,Sewer / Wastewater,29.96,-95.425,3,0,0,0.3872337962962963
H,Solid Waste / Recycling,29.827,-95.332,3,1,1,11.7521875
D,Solid Waste / Recycling,29.662,-95.368,3,0,2,14.313773148148147
D,Solid Waste / Recycling,29.662,-95.355,3,1,0,5.069982638888889
D,Solid Waste / Recycling,29.663,-95.367,3,0,2,33.75185185185185
D,Solid Waste / Recycling,29.663,-95.357,3,0,0,0.9812847222222222
D,Solid Waste / Recycling,29.663,-95.336,3,0,0,7.0125
D,Solid Waste / Recycling,29.663,-95.326,3,0,1,14.106012731481481
D,Solid Waste / Recycling,29.663,-95.32,3,1,0,7.019456018518518
D,Solid Waste / Recycling,29.664,-95.342,3,2,1,18.749305555555555
D,Solid Waste / Recycling,29.664,-95.322,3,1,1,14.808234953703705
D,Solid Waste / Recycling,29.661,-95.357,3,0,2,39.33076388888889
H,Solid Waste / Recycling,29.833,-95.415,3,1,1,31.417471064814816
H,Solid Waste / Recycling,29.833,-95.395,3,1,1,17.308408564814812
H,Solid Waste / Recycling,29.833,-95.363,3,2,0,0.0010879629629629
H,Solid Waste / Recycling,29.834,-95.423,3,0,2,33.08625578703704
H,Solid Waste / Recycling,29.835,-95.414,3,0,0,0.0014699074074074
H,Solid Waste / Recycling,29.835,-95.401,3,0,0,1.895150462962963
H,Solid Waste / Recycling,29.842,-95.368,3,1,1,23.40467013888889
H,Solid Waste / Recycling,29.836,-95.355,3,0,1,7.800277777777778
H,Solid Waste / Recycling,29.836,-95.332,3,0,0,0.4706018518518518
H,Solid Waste / Recycling,29.836,-95.33,3,1,1,33.79271990740741
H,Solid Waste / Recycling,29.837,-95.345,3,0,1,11.938159722222222
H,Solid Waste / Recycling,29.837,-95.335,3,3,0,
H,Solid Waste / Recycling,29.838,-95.404,3,0,0,7.417337962962962
H,Solid Waste / Recycling,29.839,-95.428,3,0,0,4.062123842592593
H,Solid Waste / Recycling,29.839,-95.417,3,1,0,1.1263136574074075
H,Solid Waste / Recycling,29.839,-95.397,3,0,2,94.60753472222224
H,Solid Waste / Recycling,29.839,-95.39,3,0,3,21.137337962962963
H,Solid Waste / Recycling,29.84,-95.397,3,1,2,38.06783564814815
H,Solid Waste / Recycling,29.84,-95.38,3,1,2,27.57800925925926
H,Solid Waste / Recycling,29.84,-95.362,3,1,0,2.9092592592592594
H,Solid Waste / Recycling,29.84,-95.338,3,3,0,
D,Solid Waste / Recycling,29.661,-95.331,3,0,1,17.92068865740741
C,Solid Waste / Recycling,29.69,-95.49,3,1,0,6.918790509259258
C,Solid Waste / Recycling,29.69,-95.486,3,1,1,8.228553240740741
C,Solid Waste / Recycling,29.69,-95.482,3,1,1,39.55260416666667
C,Solid Waste / Recycling,29.691,-95.438,3,1,1,38.235289351851854
D,Solid Waste / Recycling,29.661,-95.351,3,0,1,11.147650462962964
D,Solid Waste / Recycling,29.657,-95.379,3,0,0,6.817766203703704
B,Sewer / Wastewater,29.778,-95.332,3,0,1,0.4005208333333333
B,Sewer / Wastewater,29.779,-95.322,3,0,1,8.948576388888888
B,Sewer / Wastewater,29.783,-95.335,3,2,0,1.079548611111111
B,Sewer / Wastewater,29.796,-95.317,3,0,0,0.7362962962962963
B,Sewer / Wastewater,29.801,-95.314,3,0,0,0.938587962962963
B,Sewer / Wastewater,29.81,-95.281,3,0,1,0.8658101851851852
B,Sewer / Wastewater,29.814,-95.314,3,0,1,1.944641203703704
B,Sewer / Wastewater,29.823,-95.298,3,0,0,0.0820949074074074
B,Sewer / Wastewater,29.83,-95.31,3,1,1,12.509670138888888
B,Sewer / Wastewater,29.84,-95.316,3,0,0,0.7948495370370371
H,Solid Waste / Recycling,29.852,-95.363,3,1,1,44.98179398148148
H,Solid Waste / Recycling,29.843,-95.407,3,0,0,7.635162037037037
H,Solid Waste / Recycling,29.843,-95.359,3,0,3,123.0426851851852
H,Solid Waste / Recycling,29.843,-95.336,3,0,0,2.189004629629629
H,Solid Waste / Recycling,29.844,-95.346,3,0,0,0.9158333333333334
H,Solid Waste / Recycling,29.845,-95.368,3,1,0,5.351539351851852
H,Solid Waste / Recycling,29.847,-95.401,3,0,0,7.09505787037037
H,Solid Waste / Recycling,29.847,-95.374,3,2,0,2.606550925925926
H,Solid Waste / Recycling,29.847,-95.372,3,1,1,34.857824074074074
H,Solid Waste / Recycling,29.848,-95.399,3,2,1,55.90501157407408
H,Solid Waste / Recycling,29.848,-95.388,3,0,1,10.685995370370373
H,Solid Waste / Recycling,29.841,-95.358,3,0,1,12.642488425925926
C,Solid Waste / Recycling,29.686,-95.472,3,0,1,7.034930555555556
C,Solid Waste / Recycling,29.689,-95.486,3,0,2,35.89714699074074
C,Solid Waste / Recycling,29.689,-95.471,3,0,2,36.12821180555555
C,Solid Waste / Recycling,29.689,-95.466,3,0,1,9.82982638888889
H,Solid Waste / Recycling,29.854,-95.376,3,0,1,5.7506712962962965
H,Solid Waste / Recycling,29.854,-95.327,3,0,0,0.0007407407407407
H,Solid Waste / Recycling,29.854,-95.324,3,1,1,20.386967592592594
H,Solid Waste / Recycling,29.855,-95.346,3,0,0,6.195578703703704
H,Solid Waste / Recycling,29.856,-95.399,3,0,0,4.276909722222222
H,Solid Waste / Recycling,29.856,-95.373,3,2,0,
B,Road / Pothole / Bridge,29.879,-95.428,3,0,0,0.6503703703703704
H,Solid Waste / Recycling,29.848,-95.356,3,0,0,10.9934375
H,Solid Waste / Recycling,29.849,-95.397,3,0,1,7.757013888888889
H,Solid Waste / Recycling,29.849,-95.38,3,0,0,6.717326388888889
H,Solid Waste / Recycling,29.849,-95.35,3,0,1,7.011817129629629
H,Solid Waste / Recycling,29.85,-95.37,3,0,1,6.604490740740741
H,Solid Waste / Recycling,29.85,-95.35,3,0,0,1.227835648148148
H,Solid Waste / Recycling,29.851,-95.354,3,1,0,7.103356481481481
H,Solid Waste / Recycling,29.852,-95.399,3,1,0,10.81912037037037
H,Solid Waste / Recycling,29.852,-95.364,3,1,0,1.5714351851851853
D,Solid Waste / Recycling,29.657,-95.338,3,1,1,12.163206018518519
D,Solid Waste / Recycling,29.657,-95.335,3,1,1,14.923622685185183
D,Solid Waste / Recycling,29.658,-95.377,3,0,0,2.72962962962963
D,Solid Waste / Recycling,29.658,-95.334,3,0,1,7.795717592592593
D,Solid Waste / Recycling,29.658,-95.331,3,0,1,8.900439814814815
D,Solid Waste / Recycling,29.659,-95.365,3,1,0,1.85234375
D,Solid Waste / Recycling,29.66,-95.363,3,0,3,35.843842592592594
D,Solid Waste / Recycling,29.66,-95.348,3,1,0,4.66494212962963
D,Solid Waste / Recycling,29.66,-95.343,3,1,2,24.249519675925924
D,Solid Waste / Recycling,29.661,-95.364,3,0,3,49.81986111111111
C,Solid Waste / Recycling,29.699,-95.432,3,1,0,13.964172453703704
H,Solid Waste / Recycling,29.853,-95.409,3,1,1,22.442372685185184
H,Solid Waste / Recycling,29.853,-95.366,3,0,0,7.402592592592592
H,Solid Waste / Recycling,29.853,-95.349,3,1,1,25.374814814814812
H,Solid Waste / Recycling,29.854,-95.409,3,1,1,38.94670138888889
H,Solid Waste / Recycling,29.854,-95.388,3,1,1,31.592071759259255
H,Solid Waste / Recycling,29.864,-95.395,3,0,2,18.70771990740741
H,Solid Waste / Recycling,29.864,-95.392,3,0,1,6.2521759259259255
B,Road / Pothole / Bridge,29.893,-95.354,3,1,0,5.66792824074074
B,Road / Pothole / Bridge,29.939,-95.383,3,0,1,2.793923611111111
B,Road / Pothole / Bridge,29.94,-95.322,3,0,0,1.0662152777777778
B,Road / Pothole / Bridge,29.948,-95.429,3,0,1,4.903460648148148
B,Road / Pothole / Bridge,29.961,-95.547,3,3,0,
B,Road / Pothole / Bridge,29.998,-95.425,3,0,0,3.164212962962963
B,Sewer / Wastewater,29.761,-95.268,3,1,0,1.0872453703703704
B,Sewer / Wastewater,29.763,-95.27,3,0,0,0.8531712962962963
B,Sewer / Wastewater,29.768,-95.274,3,1,0,0.9600405092592592
H,Solid Waste / Recycling,29.856,-95.34,3,0,3,54.21199074074074
H,Solid Waste / Recycling,29.857,-95.369,3,2,0,10.734085648148149
H,Solid Waste / Recycling,29.858,-95.374,3,0,1,11.989027777777778
H,Solid Waste / Recycling,29.858,-95.331,3,1,0,3.791238425925926
H,Solid Waste / Recycling,29.858,-95.322,3,0,1,33.89686342592593
C,Solid Waste / Recycling,29.701,-95.425,3,0,1,7.313900462962963
C,Solid Waste / Recycling,29.703,-95.436,3,0,2,30.730694444444445
C,Solid Waste / Recycling,29.703,-95.411,3,0,3,36.94736111111112
C,Solid Waste / Recycling,29.707,-95.406,3,3,0,
C,Solid Waste / Recycling,29.71,-95.412,3,0,1,22.726521990740743
C,Solid Waste / Recycling,29.712,-95.409,3,0,1,22.95715277777778
D,Solid Waste / Recycling,29.654,-95.366,3,0,0,2.7776157407407407
D,Solid Waste / Recycling,29.655,-95.366,3,0,2,34.14221064814815
D,Solid Waste / Recycling,29.645,-95.35,3,0,0,2.9700231481481483
H,Solid Waste / Recycling,29.859,-95.358,3,1,1,118.92837962962965
H,Solid Waste / Recycling,29.86,-95.397,3,2,0,9.603379629629629
H,Solid Waste / Recycling,29.86,-95.356,3,1,1,14.231105324074075
H,Solid Waste / Recycling,29.861,-95.401,3,0,0,5.077106481481482
H,Solid Waste / Recycling,29.861,-95.368,3,0,1,7.60488425925926
H,Solid Waste / Recycling,29.862,-95.368,3,0,0,6.319907407407407
H,Solid Waste / Recycling,29.863,-95.372,3,1,0,0.101105324074074
H,Solid Waste / Recycling,29.895,-95.41,3,2,1,20.03739583333333
H,Solid Waste / Recycling,29.916,-95.404,3,0,0,2.431278935185185
H,Solid Waste / Recycling,29.918,-95.397,3,1,0,7.405376157407407
H,Solid Waste / Recycling,29.919,-95.403,3,2,1,42.90672453703704
H,Solid Waste / Recycling,29.922,-95.395,3,0,1,7.578240740740741
H,Solid Waste / Recycling,29.865,-95.394,3,1,1,13.773721064814815
H,Solid Waste / Recycling,29.865,-95.35,3,2,1,36.72055555555556
H,Solid Waste / Recycling,29.866,-95.395,3,2,0,1.0630555555555556
B,Road / Pothole / Bridge,29.846,-95.262,3,0,0,0.1399421296296296
B,Road / Pothole / Bridge,29.848,-95.324,3,1,0,4.851244212962963
B,Road / Pothole / Bridge,29.851,-95.437,3,1,0,4.059484953703704
B,Road / Pothole / Bridge,29.853,-95.284,3,0,0,5.983692129629629
B,Road / Pothole / Bridge,29.856,-95.311,3,0,0,0.0101041666666666
B,Road / Pothole / Bridge,29.861,-95.451,3,0,0,0.9724537037037037
H,Solid Waste / Recycling,29.859,-95.4,3,0,0,2.9436342592592597
C,Solid Waste / Recycling,29.7,-95.431,3,0,0,0.0415856481481481
D,Solid Waste / Recycling,29.647,-95.376,3,1,2,19.984172453703703
D,Solid Waste / Recycling,29.648,-95.348,3,0,1,31.88802083333333
D,Solid Waste / Recycling,29.649,-95.347,3,0,3,21.777060185185185
D,Solid Waste / Recycling,29.65,-95.354,3,2,1,98.7234375
D,Solid Waste / Recycling,29.651,-95.344,3,0,2,27.80642361111111
D,Solid Waste / Recycling,29.653,-95.37,3,0,1,6.3375
D,Solid Waste / Recycling,29.653,-95.356,3,1,1,51.032748842592596
D,Solid Waste / Recycling,29.654,-95.379,3,1,0,7.85441550925926
C,Solid Waste / Recycling,29.699,-95.436,3,0,1,13.168229166666666
C,Solid Waste / Recycling,29.699,-95.434,3,0,1,6.849930555555556
C,Solid Waste / Recycling,29.712,-95.405,3,1,1,38.776238425925925
H,Solid Waste / Recycling,29.869,-95.372,3,3,0,
H,Solid Waste / Recycling,29.872,-95.37,3,0,0,3.244699074074074
H,Solid Waste / Recycling,29.874,-95.392,3,2,0,7.80119212962963
H,Solid Waste / Recycling,29.879,-95.374,3,0,0,6.949097222222222
H,Solid Waste / Recycling,29.885,-95.376,3,2,0,1.7822337962962962
B,Road / Pothole / Bridge,29.83,-95.267,3,2,0,0.6810995370370371
B,Road / Pothole / Bridge,29.837,-95.277,3,2,0,2.1439583333333334
B,Road / Pothole / Bridge,29.837,-95.259,3,1,1,36.69655671296296
H,Traffic Signals / Lighting,29.781,-95.372,3,1,1,9.31777777777778
H,Solid Waste / Recycling,29.924,-95.396,3,1,1,8.064756944444444
H,Solid Waste / Recycling,29.931,-95.406,3,0,0,12.031979166666666
H,Traffic Signals / Lighting,29.747,-95.338,3,0,0,0.6636574074074074
H,Traffic Signals / Lighting,29.76,-95.354,3,0,0,1.4658796296296297
H,Traffic Signals / Lighting,29.762,-95.364,3,1,1,57.30505208333334
H,Traffic Signals / Lighting,29.766,-95.38,3,1,0,7.057494212962962
H,Traffic Signals / Lighting,29.768,-95.383,3,2,0,7.931793981481482
H,Traffic Signals / Lighting,29.77,-95.397,3,0,1,0.1492013888888889
H,Traffic Signals / Lighting,29.774,-95.307,3,0,0,0.001875
H,Traffic Signals / Lighting,29.776,-95.307,3,0,0,4.102534722222222
B,Road / Pothole / Bridge,29.876,-95.286,3,0,1,7.579340277777778
D,Solid Waste / Recycling,29.646,-95.353,3,2,1,42.29133101851852
C,Solid Waste / Recycling,29.722,-95.402,3,0,2,43.12118055555556
C,Solid Waste / Recycling,29.724,-95.416,3,0,1,7.021712962962963
C,Solid Waste / Recycling,29.725,-95.393,3,0,2,34.91212962962963
D,Solid Waste / Recycling,29.643,-95.365,3,0,1,2.8975578703703704
D,Solid Waste / Recycling,29.643,-95.359,3,1,0,4.242471064814815
D,Solid Waste / Recycling,29.644,-95.377,3,1,1,21.050358796296294
D,Solid Waste / Recycling,29.644,-95.358,3,2,0,2.090625
D,Solid Waste / Recycling,29.644,-95.335,3,0,1,2.096840277777778
D,Solid Waste / Recycling,29.638,-95.341,3,3,0,
B,Road / Pothole / Bridge,29.794,-95.337,3,0,1,26.295885416666668
B,Road / Pothole / Bridge,29.794,-95.302,3,0,1,18.323570601851852
B,Road / Pothole / Bridge,29.81,-95.317,3,2,0,6.852835648148148
B,Road / Pothole / Bridge,29.814,-95.317,3,0,2,16.106921296296296
B,Road / Pothole / Bridge,29.819,-95.331,3,0,1,1.5372453703703703
B,Road / Pothole / Bridge,29.82,-95.284,3,1,0,0.4408391203703703
B,Road / Pothole / Bridge,29.828,-95.285,3,0,0,0.3287152777777777
D,Solid Waste / Recycling,29.639,-95.405,3,0,0,4.0473032407407405
D,Solid Waste / Recycling,29.639,-95.349,3,0,1,4.667962962962963
D,Solid Waste / Recycling,29.641,-95.366,3,0,0,4.443125
D,Solid Waste / Recycling,29.641,-95.359,3,1,0,6.555590277777777
D,Solid Waste / Recycling,29.642,-95.38,3,0,2,15.146597222222224
D,Solid Waste / Recycling,29.642,-95.356,3,1,0,6.058072916666667
D,Solid Waste / Recycling,29.642,-95.337,3,0,2,42.16226851851852
H,Traffic Signals / Lighting,29.8,-95.373,3,0,1,13.75587962962963
H,Traffic Signals / Lighting,29.813,-95.336,3,0,0,1.8700925925925929
H,Traffic Signals / Lighting,29.814,-95.37,3,0,0,0.0053009259259259
H,Traffic Signals / Lighting,29.823,-95.411,3,0,2,22.732719907407407
H,Traffic Signals / Lighting,29.828,-95.398,3,0,0,8.334519675925927
B,Road / Pothole / Bridge,29.792,-95.326,3,0,0,0.7414467592592593
C,Solid Waste / Recycling,29.715,-95.412,3,0,2,43.88664351851852
C,Solid Waste / Recycling,29.719,-95.412,3,1,0,1.887789351851852
C,Solid Waste / Recycling,29.721,-95.416,3,0,0,10.977824074074077
C,Solid Waste / Recycling,29.73,-95.407,3,1,1,32.237314814814816
C,Solid Waste / Recycling,29.73,-95.406,3,0,3,32.581875
D,Solid Waste / Recycling,29.638,-95.4,3,0,1,5.2267013888888885
D,Solid Waste / Recycling,29.638,-95.378,3,0,2,67.84630787037037
B,Drainage / Flooding,29.996,-95.294,3,0,0,0.9392824074074074
B,Road / Pothole / Bridge,29.765,-95.342,3,0,0,2.073958333333333
B,Road / Pothole / Bridge,29.766,-95.337,3,0,0,0.7609606481481481
B,Road / Pothole / Bridge,29.771,-95.331,3,0,1,9.41708912037037
B,Road / Pothole / Bridge,29.771,-95.325,3,0,0,1.9881365740740744
B,Road / Pothole / Bridge,29.772,-95.326,3,1,0,0.95328125
B,Road / Pothole / Bridge,29.787,-95.315,3,1,0,0.4766666666666667
H,Traffic Signals / Lighting,29.841,-95.411,3,0,0,2.195231481481481
H,Traffic Signals / Lighting,29.846,-95.372,3,1,0,0.02595486111111105
H,Traffic Signals / Lighting,29.784,-95.293,3,0,0,1.7307060185185186
D,Solid Waste / Recycling,29.638,-95.337,3,0,2,44.04254629629629
D,Solid Waste / Recycling,29.638,-95.322,3,0,2,34.26680555555556
H,Traffic Signals / Lighting,29.848,-95.349,3,0,0,0.010625
H,Traffic Signals / Lighting,29.856,-95.391,3,0,0,3.1294444444444443
H,Traffic Signals / Lighting,29.859,-95.336,3,0,0,0.4433680555555555
H,Traffic Signals / Lighting,29.859,-95.334,3,0,1,10.894809027777777
H,Traffic Signals / Lighting,29.87,-95.385,3,1,0,3.821429398148148
H,Traffic Signals / Lighting,29.898,-95.412,3,0,0,2.1891435185185184
H,Water,29.742,-95.316,3,1,0,0.40436921296296297
H,Water,29.744,-95.319,3,0,0,0.7505902777777778
H,Water,29.745,-95.321,3,0,0,0.8618402777777778
H,Water,29.747,-95.322,3,0,0,0.8290740740740741
H,Water,29.749,-95.337,3,0,0,0.1463888888888889
B,Drainage / Flooding,29.949,-95.305,3,0,1,8.092743055555555
C,Solid Waste / Recycling,29.726,-95.408,3,2,0,4.036747685185185
C,Solid Waste / Recycling,29.729,-95.402,3,0,2,42.73194444444445
C,Solid Waste / Recycling,29.729,-95.401,3,0,3,42.818888888888885
C,Solid Waste / Recycling,29.729,-95.398,3,0,2,31.63284722222222
B,Drainage / Flooding,29.885,-95.293,3,1,0,0.5116898148148148
B,Drainage / Flooding,29.886,-95.294,3,0,0,1.0053819444444445
B,Drainage / Flooding,29.886,-95.293,3,0,0,1.0183217592592593
B,Drainage / Flooding,29.887,-95.296,3,0,0,0.9763773148148148
H,Water,29.771,-95.297,3,0,1,2.778078703703704
H,Water,29.75,-95.33,3,2,0,1.0536342592592594
H,Water,29.751,-95.337,3,0,0,2.808275462962963
H,Water,29.754,-95.343,3,0,1,12.073842592592593
H,Water,29.754,-95.337,3,1,0,0.011793981481481449
H,Water,29.754,-95.334,3,0,0,0.1584259259259259
H,Water,29.755,-95.333,3,0,0,0.0812847222222222
H,Water,29.758,-95.304,3,0,0,0.0445254629629629
H,Water,29.761,-95.354,3,0,1,7.7898611111111125
H,Water,29.767,-95.392,3,0,0,3.5285706018518517
H,Water,29.767,-95.372,3,0,0,0.2156712962962963
B,Drainage / Flooding,29.873,-95.293,3,1,0,1.837690972222222
D,Solid Waste / Recycling,29.634,-95.341,3,0,0,1.9650925925925928
D,Solid Waste / Recycling,29.635,-95.353,3,0,1,3.8669907407407407
D,Solid Waste / Recycling,29.636,-95.363,3,1,0,10.036805555555556
D,Solid Waste / Recycling,29.636,-95.36,3,1,1,52.404363425925936
D,Solid Waste / Recycling,29.636,-95.343,3,1,2,47.953032407407406
D,Solid Waste / Recycling,29.636,-95.319,3,0,2,42.73818287037037
D,Solid Waste / Recycling,29.637,-95.36,3,0,1,22.071064814814815
D,Solid Waste / Recycling,29.637,-95.352,3,0,1,8.079722222222221
C,Solid Waste / Recycling,29.726,-95.445,3,1,0,5.994027777777777
C,Solid Waste / Recycling,29.73,-95.388,3,1,1,17.962274305555557
B,Drainage / Flooding,29.877,-95.293,3,0,1,0.9522222222222222
B,Drainage / Flooding,29.883,-95.293,3,0,1,0.0206134259259259
B,Drainage / Flooding,29.884,-95.297,3,0,0,1.0220949074074075
B,Drainage / Flooding,29.884,-95.29,3,0,0,1.0219907407407407
B,Drainage / Flooding,29.885,-95.297,3,0,0,0.9738773148148148
B,Drainage / Flooding,29.885,-95.294,3,0,1,0.8757060185185185
H,Water,29.814,-95.396,3,0,1,0.981724537037037
H,Water,29.818,-95.384,3,0,0,0.8599768518518518
H,Water,29.82,-95.412,3,1,0,0.7337731481481481
H,Water,29.773,-95.376,3,0,0,3.217997685185185
H,Water,29.773,-95.296,3,0,0,0.1328125
H,Water,29.773,-95.295,3,0,0,0.1125
H,Water,29.775,-95.297,3,0,0,0.0473148148148148
H,Water,29.778,-95.298,3,0,1,1.1816319444444443
H,Water,29.782,-95.364,3,0,0,0.3465277777777777
H,Water,29.784,-95.363,3,2,0,0.988148148148148
H,Water,29.784,-95.294,3,0,0,3.3116550925925927
H,Water,29.785,-95.354,3,0,0,0.3202430555555555
H,Water,29.786,-95.378,3,0,0,0.6786516203703703
D,Solid Waste / Recycling,29.633,-95.333,3,1,1,21.79205439814815
D,Solid Waste / Recycling,29.634,-95.365,3,0,1,11.752268518518518
D,Solid Waste / Recycling,29.634,-95.362,3,0,2,26.19928240740741
H,Water,29.831,-95.399,3,0,0,0.0652893518518518
H,Water,29.831,-95.396,3,0,0,0.0693518518518518
H,Water,29.841,-95.403,3,0,0,0.0811226851851851
H,Water,29.854,-95.387,3,2,0,1.0050115740740742
H,Water,29.854,-95.362,3,0,0,0.0516550925925925
H,Water,29.871,-95.385,3,0,1,0.1750810185185185
A,Water,29.869,-95.502,3,0,2,38.997008101851854
H,Water,29.786,-95.36,3,0,1,0.5695023148148148
H,Water,29.79,-95.385,3,0,2,15.806608796296295
H,Water,29.79,-95.383,3,0,0,0.1982523148148148
H,Water,29.792,-95.373,3,0,0,3.985138888888889
H,Water,29.794,-95.364,3,0,1,4.174513888888889
H,Water,29.795,-95.365,3,0,0,0.2616782407407407
H,Water,29.804,-95.368,3,0,2,16.939849537037038
H,Water,29.804,-95.353,3,2,0,0.345474537037037
H,Water,29.805,-95.357,3,1,0,0.7598553240740741
C,Solid Waste / Recycling,29.732,-95.41,3,1,1,17.882453703703703
C,Solid Waste / Recycling,29.732,-95.406,3,0,1,4.693159722222222
C,Solid Waste / Recycling,29.732,-95.396,3,0,1,18.54403935185185
C,Solid Waste / Recycling,29.732,-95.394,3,1,2,27.627534722222222
C,Solid Waste / Recycling,29.732,-95.389,3,0,2,14.422465277777778
C,Solid Waste / Recycling,29.733,-95.414,3,0,1,14.842280092592592
C,Solid Waste / Recycling,29.733,-95.4,3,1,2,18.908043981481484
D,Solid Waste / Recycling,29.63,-95.364,3,0,3,33.08436342592593
D,Solid Waste / Recycling,29.631,-95.341,3,0,2,18.130300925925926
D,Solid Waste / Recycling,29.632,-95.326,3,0,0,1.1687962962962963
D,Solid Waste / Recycling,29.633,-95.353,3,0,1,2.808692129629629
H,Water,29.823,-95.39,3,1,0,1.5011631944444441
H,Water,29.825,-95.388,3,0,1,3.9464236111111113
H,Water,29.827,-95.375,3,0,0,0.6693402777777778
H,Water,29.828,-95.391,3,1,1,15.111307870370371
H,Water,29.831,-95.4,3,0,0,0.1277777777777777
I,Road / Pothole / Bridge,29.649,-95.266,3,1,1,15.455167824074074
I,Road / Pothole / Bridge,29.652,-95.258,3,0,0,0.8665625
I,Road / Pothole / Bridge,29.669,-95.262,3,0,2,60.45666666666668
A,Water,29.883,-95.506,3,0,0,0.0786458333333333
B,Drainage / Flooding,29.766,-95.337,3,1,1,14.794762731481482
B,Drainage / Flooding,29.817,-95.298,3,1,1,39.75445601851852
B,Drainage / Flooding,29.843,-95.269,3,1,2,48.4853125
B,Drainage / Flooding,29.851,-95.443,3,0,0,6.830439814814815
B,Drainage / Flooding,29.851,-95.431,3,1,2,95.78039930555556
B,Drainage / Flooding,29.857,-95.262,3,1,0,2.8328125
B,Drainage / Flooding,29.858,-95.271,3,0,1,4.812222222222222
B,Drainage / Flooding,29.872,-95.433,3,0,1,9.811851851851852
I,Drainage / Flooding,29.629,-95.273,3,1,1,23.162019675925926
I,Drainage / Flooding,29.633,-95.268,3,1,0,12.768900462962964
I,Drainage / Flooding,29.685,-95.259,3,1,0,5.01351273148148
I,Drainage / Flooding,29.694,-95.302,3,1,0,7.476116898148147
D,Solid Waste / Recycling,29.626,-95.324,3,2,1,43.85299768518519
D,Solid Waste / Recycling,29.627,-95.349,3,0,2,22.015636574074072
D,Solid Waste / Recycling,29.627,-95.343,3,0,2,21.031111111111112
D,Solid Waste / Recycling,29.628,-95.363,3,1,0,8.01814236111111
D,Solid Waste / Recycling,29.628,-95.341,3,0,1,7.84787037037037
C,Solid Waste / Recycling,29.73,-95.4,3,1,1,16.912980324074073
C,Solid Waste / Recycling,29.73,-95.397,3,0,2,45.95353587962963
D,Solid Waste / Recycling,29.622,-95.344,3,0,1,10.033495370370373
I,Drainage / Flooding,29.696,-95.314,3,1,0,3.6190162037037035
I,Drainage / Flooding,29.736,-95.254,3,0,1,70.9935474537037
I,Road / Pothole / Bridge,29.605,-95.264,3,0,0,0.794375
I,Road / Pothole / Bridge,29.613,-95.271,3,1,0,1.5510300925925924
I,Road / Pothole / Bridge,29.631,-95.276,3,1,1,39.538587962962964
I,Road / Pothole / Bridge,29.642,-95.305,3,0,0,0.6749537037037037
I,Road / Pothole / Bridge,29.643,-95.3,3,0,0,0.7925
I,Road / Pothole / Bridge,29.643,-95.266,3,1,1,27.87521412037037
D,Solid Waste / Recycling,29.625,-95.366,3,0,2,27.895069444444445
D,Solid Waste / Recycling,29.621,-95.409,3,0,1,22.509247685185187
A,Water,29.842,-95.484,3,0,0,1.0885648148148148
A,Water,29.85,-95.475,3,0,1,0.0224305555555555
A,Water,29.858,-95.467,3,0,1,1.0580555555555555
A,Water,29.858,-95.466,3,0,0,1.1793518518518518
A,Water,29.86,-95.531,3,0,0,1.2587962962962962
A,Water,29.86,-95.472,3,1,0,0.6166203703703702
I,Road / Pothole / Bridge,29.702,-95.305,3,0,2,19.335266203703704
I,Road / Pothole / Bridge,29.703,-95.321,3,2,0,
I,Road / Pothole / Bridge,29.705,-95.317,3,0,1,17.94677662037037
I,Road / Pothole / Bridge,29.707,-95.281,3,0,0,7.995787037037037
I,Drainage / Flooding,29.695,-95.319,3,1,0,2.8744212962962963
D,Solid Waste / Recycling,29.625,-95.345,3,1,0,3.4462268518518515
D,Solid Waste / Recycling,29.626,-95.384,3,2,1,72.76365740740741
D,Solid Waste / Recycling,29.626,-95.351,3,0,2,32.10351851851852
I,Road / Pothole / Bridge,29.729,-95.337,3,0,1,0.4685069444444444
I,Road / Pothole / Bridge,29.73,-95.282,3,0,1,13.72962962962963
I,Road / Pothole / Bridge,29.733,-95.285,3,0,1,1.6332523148148148
I,Road / Pothole / Bridge,29.734,-95.289,3,0,2,16.019375
I,Road / Pothole / Bridge,29.746,-95.362,3,2,0,13.810972222222222
I,Road / Pothole / Bridge,29.753,-95.35,3,0,0,4.042361111111111
I,Road / Pothole / Bridge,29.757,-95.367,3,2,0,1.703900462962963
I,Road / Pothole / Bridge,29.757,-95.351,3,0,0,7.898020833333334
I,Road / Pothole / Bridge,29.759,-95.363,3,0,0,0.5656712962962963
A,Water,29.842,-95.559,3,0,0,6.231400462962963
D,Solid Waste / Recycling,29.622,-95.333,3,0,2,41.11225694444445
D,Solid Waste / Recycling,29.623,-95.383,3,0,1,5.652708333333333
D,Solid Waste / Recycling,29.623,-95.35,3,1,1,43.29472222222222
D,Solid Waste / Recycling,29.623,-95.332,3,0,3,14.964444444444444
D,Solid Waste / Recycling,29.623,-95.237,3,1,1,18.374189814814816
D,Solid Waste / Recycling,29.624,-95.236,3,0,0,4.93300925925926
I,Sewer / Wastewater,29.707,-95.281,3,0,0,0.2416666666666666
I,Sewer / Wastewater,29.73,-95.299,3,0,0,2.630619212962963
I,Sewer / Wastewater,29.734,-95.332,3,0,0,0.7277546296296297
I,Road / Pothole / Bridge,29.794,-95.259,3,1,0,0.8985763888888889
I,Road / Pothole / Bridge,29.803,-95.229,3,0,1,6.095868055555556
I,Sewer / Wastewater,29.61,-95.25,3,0,0,0.1454976851851852
I,Sewer / Wastewater,29.636,-95.248,3,0,0,0.2318055555555555
I,Sewer / Wastewater,29.641,-95.256,3,1,0,6.285827546296296
I,Sewer / Wastewater,29.654,-95.303,3,1,0,1.168773148148148
I,Sewer / Wastewater,29.666,-95.296,3,0,0,3.0785185185185187
I,Sewer / Wastewater,29.667,-95.268,3,0,0,0.3211689814814815
I,Sewer / Wastewater,29.699,-95.271,3,1,0,0.02679976851851845
I,Sewer / Wastewater,29.7,-95.308,3,0,0,1.331261574074074
I,Sewer / Wastewater,29.7,-95.273,3,0,1,12.143912037037037
I,Sewer / Wastewater,29.706,-95.294,3,0,0,0.0856134259259259
A,Water,29.803,-95.487,3,0,0,0.9646527777777778
C,Solid Waste / Recycling,29.734,-95.405,3,0,0,0.0225578703703703
C,Solid Waste / Recycling,29.734,-95.398,3,0,2,24.912152777777777
C,Solid Waste / Recycling,29.734,-95.387,3,2,0,
C,Solid Waste / Recycling,29.735,-95.413,3,0,0,4.008067129629629
C,Solid Waste / Recycling,29.735,-95.39,3,2,1,33.289594907407405
C,Solid Waste / Recycling,29.735,-95.387,3,0,2,14.88523148148148
D,Solid Waste / Recycling,29.621,-95.398,3,0,1,9.169780092592593
D,Solid Waste / Recycling,29.621,-95.397,3,0,0,12.744982638888889
D,Solid Waste / Recycling,29.622,-95.384,3,1,1,38.06487268518519
A,Water,29.806,-95.447,3,0,1,5.215138888888889
A,Water,29.807,-95.476,3,0,0,0.4299884259259259
A,Water,29.81,-95.515,3,0,0,0.1785648148148148
A,Water,29.814,-95.449,3,0,0,0.4706655092592592
A,Water,29.816,-95.455,3,0,0,1.263587962962963
A,Water,29.827,-95.51,3,0,0,0.1137962962962963
A,Water,29.834,-95.549,3,0,0,0.9679282407407408
I,Solid Waste / Recycling,29.613,-95.241,3,1,1,22.87857638888889
I,Solid Waste / Recycling,29.614,-95.277,3,1,1,34.876041666666666
I,Solid Waste / Recycling,29.616,-95.277,3,0,1,11.029988425925923
I,Sewer / Wastewater,29.735,-95.317,3,0,0,0.1342708333333333
I,Sewer / Wastewater,29.736,-95.261,3,0,2,27.89109953703704
I,Sewer / Wastewater,29.737,-95.336,3,1,1,12.492783564814815
I,Sewer / Wastewater,29.737,-95.262,3,0,1,0.9590277777777778
I,Sewer / Wastewater,29.741,-95.297,3,0,0,1.5584953703703703
I,Sewer / Wastewater,29.747,-95.358,3,0,0,1.039236111111111
I,Sewer / Wastewater,29.758,-95.37,3,0,0,0.0478819444444444
I,Solid Waste / Recycling,29.603,-95.252,3,0,0,6.111087962962963
I,Solid Waste / Recycling,29.603,-95.246,3,1,1,83.77043981481482
I,Solid Waste / Recycling,29.605,-95.256,3,1,1,27.525688657407407
I,Solid Waste / Recycling,29.606,-95.27,3,0,2,43.44071180555555
I,Solid Waste / Recycling,29.607,-95.269,3,0,2,19.72164351851852
A,Water,29.806,-95.477,3,0,0,3.400138888888889
D,Solid Waste / Recycling,29.618,-95.406,3,0,0,11.530277777777778
D,Solid Waste / Recycling,29.619,-95.378,3,0,1,9.594699074074072
D,Solid Waste / Recycling,29.62,-95.392,3,0,0,10.188466435185184
D,Solid Waste / Recycling,29.62,-95.384,3,2,0,9.97087962962963
D,Solid Waste / Recycling,29.62,-95.367,3,0,1,1.993125
D,Solid Waste / Recycling,29.62,-95.36,3,0,1,0.0007060185185185
D,Solid Waste / Recycling,29.621,-95.41,3,2,1,37.06956018518518
D,Solid Waste / Recycling,29.614,-95.365,3,0,1,11.669618055555556
I,Solid Waste / Recycling,29.607,-95.244,3,0,1,10.999421296296296
I,Solid Waste / Recycling,29.607,-95.242,3,1,1,14.229357638888889
I,Solid Waste / Recycling,29.608,-95.273,3,1,1,22.376521990740738
I,Solid Waste / Recycling,29.608,-95.252,3,0,0,4.943900462962963
I,Solid Waste / Recycling,29.608,-95.249,3,0,2,24.849351851851853
I,Solid Waste / Recycling,29.609,-95.255,3,0,0,0.8168865740740741
I,Solid Waste / Recycling,29.611,-95.26,3,1,1,100.02083333333331
I,Solid Waste / Recycling,29.613,-95.256,3,1,1,18.452615740740743
I,Solid Waste / Recycling,29.632,-95.27,3,2,0,2.149016203703704
I,Solid Waste / Recycling,29.632,-95.216,3,0,0,8.810335648148149
A,Water,29.79,-95.474,3,0,0,0.962835648148148
A,Water,29.79,-95.464,3,1,0,0.3016782407407407
I,Solid Waste / Recycling,29.62,-95.273,3,1,0,5.064728009259259
I,Solid Waste / Recycling,29.621,-95.298,3,2,0,5.798495370370371
I,Solid Waste / Recycling,29.621,-95.254,3,1,1,53.489131944444445
I,Solid Waste / Recycling,29.621,-95.251,3,2,0,12.060092592592593
I,Solid Waste / Recycling,29.622,-95.297,3,2,0,8.109918981481481
I,Solid Waste / Recycling,29.624,-95.216,3,0,1,5.042222222222223
I,Solid Waste / Recycling,29.626,-95.26,3,1,2,28.840891203703706
I,Solid Waste / Recycling,29.626,-95.209,3,0,1,2.890925925925926
I,Solid Waste / Recycling,29.627,-95.219,3,1,0,2.078009259259259
I,Solid Waste / Recycling,29.607,-95.264,3,1,2,33.187013888888885
D,Solid Waste / Recycling,29.617,-95.351,3,0,2,42.06909722222223
D,Solid Waste / Recycling,29.617,-95.316,3,0,3,24.06894675925926
D,Solid Waste / Recycling,29.615,-95.347,3,0,1,0.971099537037037
D,Solid Waste / Recycling,29.615,-95.316,3,0,1,11.867708333333333
D,Solid Waste / Recycling,29.615,-95.233,3,1,2,20.224340277777777
D,Solid Waste / Recycling,29.615,-95.229,3,0,0,2.8096875
D,Solid Waste / Recycling,29.616,-95.412,3,0,0,2.0771875
D,Solid Waste / Recycling,29.616,-95.41,3,0,1,10.716469907407408
D,Solid Waste / Recycling,29.616,-95.409,3,1,1,26.464427083333334
D,Solid Waste / Recycling,29.616,-95.404,3,0,0,0.0642824074074074
D,Solid Waste / Recycling,29.616,-95.337,3,0,3,23.654641203703704
D,Solid Waste / Recycling,29.605,-95.225,3,0,0,6.128680555555556
I,Solid Waste / Recycling,29.627,-95.216,3,0,1,0.8926273148148148
I,Solid Waste / Recycling,29.628,-95.269,3,1,1,24.84197337962963
I,Solid Waste / Recycling,29.628,-95.207,3,0,2,59.4365162037037
I,Solid Waste / Recycling,29.629,-95.213,3,1,2,17.065104166666664
I,Solid Waste / Recycling,29.63,-95.215,3,0,0,1.6713773148148148
I,Solid Waste / Recycling,29.632,-95.272,3,0,2,36.45897569444445
C,Solid Waste / Recycling,29.737,-95.39,3,3,0,
D,Solid Waste / Recycling,29.612,-95.369,3,1,1,18.345283564814814
D,Solid Waste / Recycling,29.613,-95.34,3,0,1,1.917349537037037
D,Solid Waste / Recycling,29.604,-95.222,3,0,1,5.340092592592592
A,Water,29.792,-95.545,3,0,0,0.6490625
A,Water,29.793,-95.572,3,2,0,0.0013078703703703
A,Water,29.795,-95.477,3,0,0,0.787181712962963
A,Water,29.798,-95.688,3,0,0,0.8290625
A,Water,29.8,-95.506,3,0,0,0.0544675925925925
A,Water,29.801,-95.492,3,0,0,0.1640972222222222
I,Solid Waste / Recycling,29.636,-95.252,3,1,1,67.44749421296297
I,Solid Waste / Recycling,29.637,-95.256,3,1,0,4.0083217592592595
I,Solid Waste / Recycling,29.627,-95.218,3,0,1,7.354664351851852
D,Solid Waste / Recycling,29.615,-95.409,3,0,1,15.320648148148148
D,Solid Waste / Recycling,29.615,-95.403,3,0,3,45.53158564814815
D,Solid Waste / Recycling,29.615,-95.396,3,0,0,6.9305208333333335
I,Solid Waste / Recycling,29.637,-95.254,3,0,0,0.2665393518518518
I,Solid Waste / Recycling,29.64,-95.258,3,1,0,2.579525462962963
I,Solid Waste / Recycling,29.649,-95.312,3,0,1,2.919907407407408
I,Solid Waste / Recycling,29.659,-95.303,3,1,0,0.8305266203703704
I,Solid Waste / Recycling,29.662,-95.282,3,0,1,7.032152777777778
I,Solid Waste / Recycling,29.662,-95.279,3,0,0,4.387013888888888
I,Solid Waste / Recycling,29.662,-95.278,3,0,1,4.198449074074074
I,Solid Waste / Recycling,29.663,-95.311,3,1,0,8.20630787037037
I,Solid Waste / Recycling,29.663,-95.31,3,0,0,2.694675925925926
I,Solid Waste / Recycling,29.664,-95.313,3,0,1,10.05550925925926
D,Solid Waste / Recycling,29.605,-95.223,3,0,1,6.049907407407408
D,Solid Waste / Recycling,29.607,-95.231,3,1,0,6.467905092592591
D,Solid Waste / Recycling,29.61,-95.237,3,0,3,85.61780092592592
C,Solid Waste / Recycling,29.736,-95.416,3,1,1,11.152424768518518
C,Solid Waste / Recycling,29.736,-95.391,3,0,2,17.00599537037037
C,Solid Waste / Recycling,29.737,-95.422,3,0,0,4.9904166666666665
I,Solid Waste / Recycling,29.675,-95.261,3,0,1,11.053796296296296
I,Solid Waste / Recycling,29.675,-95.258,3,1,1,11.893402777777776
I,Solid Waste / Recycling,29.676,-95.276,3,0,2,23.891203703703702
I,Solid Waste / Recycling,29.664,-95.312,3,3,0,
I,Solid Waste / Recycling,29.664,-95.3,3,0,2,36.65493055555555
I,Solid Waste / Recycling,29.664,-95.281,3,0,1,2.8650462962962964
I,Solid Waste / Recycling,29.665,-95.284,3,1,0,5.448043981481481
I,Solid Waste / Recycling,29.665,-95.279,3,0,3,22.74436342592593
I,Solid Waste / Recycling,29.667,-95.281,3,0,2,17.884525462962962
I,Solid Waste / Recycling,29.667,-95.279,3,0,1,13.996574074074074
I,Solid Waste / Recycling,29.668,-95.315,3,2,0,0.0012037037037037
I,Solid Waste / Recycling,29.668,-95.31,3,2,1,27.783449074074078
I,Solid Waste / Recycling,29.668,-95.305,3,0,0,2.268287037037037
I,Solid Waste / Recycling,29.668,-95.264,3,2,0,0.0010069444444444
I,Solid Waste / Recycling,29.669,-95.305,3,0,2,66.9723900462963
I,Solid Waste / Recycling,29.669,-95.302,3,2,0,0.6885648148148148
C,Solid Waste / Recycling,29.738,-95.39,3,1,2,19.99791087962963
C,Solid Waste / Recycling,29.738,-95.385,3,1,1,33.27015625
C,Solid Waste / Recycling,29.74,-95.423,3,0,0,6.91167824074074
C,Solid Waste / Recycling,29.74,-95.422,3,0,0,7.122002314814814
D,Solid Waste / Recycling,29.605,-95.355,3,0,1,26.55029513888889
D,Solid Waste / Recycling,29.605,-95.234,3,0,0,2.856053240740741
D,Solid Waste / Recycling,29.605,-95.232,3,0,1,4.990104166666667
D,Solid Waste / Recycling,29.605,-95.231,3,0,1,7.772604166666666
D,Solid Waste / Recycling,29.594,-95.227,3,0,1,7.9884375
I,Solid Waste / Recycling,29.67,-95.274,3,0,0,0.530625
I,Solid Waste / Recycling,29.67,-95.266,3,0,1,3.027430555555556
I,Solid Waste / Recycling,29.673,-95.311,3,0,2,43.94864583333333
I,Solid Waste / Recycling,29.673,-95.305,3,1,0,1.045949074074074
I,Solid Waste / Recycling,29.673,-95.274,3,0,1,10.902847222222222
I,Solid Waste / Recycling,29.674,-95.306,3,0,2,29.712766203703705
I,Solid Waste / Recycling,29.675,-95.281,3,3,0,
I,Solid Waste / Recycling,29.684,-95.302,3,0,1,2.9815625
I,Solid Waste / Recycling,29.687,-95.288,3,0,1,5.879351851851852
I,Solid Waste / Recycling,29.677,-95.279,3,0,2,27.770659722222224
I,Solid Waste / Recycling,29.677,-95.257,3,0,2,24.328773148148148
I,Solid Waste / Recycling,29.68,-95.302,3,0,0,6.849398148148148
I,Solid Waste / Recycling,29.68,-95.297,3,0,2,24.207905092592597
I,Solid Waste / Recycling,29.68,-95.295,3,0,0,8.736053240740741
I,Solid Waste / Recycling,29.68,-95.259,3,1,0,1.360271990740741
I,Solid Waste / Recycling,29.681,-95.299,3,0,3,102.94023148148148
I,Solid Waste / Recycling,29.681,-95.295,3,0,2,15.858101851851853
A,Traffic Signals / Lighting,29.851,-95.495,3,0,0,0.0148263888888888
A,Traffic Signals / Lighting,29.856,-95.519,3,1,1,8.579126157407408
A,Traffic Signals / Lighting,29.861,-95.488,3,1,0,2.735636574074074
I,Solid Waste / Recycling,29.67,-95.281,3,1,0,2.995474537037037
C,Solid Waste / Recycling,29.738,-95.423,3,0,0,1.0992708333333334
C,Solid Waste / Recycling,29.738,-95.421,3,0,0,3.965717592592593
D,Solid Waste / Recycling,29.601,-95.212,3,1,1,10.377690972222222
D,Solid Waste / Recycling,29.601,-95.21,3,1,1,34.661689814814814
D,Solid Waste / Recycling,29.602,-95.211,3,0,3,19.12550925925926
D,Solid Waste / Recycling,29.603,-95.229,3,0,1,5.256747685185185
D,Solid Waste / Recycling,29.603,-95.221,3,1,0,1.5529629629629629
D,Solid Waste / Recycling,29.604,-95.311,3,0,2,23.69559027777778
D,Solid Waste / Recycling,29.604,-95.233,3,1,0,5.119704861111112
D,Sewer / Wastewater,29.729,-95.346,3,0,1,0.0181597222222222
A,Traffic Signals / Lighting,29.88,-95.609,3,0,0,0.6772337962962963
A,Traffic Signals / Lighting,29.9,-95.496,3,0,0,2.0076388888888888
A,Water,29.774,-95.486,3,0,0,0.1314583333333333
A,Water,29.788,-95.464,3,0,0,0.1878356481481481
A,Water,29.788,-95.463,3,1,0,1.5393344907407411
I,Solid Waste / Recycling,29.682,-95.291,3,0,1,1.963310185185185
I,Solid Waste / Recycling,29.683,-95.263,3,0,1,4.365439814814815
I,Solid Waste / Recycling,29.684,-95.307,3,2,1,34.87997685185185
I,Solid Waste / Recycling,29.705,-95.321,3,0,1,6.101956018518519
I,Solid Waste / Recycling,29.706,-95.299,3,1,1,22.787199074074078
I,Solid Waste / Recycling,29.707,-95.297,3,0,0,9.7078125
I,Solid Waste / Recycling,29.688,-95.299,3,1,2,68.8783912037037
I,Solid Waste / Recycling,29.688,-95.294,3,0,2,21.90542824074074
I,Solid Waste / Recycling,29.69,-95.279,3,1,1,17.450746527777774
I,Solid Waste / Recycling,29.692,-95.296,3,0,0,1.7271759259259258
I,Solid Waste / Recycling,29.692,-95.282,3,0,2,24.042152777777776
I,Solid Waste / Recycling,29.693,-95.296,3,0,2,43.92137731481481
I,Solid Waste / Recycling,29.693,-95.292,3,0,1,24.935810185185183
I,Solid Waste / Recycling,29.693,-95.291,3,0,2,19.91704861111111
I,Solid Waste / Recycling,29.694,-95.266,3,0,2,63.949160879629616
I,Solid Waste / Recycling,29.695,-95.308,3,0,0,1.7587152777777777
I,Solid Waste / Recycling,29.696,-95.309,3,1,0,6.552337962962963
D,Solid Waste / Recycling,29.6,-95.214,3,1,2,36.487864583333334
D,Solid Waste / Recycling,29.6,-95.209,3,0,1,29.864155092592597
D,Sewer / Wastewater,29.741,-95.363,3,0,0,0.8774305555555556
D,Solid Waste / Recycling,29.586,-95.201,3,1,0,3.9625636574074075
D,Solid Waste / Recycling,29.59,-95.229,3,0,0,1.202986111111111
D,Solid Waste / Recycling,29.591,-95.344,3,1,0,2.875810185185185
D,Solid Waste / Recycling,29.592,-95.198,3,0,0,2.0463078703703705
D,Solid Waste / Recycling,29.593,-95.202,3,1,0,3.16443287037037
D,Solid Waste / Recycling,29.593,-95.199,3,0,1,27.273015046296297
D,Solid Waste / Recycling,29.593,-95.197,3,1,1,25.43457175925926
D,Sewer / Wastewater,29.673,-95.336,3,0,0,0.084224537037037
I,Solid Waste / Recycling,29.698,-95.281,3,0,0,12.837141203703704
I,Solid Waste / Recycling,29.7,-95.305,3,0,0,3.715717592592593
I,Solid Waste / Recycling,29.701,-95.323,3,0,2,14.062719907407407
I,Solid Waste / Recycling,29.702,-95.324,3,1,0,4.58375
I,Solid Waste / Recycling,29.702,-95.323,3,1,0,1.0118749999999999
I,Solid Waste / Recycling,29.704,-95.32,3,0,1,1.033136574074074
I,Solid Waste / Recycling,29.704,-95.31,3,0,0,2.929849537037037
I,Solid Waste / Recycling,29.709,-95.284,3,1,0,2.089866898148148
I,Solid Waste / Recycling,29.709,-95.282,3,0,0,3.653634259259259
I,Solid Waste / Recycling,29.71,-95.292,3,1,1,15.877135416666667
I,Solid Waste / Recycling,29.711,-95.299,3,0,0,0.1374189814814815
I,Solid Waste / Recycling,29.707,-95.296,3,1,0,0.3017129629629629
I,Solid Waste / Recycling,29.707,-95.29,3,0,0,3.8341319444444446
I,Solid Waste / Recycling,29.707,-95.288,3,0,0,4.707476851851852
I,Solid Waste / Recycling,29.707,-95.284,3,0,1,9.951435185185185
I,Solid Waste / Recycling,29.708,-95.286,3,0,0,2.7796527777777778
I,Solid Waste / Recycling,29.708,-95.281,3,0,0,0.7564467592592593
I,Solid Waste / Recycling,29.709,-95.303,3,0,2,31.931851851851853
I,Solid Waste / Recycling,29.709,-95.302,3,0,1,32.822615740740744
I,Solid Waste / Recycling,29.709,-95.299,3,0,1,17.979091435185186
I,Solid Waste / Recycling,29.709,-95.287,3,0,1,7.995694444444444
A,Traffic Signals / Lighting,29.827,-95.545,3,0,0,0.7090277777777778
I,Solid Waste / Recycling,29.696,-95.281,3,0,1,5.111030092592593
D,Sewer / Wastewater,29.683,-95.335,3,0,0,4.099548611111112
D,Sewer / Wastewater,29.687,-95.377,3,0,0,0.7353587962962963
D,Sewer / Wastewater,29.689,-95.385,3,0,0,0.1132638888888888
D,Sewer / Wastewater,29.691,-95.344,3,1,0,0.5874884259259259
D,Sewer / Wastewater,29.691,-95.337,3,1,0,0.48393518518518513
D,Sewer / Wastewater,29.707,-95.333,3,0,0,0.069375
D,Sewer / Wastewater,29.716,-95.346,3,0,0,0.1926041666666666
D,Sewer / Wastewater,29.72,-95.377,3,0,1,12.867152777777775
D,Sewer / Wastewater,29.728,-95.372,3,0,0,0.3556712962962963
D,Sewer / Wastewater,29.729,-95.361,3,0,1,5.088368055555556
A,Traffic Signals / Lighting,29.833,-95.489,3,1,1,13.433964120370371
A,Traffic Signals / Lighting,29.841,-95.515,3,0,0,0.3987326388888888
A,Traffic Signals / Lighting,29.841,-95.48,3,0,0,3.123854166666667
A,Traffic Signals / Lighting,29.848,-95.473,3,0,0,3.909976851851852
A,Traffic Signals / Lighting,29.849,-95.473,3,0,0,2.0794907407407406
A,Traffic Signals / Lighting,29.85,-95.545,3,0,0,0.8199305555555556
I,Solid Waste / Recycling,29.72,-95.289,3,0,2,24.886423611111116
I,Solid Waste / Recycling,29.711,-95.295,3,0,2,29.654340277777777
I,Solid Waste / Recycling,29.711,-95.293,3,0,3,19.758645833333333
I,Solid Waste / Recycling,29.711,-95.289,3,1,1,7.8545543981481485
I,Solid Waste / Recycling,29.711,-95.285,3,0,1,10.99480324074074
I,Solid Waste / Recycling,29.712,-95.295,3,1,0,2.285596064814815
I,Solid Waste / Recycling,29.712,-95.291,3,1,2,37.309299768518514
I,Solid Waste / Recycling,29.712,-95.289,3,0,0,1.167372685185185
I,Solid Waste / Recycling,29.712,-95.283,3,0,0,6.6500462962962965
I,Solid Waste / Recycling,29.713,-95.299,3,1,1,8.77203125
I,Solid Waste / Recycling,29.713,-95.298,3,1,1,15.030283564814813
I,Solid Waste / Recycling,29.714,-95.289,3,2,0,0.7261805555555556
I,Solid Waste / Recycling,29.715,-95.292,3,0,1,7.907418981481482
I,Solid Waste / Recycling,29.715,-95.286,3,0,0,1.0092013888888889
A,Traffic Signals / Lighting,29.832,-95.562,3,2,0,8.967835648148148
D,Sewer / Wastewater,29.676,-95.368,3,0,1,0.8158796296296297
C,Solid Waste / Recycling,29.74,-95.394,3,0,2,28.85685185185185
C,Solid Waste / Recycling,29.74,-95.384,3,0,1,6.158912037037037
C,Solid Waste / Recycling,29.741,-95.414,3,0,0,5.98619212962963
C,Solid Waste / Recycling,29.741,-95.405,3,1,1,9.027100694444444
C,Solid Waste / Recycling,29.741,-95.403,3,0,1,2.162349537037037
C,Solid Waste / Recycling,29.741,-95.401,3,0,2,29.792337962962964
D,Sewer / Wastewater,29.657,-95.38,3,0,0,0.970300925925926
D,Sewer / Wastewater,29.671,-95.394,3,0,0,0.8501273148148148
I,Solid Waste / Recycling,29.717,-95.325,3,0,2,20.650810185185183
I,Solid Waste / Recycling,29.718,-95.322,3,0,3,22.06453703703704
I,Solid Waste / Recycling,29.719,-95.291,3,0,1,16.550746527777775
I,Solid Waste / Recycling,29.72,-95.301,3,0,1,2.1622569444444446
I,Solid Waste / Recycling,29.72,-95.3,3,0,0,3.873784722222222
I,Solid Waste / Recycling,29.72,-95.294,3,0,1,10.699247685185185
I,Solid Waste / Recycling,29.72,-95.293,3,1,1,10.378796296296295
I,Solid Waste / Recycling,29.72,-95.291,3,0,2,15.903090277777778
I,Solid Waste / Recycling,29.727,-95.321,3,0,2,27.898819444444445
I,Solid Waste / Recycling,29.727,-95.3,3,1,1,7.97972800925926
I,Solid Waste / Recycling,29.728,-95.283,3,0,0,6.959456018518519
I,Solid Waste / Recycling,29.729,-95.331,3,0,1,12.630694444444444
A,Traffic Signals / Lighting,29.812,-95.446,3,0,0,0.7243055555555555
A,Traffic Signals / Lighting,29.813,-95.631,3,1,0,1.3563657407407408
A,Traffic Signals / Lighting,29.813,-95.564,3,0,0,0.0163657407407407
A,Traffic Signals / Lighting,29.814,-95.454,3,0,0,0.0067939814814814
A,Traffic Signals / Lighting,29.817,-95.614,3,0,0,1.896516203703704
A,Traffic Signals / Lighting,29.817,-95.446,3,0,0,0.0086458333333333
A,Traffic Signals / Lighting,29.823,-95.545,3,0,0,0.0013194444444444
I,Solid Waste / Recycling,29.721,-95.296,3,1,2,35.2425462962963
I,Solid Waste / Recycling,29.722,-95.309,3,0,0,1.9866087962962964
I,Solid Waste / Recycling,29.716,-95.294,3,0,0,0.959699074074074
D,Sewer / Wastewater,29.644,-95.352,3,0,0,0.2330671296296296
C,Solid Waste / Recycling,29.74,-95.397,3,0,2,22.265208333333334
D,Road / Pothole / Bridge,29.749,-95.372,3,2,0,0.4482638888888889
D,Sewer / Wastewater,29.603,-95.205,3,0,2,19.05672453703704
D,Sewer / Wastewater,29.617,-95.377,3,0,0,0.0486226851851851
D,Sewer / Wastewater,29.624,-95.353,3,0,1,1.101875
D,Sewer / Wastewater,29.627,-95.416,3,2,0,0.1661458333333333
D,Sewer / Wastewater,29.631,-95.353,3,0,0,0.0604398148148148
D,Sewer / Wastewater,29.64,-95.369,3,0,1,0.9517361111111112
D,Road / Pothole / Bridge,29.702,-95.359,3,1,0,1.842320601851852
I,Solid Waste / Recycling,29.722,-95.278,3,1,1,42.91354166666667
I,Solid Waste / Recycling,29.723,-95.325,3,0,0,0.8508101851851851
I,Solid Waste / Recycling,29.723,-95.3,3,0,2,28.904988425925925
I,Solid Waste / Recycling,29.723,-95.298,3,0,1,3.058460648148148
I,Solid Waste / Recycling,29.723,-95.297,3,0,1,1.3021412037037037
I,Solid Waste / Recycling,29.724,-95.302,3,0,2,16.08646990740741
I,Solid Waste / Recycling,29.726,-95.33,3,0,2,42.86835648148149
I,Solid Waste / Recycling,29.727,-95.331,3,0,1,5.198101851851852
I,Solid Waste / Recycling,29.733,-95.314,3,0,1,42.70603009259259
I,Solid Waste / Recycling,29.733,-95.287,3,0,0,0.7657060185185185
I,Solid Waste / Recycling,29.734,-95.339,3,0,1,10.479224537037036
I,Solid Waste / Recycling,29.734,-95.329,3,0,1,3.0027314814814816
I,Solid Waste / Recycling,29.729,-95.328,3,0,2,35.821284722222224
I,Solid Waste / Recycling,29.729,-95.322,3,1,2,22.06908564814815
I,Solid Waste / Recycling,29.729,-95.298,3,1,0,1.4109837962962963
A,Traffic Signals / Lighting,29.8,-95.513,3,0,0,0.0073263888888888
A,Traffic Signals / Lighting,29.807,-95.468,3,1,0,0.3813483796296296
A,Traffic Signals / Lighting,29.811,-95.459,3,1,0,0.00112268518518515
A,Traffic Signals / Lighting,29.812,-95.537,3,0,0,0.8676273148148148
A,Traffic Signals / Lighting,29.812,-95.532,3,1,0,1.9950289351851853
I,Solid Waste / Recycling,29.729,-95.296,3,0,1,1.1939236111111111
I,Solid Waste / Recycling,29.73,-95.324,3,0,1,5.897858796296297
I,Solid Waste / Recycling,29.722,-95.296,3,0,1,19.99843171296296
D,Road / Pothole / Bridge,29.744,-95.367,3,0,0,1.0686921296296297
D,Road / Pothole / Bridge,29.711,-95.356,3,1,0,0.7126157407407407
D,Road / Pothole / Bridge,29.712,-95.356,3,1,0,0.3365798611111111
D,Road / Pothole / Bridge,29.713,-95.354,3,0,0,0.0102777777777777
D,Road / Pothole / Bridge,29.714,-95.355,3,0,0,2.077337962962963
D,Road / Pothole / Bridge,29.719,-95.352,3,0,0,0.6815162037037037
D,Road / Pothole / Bridge,29.723,-95.381,3,1,1,19.599525462962962
D,Road / Pothole / Bridge,29.724,-95.388,3,0,0,0.2429513888888889
D,Road / Pothole / Bridge,29.729,-95.36,3,0,0,1.1348842592592592
D,Road / Pothole / Bridge,29.73,-95.361,3,1,1,16.153130787037036
I,Solid Waste / Recycling,29.73,-95.294,3,1,0,7.7624305555555555
I,Solid Waste / Recycling,29.731,-95.283,3,1,1,10.29681712962963
I,Solid Waste / Recycling,29.732,-95.325,3,0,1,5.967372685185185
I,Solid Waste / Recycling,29.732,-95.321,3,0,2,24.011388888888888
I,Solid Waste / Recycling,29.732,-95.286,3,0,2,94.1048263888889
I,Solid Waste / Recycling,29.732,-95.283,3,1,2,47.54026041666667
I,Solid Waste / Recycling,29.733,-95.335,3,0,1,17.619502314814813
D,Road / Pothole / Bridge,29.661,-95.368,3,0,1,0.6832523148148149
D,Road / Pothole / Bridge,29.662,-95.366,3,0,2,15.794340277777778
D,Road / Pothole / Bridge,29.666,-95.337,3,0,0,0.7996296296296296
D,Road / Pothole / Bridge,29.674,-95.335,3,0,2,24.89023148148148
D,Road / Pothole / Bridge,29.683,-95.353,3,1,1,17.036203703703702
D,Road / Pothole / Bridge,29.69,-95.325,3,0,0,6.885706018518518
D,Road / Pothole / Bridge,29.698,-95.367,3,0,0,0.7022569444444444
D,Drainage / Flooding,29.673,-95.347,3,1,0,0.0024421296296296
A,Traffic Signals / Lighting,29.785,-95.468,3,0,0,3.282118055555556
A,Traffic Signals / Lighting,29.786,-95.543,3,0,0,0.7242824074074075
A,Traffic Signals / Lighting,29.789,-95.688,3,0,0,0.8188773148148148
A,Traffic Signals / Lighting,29.793,-95.58,3,0,0,0.0015277777777777
I,Solid Waste / Recycling,29.734,-95.284,3,0,1,22.47787615740741
I,Solid Waste / Recycling,29.735,-95.337,3,0,1,4.432708333333333
I,Solid Waste / Recycling,29.735,-95.323,3,0,1,10.62744212962963
D,Road / Pothole / Bridge,29.703,-95.365,3,1,0,2.129814814814815
I,Solid Waste / Recycling,29.735,-95.254,3,0,0,9.227164351851851
I,Solid Waste / Recycling,29.736,-95.299,3,0,1,5.998969907407408
I,Solid Waste / Recycling,29.736,-95.292,3,0,1,6.458310185185185
A,Solid Waste / Recycling,29.883,-95.474,3,1,0,0.41025462962962955
A,Solid Waste / Recycling,29.887,-95.498,3,0,1,8.86625
A,Solid Waste / Recycling,29.888,-95.488,3,0,1,19.671435185185185
A,Solid Waste / Recycling,29.889,-95.492,3,2,0,
A,Traffic Signals / Lighting,29.781,-95.456,3,1,0,1.7910011574074074
A,Traffic Signals / Lighting,29.784,-95.457,3,1,0,5.639606481481482
A,Traffic Signals / Lighting,29.784,-95.453,3,0,0,0.1464467592592592
I,Solid Waste / Recycling,29.737,-95.344,3,0,0,5.805393518518518
I,Solid Waste / Recycling,29.737,-95.336,3,0,0,1.5962962962962963
A,Traffic Signals / Lighting,29.785,-95.564,3,0,0,4.218576388888889
D,Road / Pothole / Bridge,29.642,-95.336,3,1,0,0.9096238425925925
D,Road / Pothole / Bridge,29.643,-95.408,3,0,0,5.950833333333334
D,Road / Pothole / Bridge,29.655,-95.36,3,0,1,0.1076504629629629
D,Drainage / Flooding,29.727,-95.356,3,1,0,
D,Road / Pothole / Bridge,29.602,-95.318,3,0,0,3.998680555555556
D,Road / Pothole / Bridge,29.608,-95.341,3,1,1,18.57575810185185
D,Road / Pothole / Bridge,29.611,-95.233,3,1,0,0.6146064814814814
D,Road / Pothole / Bridge,29.614,-95.388,3,1,1,10.971377314814815
D,Road / Pothole / Bridge,29.614,-95.38,3,0,0,8.064745370370371
D,Road / Pothole / Bridge,29.621,-95.222,3,0,0,1.589340277777778
D,Road / Pothole / Bridge,29.627,-95.344,3,0,1,3.691122685185185
D,Road / Pothole / Bridge,29.637,-95.339,3,0,0,0.9822569444444444
C,Water,29.823,-95.432,3,0,0,0.3978935185185185
I,Solid Waste / Recycling,29.738,-95.292,3,0,2,57.196226851851854
I,Solid Waste / Recycling,29.739,-95.345,3,0,3,69.17724537037037
I,Solid Waste / Recycling,29.739,-95.342,3,1,0,2.6203645833333336
I,Solid Waste / Recycling,29.739,-95.333,3,0,1,10.572488425925926
I,Solid Waste / Recycling,29.739,-95.332,3,0,2,25.812372685185185
A,Solid Waste / Recycling,29.876,-95.47,3,1,1,17.528072916666666
I,Solid Waste / Recycling,29.74,-95.303,3,1,1,21.758038194444445
I,Solid Waste / Recycling,29.74,-95.295,3,0,0,3.899861111111111
I,Solid Waste / Recycling,29.741,-95.339,3,0,2,14.064224537037036
I,Solid Waste / Recycling,29.741,-95.332,3,1,0,7.15644675925926
I,Solid Waste / Recycling,29.741,-95.304,3,0,0,7.875393518518519
A,Solid Waste / Recycling,29.877,-95.499,3,2,1,23.184085648148148
A,Solid Waste / Recycling,29.879,-95.505,3,2,0,
A,Solid Waste / Recycling,29.879,-95.498,3,0,2,15.023564814814817
A,Solid Waste / Recycling,29.88,-95.497,3,0,0,3.513101851851852
A,Solid Waste / Recycling,29.881,-95.5,3,1,1,8.878443287037037
I,Solid Waste / Recycling,29.739,-95.325,3,2,1,23.938738425925926
I,Solid Waste / Recycling,29.739,-95.302,3,1,1,15.045873842592595
I,Solid Waste / Recycling,29.739,-95.3,3,0,1,7.041747685185185
I,Solid Waste / Recycling,29.737,-95.299,3,0,1,2.915
D,Drainage / Flooding,29.677,-95.347,3,1,0,
D,Drainage / Flooding,29.722,-95.375,3,0,1,13.873460648148148
C,Water,29.825,-95.433,3,1,0,1.3115972222222223
C,Water,29.829,-95.431,3,0,0,0.0230787037037037
C,Water,29.842,-95.429,3,1,0,0.6693344907407407
D,Drainage / Flooding,29.65,-95.371,3,0,1,23.71193865740741
D,Drainage / Flooding,29.66,-95.362,3,0,1,6.6307175925925925
D,Drainage / Flooding,29.662,-95.37,3,0,1,5.782974537037037
D,Drainage / Flooding,29.665,-95.362,3,1,2,85.04101273148149
D,Drainage / Flooding,29.668,-95.367,3,0,1,7.880740740740741
D,Drainage / Flooding,29.668,-95.357,3,0,1,5.859791666666666
D,Drainage / Flooding,29.669,-95.365,3,0,1,7.815138888888889
C,Solid Waste / Recycling,29.741,-95.395,3,1,1,16.032118055555554
I,Solid Waste / Recycling,29.74,-95.346,3,0,1,0.255474537037037
I,Solid Waste / Recycling,29.74,-95.342,3,1,1,36.79583912037037
I,Solid Waste / Recycling,29.74,-95.337,3,0,0,4.629224537037037
I,Solid Waste / Recycling,29.74,-95.336,3,0,1,7.7890393518518515
I,Solid Waste / Recycling,29.74,-95.306,3,0,0,1.764849537037037
I,Solid Waste / Recycling,29.743,-95.349,3,0,0,0.8862268518518519
I,Solid Waste / Recycling,29.743,-95.337,3,0,2,14.619085648148149
I,Solid Waste / Recycling,29.741,-95.303,3,0,1,9.837314814814814
I,Solid Waste / Recycling,29.741,-95.302,3,0,0,3.592482638888889
I,Solid Waste / Recycling,29.741,-95.294,3,0,2,14.154166666666669
I,Solid Waste / Recycling,29.741,-95.263,3,0,0,9.28425925925926
I,Solid Waste / Recycling,29.741,-95.255,3,2,0,5.155960648148148
I,Solid Waste / Recycling,29.742,-95.336,3,1,0,2.03265625
I,Solid Waste / Recycling,29.742,-95.302,3,1,1,25.082459490740742
I,Solid Waste / Recycling,29.742,-95.259,3,2,1,36.76549768518519
A,Solid Waste / Recycling,29.871,-95.464,3,0,0,13.174074074074074
A,Solid Waste / Recycling,29.872,-95.499,3,2,0,4.818854166666667
A,Solid Waste / Recycling,29.872,-95.498,3,0,2,21.27117476851852
A,Solid Waste / Recycling,29.872,-95.488,3,1,1,10.030069444444445
I,Solid Waste / Recycling,29.739,-95.287,3,0,0,4.177048611111111
C,Water,29.824,-95.434,3,0,0,0.9887847222222222
C,Solid Waste / Recycling,29.741,-95.39,3,0,1,7.776180555555555
C,Solid Waste / Recycling,29.741,-95.389,3,0,2,16.885023148148147
C,Solid Waste / Recycling,29.742,-95.389,3,0,2,27.06547453703704
C,Solid Waste / Recycling,29.742,-95.386,3,0,2,20.14236111111111
C,Solid Waste / Recycling,29.742,-95.383,3,2,1,25.470439814814814
C,Solid Waste / Recycling,29.743,-95.407,3,1,1,38.26416666666667
C,Water,29.812,-95.396,3,0,0,0.2570254629629629
A,Solid Waste / Recycling,29.872,-95.46,3,0,0,0.0644907407407407
A,Solid Waste / Recycling,29.872,-95.459,3,1,1,17.133460648148148
A,Solid Waste / Recycling,29.872,-95.456,3,1,2,30.83866898148148
A,Solid Waste / Recycling,29.873,-95.457,3,1,1,19.257604166666667
A,Solid Waste / Recycling,29.874,-95.499,3,0,3,21.946851851851854
A,Solid Waste / Recycling,29.874,-95.456,3,2,1,20.786574074074075
A,Solid Waste / Recycling,29.875,-95.504,3,1,2,15.40861111111111
A,Solid Waste / Recycling,29.875,-95.484,3,0,3,32.40954861111111
A,Solid Waste / Recycling,29.876,-95.484,3,0,0,7.834560185185185
A,Solid Waste / Recycling,29.87,-95.495,3,0,1,13.929340277777778
A,Solid Waste / Recycling,29.87,-95.484,3,1,1,58.47802662037037
A,Solid Waste / Recycling,29.871,-95.473,3,1,2,14.846689814814816
I,Solid Waste / Recycling,29.746,-95.358,3,0,1,9.639155092592592
I,Solid Waste / Recycling,29.746,-95.352,3,0,2,42.97383680555555
I,Solid Waste / Recycling,29.746,-95.306,3,0,0,1.1585300925925923
I,Solid Waste / Recycling,29.743,-95.305,3,0,0,7.964016203703704
I,Solid Waste / Recycling,29.743,-95.301,3,1,1,9.32347800925926
I,Solid Waste / Recycling,29.744,-95.356,3,1,1,17.583206018518517
I,Solid Waste / Recycling,29.744,-95.306,3,0,1,0.5954976851851852
I,Solid Waste / Recycling,29.744,-95.302,3,0,2,20.71881944444445
I,Solid Waste / Recycling,29.744,-95.269,3,0,0,6.78630787037037
I,Solid Waste / Recycling,29.745,-95.269,3,0,1,2.0075
A,Solid Waste / Recycling,29.859,-95.472,3,1,0,2.2504050925925925
A,Solid Waste / Recycling,29.859,-95.467,3,1,0,9.624270833333334
A,Solid Waste / Recycling,29.872,-95.468,3,2,1,41.90016203703704
C,Water,29.804,-95.388,3,0,0,0.2567939814814814
C,Water,29.805,-95.417,3,0,0,0.0970023148148148
C,Water,29.805,-95.416,3,0,0,0.0786805555555555
C,Water,29.805,-95.411,3,0,0,0.0997106481481481
C,Water,29.806,-95.414,3,1,0,1.8022974537037038
C,Water,29.807,-95.417,3,0,0,0.2176157407407407
C,Water,29.807,-95.416,3,0,0,0.0797800925925926
C,Water,29.809,-95.429,3,0,0,0.0764930555555555
C,Water,29.809,-95.425,3,0,0,10.67925925925926
C,Water,29.81,-95.401,3,0,0,0.2732175925925926
C,Water,29.811,-95.423,3,0,0,0.0312847222222222
C,Water,29.811,-95.396,3,0,1,0.6789004629629629
A,Solid Waste / Recycling,29.867,-95.463,3,2,0,2.7916203703703704
A,Solid Waste / Recycling,29.869,-95.498,3,1,1,14.473055555555556
A,Solid Waste / Recycling,29.869,-95.497,3,1,1,25.1990625
A,Solid Waste / Recycling,29.869,-95.494,3,0,2,14.122881944444444
C,Water,29.794,-95.403,3,0,0,0.1230902777777777
C,Water,29.797,-95.414,3,0,0,3.335324074074074
C,Water,29.774,-95.406,3,0,0,0.6484375
I,Solid Waste / Recycling,29.747,-95.301,3,0,1,6.603564814814815
I,Solid Waste / Recycling,29.748,-95.301,3,0,0,6.924143518518519
A,Solid Waste / Recycling,29.853,-95.498,3,1,1,12.318917824074074
A,Solid Waste / Recycling,29.854,-95.541,3,3,0,
A,Solid Waste / Recycling,29.854,-95.5,3,0,1,1.0230787037037037
A,Solid Waste / Recycling,29.855,-95.544,3,0,0,7.5942592592592595
A,Solid Waste / Recycling,29.855,-95.53,3,2,0,11.693043981481482
A,Solid Waste / Recycling,29.857,-95.496,3,0,2,15.754930555555557
A,Solid Waste / Recycling,29.857,-95.466,3,1,0,0.8121990740740741
I,Solid Waste / Recycling,29.749,-95.348,3,0,0,5.7271932870370375
A,Solid Waste / Recycling,29.86,-95.47,3,1,0,10.82125
C,Water,29.802,-95.39,3,0,0,0.2261111111111111
C,Water,29.804,-95.411,3,0,0,0.8150347222222222
I,Solid Waste / Recycling,29.802,-95.229,3,2,0,4.044664351851852
I,Solid Waste / Recycling,29.809,-95.24,3,0,0,5.900648148148148
A,Solid Waste / Recycling,29.848,-95.541,3,0,1,9.05417824074074
A,Solid Waste / Recycling,29.848,-95.536,3,0,0,2.530289351851852
I,Solid Waste / Recycling,29.75,-95.348,3,0,3,28.674618055555555
I,Solid Waste / Recycling,29.777,-95.236,3,0,2,35.16398148148148
I,Solid Waste / Recycling,29.777,-95.229,3,0,0,7.743287037037038
I,Solid Waste / Recycling,29.781,-95.242,3,0,1,7.570034722222222
I,Solid Waste / Recycling,29.782,-95.223,3,1,2,24.757349537037037
I,Solid Waste / Recycling,29.783,-95.23,3,0,2,20.038923611111112
I,Solid Waste / Recycling,29.785,-95.228,3,1,1,8.177285879629629
I,Solid Waste / Recycling,29.746,-95.301,3,0,0,0.6783680555555556
C,Solid Waste / Recycling,29.743,-95.386,3,0,2,14.952997685185183
C,Solid Waste / Recycling,29.744,-95.403,3,0,0,2.968263888888889
C,Solid Waste / Recycling,29.744,-95.396,3,1,2,41.31938078703703
C,Solid Waste / Recycling,29.745,-95.401,3,1,1,14.820844907407409
C,Water,29.784,-95.405,3,0,0,0.0954629629629629
C,Water,29.787,-95.407,3,0,0,0.1047569444444444
C,Water,29.788,-95.409,3,0,0,0.101886574074074
C,Water,29.789,-95.409,3,0,0,0.1023148148148148
C,Water,29.789,-95.405,3,0,1,0.2494328703703703
C,Water,29.789,-95.391,3,0,1,10.250046296296295
C,Water,29.79,-95.414,3,0,0,0.0908217592592592
C,Water,29.791,-95.395,3,2,0,0.8632638888888889
C,Water,29.768,-95.406,3,0,1,1.0497106481481482
I,Solid Waste / Recycling,29.787,-95.228,3,1,1,9.085503472222223
I,Solid Waste / Recycling,29.795,-95.258,3,0,0,5.832511574074074
I,Solid Waste / Recycling,29.796,-95.256,3,2,1,28.95449074074074
I,Solid Waste / Recycling,29.797,-95.257,3,0,2,19.166278935185183
I,Solid Waste / Recycling,29.798,-95.264,3,0,1,3.052731481481481
I,Solid Waste / Recycling,29.799,-95.255,3,2,1,25.085358796296298
I,Solid Waste / Recycling,29.8,-95.255,3,0,3,144.8318287037037
C,Solid Waste / Recycling,29.746,-95.404,3,0,2,21.314756944444444
C,Water,29.771,-95.405,3,0,0,0.0055092592592592
C,Water,29.774,-95.423,3,0,0,0.2520023148148148
C,Water,29.756,-95.386,3,0,0,5.036672453703703
A,Solid Waste / Recycling,29.849,-95.544,3,1,0,6.510873842592593
A,Solid Waste / Recycling,29.849,-95.542,3,1,2,40.0427025462963
A,Solid Waste / Recycling,29.849,-95.467,3,1,0,7.694612268518519
A,Solid Waste / Recycling,29.85,-95.549,3,1,0,
A,Solid Waste / Recycling,29.851,-95.542,3,2,1,14.735694444444444
A,Solid Waste / Recycling,29.852,-95.544,3,2,0,0.0005208333333333
I,Solid Waste / Recycling,29.811,-95.24,3,1,0,5.779797453703704
I,Solid Waste / Recycling,29.816,-95.214,3,1,0,8.016828703703704
I,Solid Waste / Recycling,29.82,-95.212,3,2,0,1.9864814814814813
C,Water,29.774,-95.403,3,0,0,0.1677314814814814
C,Water,29.777,-95.41,3,0,0,3.3031828703703705
C,Water,29.784,-95.406,3,0,0,0.0925347222222222
I,Traffic Signals / Lighting,29.714,-95.295,3,1,0,3.5254629629629637
I,Traffic Signals / Lighting,29.716,-95.278,3,0,1,0.0145138888888888
I,Solid Waste / Recycling,29.822,-95.206,3,1,1,11.330734953703704
I,Solid Waste / Recycling,29.823,-95.206,3,1,1,16.404392361111107
I,Traffic Signals / Lighting,29.627,-95.267,3,0,1,27.885480324074074
I,Traffic Signals / Lighting,29.633,-95.242,3,0,1,9.014814814814814
I,Traffic Signals / Lighting,29.64,-95.289,3,0,1,0.8676736111111111
I,Traffic Signals / Lighting,29.676,-95.269,3,0,0,0.0083449074074074
I,Traffic Signals / Lighting,29.686,-95.277,3,1,0,3.3220717592592592
I,Traffic Signals / Lighting,29.692,-95.319,3,0,0,0.0067013888888888
I,Traffic Signals / Lighting,29.692,-95.299,3,0,0,0.5413888888888889
A,Solid Waste / Recycling,29.848,-95.468,3,1,0,5.208275462962963
C,Water,29.77,-95.397,3,0,0,0.2445717592592592
C,Solid Waste / Recycling,29.745,-95.383,3,0,2,17.692557870370372
C,Solid Waste / Recycling,29.745,-95.382,3,0,1,10.96400462962963
C,Solid Waste / Recycling,29.746,-95.407,3,0,2,16.674756944444443
A,Solid Waste / Recycling,29.843,-95.543,3,0,1,10.834733796296296
A,Solid Waste / Recycling,29.844,-95.484,3,1,0,4.8383969907407405
A,Solid Waste / Recycling,29.844,-95.478,3,0,1,5.038622685185185
I,Traffic Signals / Lighting,29.739,-95.266,3,1,0,0.00303240740740735
I,Traffic Signals / Lighting,29.74,-95.331,3,2,0,0.0011805555555555
I,Traffic Signals / Lighting,29.746,-95.305,3,0,0,0.6679976851851852
A,Solid Waste / Recycling,29.845,-95.539,3,0,0,2.911585648148148
A,Solid Waste / Recycling,29.845,-95.481,3,0,0,4.063831018518519
A,Solid Waste / Recycling,29.845,-95.469,3,2,0,3.842662037037037
A,Solid Waste / Recycling,29.845,-95.468,3,0,1,13.632361111111113
A,Solid Waste / Recycling,29.846,-95.549,3,2,1,29.01878472222222
A,Solid Waste / Recycling,29.846,-95.466,3,0,0,11.006655092592592
A,Solid Waste / Recycling,29.847,-95.547,3,1,0,0.0017824074074074
A,Solid Waste / Recycling,29.847,-95.47,3,2,0,12.830798611111112
A,Solid Waste / Recycling,29.847,-95.469,3,1,0,4.426608796296296
I,Traffic Signals / Lighting,29.713,-95.316,3,1,0,0.14709490740740735
A,Solid Waste / Recycling,29.833,-95.492,3,0,2,64.0033738425926
A,Solid Waste / Recycling,29.834,-95.556,3,0,3,24.847673611111112
A,Solid Waste / Recycling,29.834,-95.555,3,0,3,15.921226851851852
A,Solid Waste / Recycling,29.834,-95.548,3,0,1,7.582777777777777
A,Solid Waste / Recycling,29.835,-95.548,3,2,0,13.913310185185184
A,Solid Waste / Recycling,29.838,-95.544,3,0,1,26.80244212962963
A,Solid Waste / Recycling,29.838,-95.478,3,1,0,0.7688194444444444
A,Solid Waste / Recycling,29.839,-95.555,3,1,2,38.948559027777776
I,Traffic Signals / Lighting,29.756,-95.353,3,0,0,0.7077893518518519
I,Traffic Signals / Lighting,29.717,-95.28,3,2,0,0.021412037037037
I,Traffic Signals / Lighting,29.731,-95.286,3,0,0,2.6206365740740742
A,Solid Waste / Recycling,29.839,-95.477,3,0,0,4.805798611111111
A,Solid Waste / Recycling,29.839,-95.475,3,2,0,7.875127314814815
A,Solid Waste / Recycling,29.84,-95.549,3,1,1,25.213078703703705
A,Solid Waste / Recycling,29.84,-95.544,3,1,1,13.957887731481481
A,Solid Waste / Recycling,29.843,-95.553,3,0,0,6.258813657407408
C,Water,29.757,-95.39,3,1,0,0.5631597222222222
C,Water,29.757,-95.389,3,1,0,1.3908159722222222
C,Water,29.758,-95.4,3,1,0,3.122326388888889
C,Water,29.758,-95.39,3,0,0,0.9110532407407408
C,Water,29.758,-95.385,3,0,0,5.164375
C,Water,29.758,-95.381,3,0,0,0.0666550925925926
C,Water,29.764,-95.427,3,0,0,0.6353009259259259
C,Water,29.765,-95.404,3,0,0,0.0694444444444444
C,Water,29.766,-95.414,3,1,1,29.302118055555557
C,Water,29.766,-95.405,3,1,0,5.274097222222222
C,Water,29.767,-95.416,3,1,1,32.74784722222222
C,Water,29.768,-95.425,3,0,0,3.901724537037037
C,Solid Waste / Recycling,29.746,-95.383,3,0,2,22.12011574074074
I,Traffic Signals / Lighting,29.75,-95.367,3,0,1,13.897766203703704
I,Traffic Signals / Lighting,29.751,-95.371,3,0,1,8.895231481481481
I,Traffic Signals / Lighting,29.755,-95.355,3,0,0,3.668622685185185
C,Solid Waste / Recycling,29.747,-95.397,3,1,2,37.55574652777778
C,Solid Waste / Recycling,29.747,-95.389,3,0,1,17.03398148148148
C,Water,29.754,-95.394,3,1,0,0.1896817129629629
C,Water,29.755,-95.381,3,0,0,0.39383101851851854
C,Water,29.755,-95.38,3,0,0,0.7244212962962963
C,Water,29.744,-95.385,3,0,0,0.3248263888888889
I,Traffic Signals / Lighting,29.758,-95.351,3,1,0,0.1762731481481481
I,Traffic Signals / Lighting,29.76,-95.366,3,0,0,0.6322106481481482
I,Traffic Signals / Lighting,29.772,-95.206,3,0,0,0.3442824074074074
I,Traffic Signals / Lighting,29.795,-95.246,3,1,0,1.1824652777777778
I,Water,29.607,-95.249,3,1,0,
I,Water,29.613,-95.247,3,0,0,3.796898148148148
I,Water,29.614,-95.252,3,0,0,0.1982754629629629
I,Water,29.615,-95.26,3,0,0,0.0148611111111111
I,Water,29.631,-95.269,3,0,0,0.0035300925925925
C,Water,29.757,-95.402,3,1,0,0.5443113425925926
A,Solid Waste / Recycling,29.83,-95.572,3,0,1,1.4023611111111112
I,Water,29.633,-95.222,3,0,0,0.1485879629629629
I,Water,29.634,-95.222,3,0,0,0.325162037037037
I,Water,29.636,-95.245,3,0,0,0.0907754629629629
I,Water,29.647,-95.265,3,0,0,0.0716435185185185
I,Water,29.65,-95.298,3,0,0,0.2945486111111111
I,Water,29.654,-95.305,3,0,0,0.5315972222222223
I,Water,29.669,-95.264,3,0,0,0.0713310185185185
I,Water,29.679,-95.272,3,0,0,0.3962615740740741
I,Water,29.682,-95.294,3,0,0,0.4669791666666666
I,Traffic Signals / Lighting,29.758,-95.373,3,0,0,0.814849537037037
C,Solid Waste / Recycling,29.747,-95.409,3,1,0,4.625005787037037
C,Solid Waste / Recycling,29.747,-95.406,3,0,2,15.75420138888889
C,Solid Waste / Recycling,29.747,-95.405,3,1,1,13.949994212962963
C,Solid Waste / Recycling,29.747,-95.402,3,2,1,15.616736111111113
C,Solid Waste / Recycling,29.747,-95.401,3,0,0,5.143206018518518
C,Water,29.749,-95.395,3,1,0,1.0336400462962962
C,Water,29.751,-95.408,3,0,0,0.6435300925925926
C,Water,29.751,-95.385,3,0,0,2.06462962962963
C,Water,29.753,-95.408,3,1,0,0.49375578703703704
C,Solid Waste / Recycling,29.746,-95.386,3,0,1,5.953726851851852
C,Water,29.737,-95.415,3,0,1,1.067986111111111
I,Water,29.707,-95.28,3,0,0,0.112662037037037
I,Water,29.708,-95.323,3,0,1,0.0537384259259259
I,Water,29.708,-95.295,3,0,0,0.4170138888888889
I,Water,29.709,-95.325,3,0,0,0.5406828703703703
I,Water,29.716,-95.323,3,0,0,0.0700231481481481
I,Water,29.721,-95.28,3,0,0,0.5049305555555555
I,Water,29.726,-95.289,3,0,0,0.2080902777777777
I,Water,29.729,-95.317,3,0,2,15.070231481481482
I,Water,29.735,-95.334,3,1,0,0.0378125
I,Water,29.735,-95.302,3,0,1,2.1394212962962964
C,Water,29.743,-95.387,3,0,0,0.1052083333333333
C,Water,29.744,-95.387,3,0,0,0.1096875
C,Water,29.728,-95.413,3,1,0,0.3952893518518519
A,Solid Waste / Recycling,29.83,-95.513,3,1,2,21.35584490740741
A,Solid Waste / Recycling,29.83,-95.512,3,0,2,20.59806712962963
A,Solid Waste / Recycling,29.83,-95.478,3,0,0,7.073483796296296
A,Solid Waste / Recycling,29.83,-95.473,3,0,0,9.60238425925926
A,Solid Waste / Recycling,29.831,-95.532,3,0,2,15.538715277777776
I,Water,29.736,-95.29,3,0,0,0.1080555555555555
I,Water,29.737,-95.298,3,0,1,0.7584837962962963
I,Water,29.738,-95.305,3,0,1,4.785439814814815
I,Water,29.739,-95.342,3,1,0,3.9805671296296294
C,Water,29.745,-95.39,3,1,0,1.449357638888889
C,Water,29.747,-95.4,3,0,0,0.0329513888888888
C,Water,29.747,-95.387,3,1,0,0.18236111111111108
C,Water,29.748,-95.404,3,1,0,1.4101504629629629
I,Water,29.819,-95.207,3,0,0,0.1591898148148148
I,Water,29.741,-95.34,3,0,1,0.0023726851851851
I,Water,29.741,-95.332,3,0,0,3.1004976851851853
I,Water,29.747,-95.358,3,0,0,4.955914351851852
I,Water,29.754,-95.256,3,2,0,0.4912268518518518
I,Water,29.756,-95.351,3,0,0,0.0474768518518518
I,Water,29.76,-95.253,3,0,0,0.5004976851851852
I,Water,29.771,-95.213,3,1,0,0.13754629629629628
I,Water,29.783,-95.221,3,1,1,9.707407407407407
I,Water,29.802,-95.216,3,0,0,0.1859375
I,Water,29.804,-95.222,3,0,0,0.2658564814814815
C,Water,29.739,-95.39,3,0,1,0.078449074074074
C,Water,29.74,-95.397,3,0,0,0.0284027777777777
C,Water,29.741,-95.402,3,1,1,21.378096064814812
C,Water,29.742,-95.387,3,0,0,0.1085879629629629
C,Water,29.743,-95.397,3,0,0,0.7703240740740741
C,Solid Waste / Recycling,29.748,-95.394,3,0,0,2.075300925925926
C,Solid Waste / Recycling,29.748,-95.389,3,0,0,3.374675925925926
C,Solid Waste / Recycling,29.749,-95.407,3,0,2,15.240347222222224
C,Water,29.736,-95.42,3,0,0,0.921238425925926
C,Water,29.737,-95.425,3,0,0,1.1829282407407409
A,Solid Waste / Recycling,29.828,-95.554,3,0,3,16.823356481481483
A,Solid Waste / Recycling,29.828,-95.551,3,1,2,22.16767361111111
A,Solid Waste / Recycling,29.828,-95.549,3,0,2,31.491163194444447
A,Solid Waste / Recycling,29.828,-95.532,3,0,1,19.645734953703702
A,Solid Waste / Recycling,29.828,-95.531,3,0,3,122.65089120370372
A,Solid Waste / Recycling,29.828,-95.524,3,1,2,34.353599537037034
A,Solid Waste / Recycling,29.828,-95.512,3,0,1,7.786655092592593
A,Solid Waste / Recycling,29.828,-95.488,3,1,1,14.467824074074072
A,Solid Waste / Recycling,29.829,-95.552,3,0,1,12.808668981481482
I,Water,29.815,-95.212,3,0,0,0.1885763888888889
I,Water,29.816,-95.211,3,0,0,0.2359027777777777
J,Road / Pothole / Bridge,29.683,-95.529,3,0,0,3.847453703703704
I,Water,29.821,-95.203,3,0,0,0.0184259259259259
I,Water,29.822,-95.205,3,0,0,0.1583912037037037
I,Water,29.823,-95.211,3,0,0,0.0745254629629629
I,Water,29.823,-95.209,3,0,0,0.1576736111111111
J,Drainage / Flooding,29.681,-95.522,3,1,2,69.09462962962962
J,Drainage / Flooding,29.734,-95.479,3,0,1,9.053472222222222
A,Solid Waste / Recycling,29.825,-95.521,3,0,1,12.809849537037037
A,Solid Waste / Recycling,29.827,-95.493,3,1,1,11.34400462962963
C,Water,29.729,-95.452,3,1,0,0.1594618055555555
C,Water,29.73,-95.408,3,0,0,0.0413425925925925
C,Water,29.731,-95.425,3,0,0,0.04151620370370365
C,Water,29.734,-95.414,3,0,0,2.0310243055555555
C,Solid Waste / Recycling,29.748,-95.408,3,0,1,9.666741898148148
C,Solid Waste / Recycling,29.748,-95.406,3,0,1,5.930069444444444
C,Solid Waste / Recycling,29.748,-95.403,3,0,2,27.50645833333333
C,Water,29.725,-95.447,3,1,0,0.3529224537037036
C,Solid Waste / Recycling,29.749,-95.402,3,0,1,3.9478703703703695
C,Solid Waste / Recycling,29.749,-95.396,3,0,1,12.979953703703703
C,Water,29.725,-95.393,3,0,0,1.1801388888888888
C,Water,29.726,-95.42,3,0,0,0.2775694444444444
C,Water,29.728,-95.426,3,0,0,0.7641898148148148
C,Traffic Signals / Lighting,29.832,-95.43,3,1,0,0.8391898148148148
A,Solid Waste / Recycling,29.825,-95.512,3,0,3,67.66262731481481
A,Solid Waste / Recycling,29.825,-95.506,3,2,1,21.764641203703704
A,Solid Waste / Recycling,29.826,-95.551,3,0,3,27.90395833333333
A,Solid Waste / Recycling,29.826,-95.531,3,0,1,11.505104166666667
A,Solid Waste / Recycling,29.827,-95.523,3,1,1,14.886527777777776
A,Solid Waste / Recycling,29.827,-95.516,3,0,2,22.803668981481483
J,Road / Pothole / Bridge,29.659,-95.55,3,1,1,15.53089699074074
J,Road / Pothole / Bridge,29.66,-95.558,3,0,0,0.0057060185185185
J,Road / Pothole / Bridge,29.665,-95.555,3,0,0,0.0104282407407407
J,Solid Waste / Recycling,29.678,-95.57,3,0,0,2.649189814814815
J,Solid Waste / Recycling,29.679,-95.536,3,0,0,5.010219907407407
J,Road / Pothole / Bridge,29.705,-95.491,3,0,0,0.9097453703703704
J,Road / Pothole / Bridge,29.706,-95.483,3,1,0,1.4204108796296293
J,Road / Pothole / Bridge,29.716,-95.489,3,1,0,0.529537037037037
J,Road / Pothole / Bridge,29.717,-95.499,3,0,0,4.985486111111111
J,Road / Pothole / Bridge,29.718,-95.523,3,0,0,1.0809259259259258
J,Road / Pothole / Bridge,29.723,-95.501,3,0,2,46.55413194444444
J,Road / Pothole / Bridge,29.723,-95.477,3,0,0,0.7620717592592593
J,Road / Pothole / Bridge,29.728,-95.476,3,0,2,36.153252314814814
J,Sewer / Wastewater,29.669,-95.529,3,0,0,0.4228472222222222
J,Sewer / Wastewater,29.672,-95.563,3,0,1,7.944861111111111
J,Sewer / Wastewater,29.681,-95.556,3,2,0,12.169155092592591
A,Solid Waste / Recycling,29.825,-95.519,3,0,0,5.062384259259259
C,Water,29.711,-95.404,3,1,0,0.061342592592592546
C,Water,29.713,-95.406,3,0,2,14.404502314814817
J,Solid Waste / Recycling,29.684,-95.557,3,1,0,3.322505787037037
J,Solid Waste / Recycling,29.684,-95.498,3,1,0,8.559085648148148
J,Solid Waste / Recycling,29.685,-95.518,3,1,1,21.581915509259257
J,Solid Waste / Recycling,29.686,-95.523,3,0,1,6.174143518518519
J,Solid Waste / Recycling,29.686,-95.501,3,0,2,22.705034722222223
J,Solid Waste / Recycling,29.687,-95.544,3,2,1,42.07899305555556
J,Solid Waste / Recycling,29.688,-95.539,3,0,2,31.07285879629629
J,Sewer / Wastewater,29.718,-95.501,3,0,0,0.1683449074074074
J,Sewer / Wastewater,29.73,-95.486,3,0,0,0.1578819444444444
J,Solid Waste / Recycling,29.663,-95.54,3,1,0,6.992708333333333
J,Solid Waste / Recycling,29.664,-95.543,3,1,1,8.510243055555556
J,Solid Waste / Recycling,29.665,-95.54,3,0,0,2.8299189814814816
J,Solid Waste / Recycling,29.666,-95.543,3,1,1,19.31494212962963
J,Solid Waste / Recycling,29.667,-95.539,3,0,0,2.0478472222222224
J,Solid Waste / Recycling,29.668,-95.538,3,2,1,16.020462962962963
J,Solid Waste / Recycling,29.67,-95.532,3,2,0,2.167384259259259
C,Traffic Signals / Lighting,29.833,-95.463,3,0,0,0.0008333333333333
C,Water,29.668,-95.479,3,1,0,1.019467592592593
C,Water,29.677,-95.482,3,0,0,0.8308796296296296
C,Water,29.679,-95.482,3,1,1,49.510844907407396
C,Water,29.682,-95.491,3,0,0,2.497395833333333
C,Water,29.682,-95.474,3,0,0,1.2479166666666666
C,Water,29.686,-95.48,3,0,1,34.79695601851852
C,Water,29.697,-95.442,3,0,0,1.0013541666666668
C,Water,29.698,-95.419,3,1,0,0.44012152777777774
C,Water,29.706,-95.417,3,0,1,0.7371064814814815
C,Water,29.706,-95.407,3,1,1,11.166325231481482
C,Water,29.71,-95.407,3,1,0,6.348790509259259
J,Solid Waste / Recycling,29.681,-95.569,3,1,1,18.59696759259259
J,Solid Waste / Recycling,29.681,-95.525,3,2,0,8.404953703703704
J,Solid Waste / Recycling,29.682,-95.567,3,0,0,5.214004629629629
J,Solid Waste / Recycling,29.683,-95.532,3,1,0,3.7948148148148144
J,Solid Waste / Recycling,29.695,-95.569,3,1,0,12.869537037037038
J,Solid Waste / Recycling,29.695,-95.551,3,2,0,0.7673148148148148
J,Solid Waste / Recycling,29.695,-95.532,3,1,0,2.3863599537037037
J,Solid Waste / Recycling,29.688,-95.524,3,2,0,7.504988425925926
J,Solid Waste / Recycling,29.69,-95.515,3,2,0,10.862627314814814
J,Solid Waste / Recycling,29.692,-95.54,3,0,1,3.720474537037037
J,Solid Waste / Recycling,29.693,-95.57,3,1,1,13.037008101851852
J,Solid Waste / Recycling,29.693,-95.531,3,1,2,98.42315393518518
J,Solid Waste / Recycling,29.693,-95.528,3,0,0,2.484722222222222
J,Solid Waste / Recycling,29.693,-95.501,3,1,0,6.993171296296297
J,Solid Waste / Recycling,29.694,-95.569,3,1,0,0.9558622685185183
J,Solid Waste / Recycling,29.694,-95.549,3,2,0,6.036712962962963
A,Solid Waste / Recycling,29.823,-95.519,3,0,2,28.016875
A,Solid Waste / Recycling,29.823,-95.515,3,0,1,20.199479166666666
J,Solid Waste / Recycling,29.68,-95.524,3,2,1,33.1180787037037
C,Traffic Signals / Lighting,29.833,-95.473,3,0,0,7.930856481481482
C,Traffic Signals / Lighting,29.803,-95.389,3,0,0,3.0791203703703705
C,Traffic Signals / Lighting,29.804,-95.404,3,0,0,6.917251157407408
C,Solid Waste / Recycling,29.75,-95.403,3,1,0,5.151371527777778
C,Solid Waste / Recycling,29.75,-95.395,3,0,2,14.850497685185186
C,Solid Waste / Recycling,29.75,-95.388,3,1,0,11.205254629629628
C,Solid Waste / Recycling,29.75,-95.386,3,0,0,10.458263888888888
C,Solid Waste / Recycling,29.75,-95.381,3,0,0,5.050856481481482
C,Traffic Signals / Lighting,29.804,-95.398,3,1,1,24.30998842592593
C,Traffic Signals / Lighting,29.772,-95.414,3,0,1,10.703101851851851
A,Solid Waste / Recycling,29.824,-95.553,3,1,1,13.863969907407407
A,Solid Waste / Recycling,29.824,-95.552,3,1,0,5.6161111111111115
A,Solid Waste / Recycling,29.824,-95.521,3,0,3,115.48059027777778
A,Solid Waste / Recycling,29.824,-95.505,3,0,3,21.91445601851852
A,Solid Waste / Recycling,29.824,-95.503,3,1,0,11.688877314814814
A,Solid Waste / Recycling,29.824,-95.475,3,0,2,26.89954861111111
A,Solid Waste / Recycling,29.825,-95.552,3,1,0,1.2349999999999999
J,Solid Waste / Recycling,29.702,-95.523,3,1,0,9.212112268518519
J,Solid Waste / Recycling,29.696,-95.528,3,1,0,3.4820081018518523
J,Solid Waste / Recycling,29.696,-95.506,3,3,0,
J,Solid Waste / Recycling,29.697,-95.535,3,1,2,61.69953703703704
J,Solid Waste / Recycling,29.697,-95.534,3,1,0,6.730300925925926
J,Solid Waste / Recycling,29.698,-95.547,3,1,2,36.2259375
J,Solid Waste / Recycling,29.698,-95.545,3,0,1,8.29931712962963
J,Solid Waste / Recycling,29.699,-95.534,3,0,1,9.873969907407409
J,Solid Waste / Recycling,29.699,-95.524,3,0,1,2.740196759259259
J,Solid Waste / Recycling,29.699,-95.505,3,0,0,1.0099074074074077
J,Solid Waste / Recycling,29.699,-95.503,3,0,0,11.896319444444444
J,Solid Waste / Recycling,29.699,-95.494,3,2,0,10.711331018518518
J,Solid Waste / Recycling,29.699,-95.475,3,0,1,24.57292824074074
J,Solid Waste / Recycling,29.7,-95.545,3,0,2,132.87273148148148
A,Solid Waste / Recycling,29.823,-95.504,3,0,1,3.119166666666666
C,Traffic Signals / Lighting,29.791,-95.41,3,0,0,0.6255671296296297
C,Solid Waste / Recycling,29.752,-95.405,3,0,0,2.1297685185185187
C,Solid Waste / Recycling,29.752,-95.403,3,0,2,60.45961805555555
C,Solid Waste / Recycling,29.752,-95.391,3,0,2,28.487858796296297
C,Solid Waste / Recycling,29.752,-95.39,3,0,2,27.372407407407408
C,Traffic Signals / Lighting,29.779,-95.427,3,0,0,0.0767592592592592
C,Traffic Signals / Lighting,29.783,-95.41,3,1,0,6.347193287037037
C,Traffic Signals / Lighting,29.785,-95.427,3,2,1,15.654282407407408
C,Traffic Signals / Lighting,29.789,-95.443,3,0,0,3.083726851851852
C,Traffic Signals / Lighting,29.748,-95.392,3,0,2,22.87769675925926
J,Solid Waste / Recycling,29.7,-95.519,3,0,3,75.62210648148148
J,Solid Waste / Recycling,29.701,-95.515,3,1,0,1.4977951388888888
J,Solid Waste / Recycling,29.701,-95.51,3,0,0,0.8132407407407407
J,Solid Waste / Recycling,29.701,-95.507,3,0,0,9.22741898148148
J,Solid Waste / Recycling,29.701,-95.501,3,0,0,0.887824074074074
J,Solid Waste / Recycling,29.701,-95.478,3,1,1,32.79140046296296
J,Solid Waste / Recycling,29.701,-95.477,3,0,2,47.40032986111111
J,Solid Waste / Recycling,29.732,-95.471,3,1,1,10.583211805555555
J,Solid Waste / Recycling,29.735,-95.475,3,0,2,18.90997685185185
J,Solid Waste / Recycling,29.702,-95.498,3,0,0,5.806145833333333
J,Solid Waste / Recycling,29.703,-95.505,3,0,2,15.910185185185185
A,Solid Waste / Recycling,29.821,-95.551,3,0,2,21.13741898148148
A,Solid Waste / Recycling,29.821,-95.521,3,0,3,31.935972222222222
A,Solid Waste / Recycling,29.822,-95.533,3,0,3,22.12601851851852
A,Solid Waste / Recycling,29.822,-95.52,3,1,2,71.93213541666667
A,Solid Waste / Recycling,29.822,-95.518,3,0,1,12.286875
A,Solid Waste / Recycling,29.822,-95.512,3,0,3,94.89769675925926
J,Solid Waste / Recycling,29.705,-95.539,3,2,1,98.47275462962963
J,Solid Waste / Recycling,29.705,-95.536,3,1,1,15.702991898148149
J,Solid Waste / Recycling,29.706,-95.536,3,2,1,19.86340277777778
C,Traffic Signals / Lighting,29.778,-95.411,3,2,0,8.073113425925927
C,Solid Waste / Recycling,29.751,-95.401,3,0,1,13.890960648148148
C,Solid Waste / Recycling,29.752,-95.408,3,0,0,2.213865740740741
C,Traffic Signals / Lighting,29.761,-95.416,3,0,0,0.0040509259259259
C,Traffic Signals / Lighting,29.761,-95.393,3,1,0,0.2161747685185185
C,Traffic Signals / Lighting,29.761,-95.383,3,1,0,1.5034490740740742
C,Traffic Signals / Lighting,29.77,-95.409,3,1,0,6.616736111111111
C,Traffic Signals / Lighting,29.77,-95.398,3,0,0,0.0049421296296296
C,Traffic Signals / Lighting,29.77,-95.397,3,2,1,15.69761574074074
C,Traffic Signals / Lighting,29.771,-95.406,3,1,1,17.24247106481481
J,Solid Waste / Recycling,29.708,-95.525,3,2,0,3.1094560185185185
J,Solid Waste / Recycling,29.711,-95.483,3,3,0,
J,Solid Waste / Recycling,29.712,-95.535,3,0,3,97.86913194444443
J,Solid Waste / Recycling,29.713,-95.523,3,2,0,2.9861574074074078
J,Solid Waste / Recycling,29.715,-95.52,3,1,1,15.044293981481479
J,Solid Waste / Recycling,29.729,-95.475,3,0,2,75.85179398148148
J,Solid Waste / Recycling,29.729,-95.471,3,0,1,13.723275462962963
J,Solid Waste / Recycling,29.73,-95.476,3,0,2,14.30523148148148
J,Solid Waste / Recycling,29.732,-95.482,3,0,3,51.7459375
J,Traffic Signals / Lighting,29.69,-95.503,3,0,0,2.918483796296296
A,Solid Waste / Recycling,29.818,-95.548,3,0,2,14.481516203703704
A,Solid Waste / Recycling,29.818,-95.537,3,0,1,28.947719907407407
A,Solid Waste / Recycling,29.819,-95.553,3,0,2,17.532534722222223
A,Solid Waste / Recycling,29.819,-95.518,3,0,3,61.83846064814815
A,Solid Waste / Recycling,29.82,-95.52,3,0,2,30.628298611111116
A,Solid Waste / Recycling,29.82,-95.5,3,1,1,24.517083333333332
A,Solid Waste / Recycling,29.821,-95.554,3,1,2,16.716701388888886
A,Solid Waste / Recycling,29.821,-95.553,3,0,2,16.711550925925927
J,Solid Waste / Recycling,29.736,-95.481,3,0,1,8.0521875
J,Traffic Signals / Lighting,29.672,-95.532,3,3,0,
J,Traffic Signals / Lighting,29.678,-95.559,3,0,1,0.8463541666666666
J,Solid Waste / Recycling,29.707,-95.524,3,1,0,3.829224537037037
C,Traffic Signals / Lighting,29.75,-95.398,3,1,0,2.4334201388888888
C,Traffic Signals / Lighting,29.753,-95.411,3,0,1,0.1177430555555555
C,Traffic Signals / Lighting,29.753,-95.405,3,1,0,0.0756597222222222
C,Traffic Signals / Lighting,29.742,-95.419,3,0,1,13.214201388888888
C,Solid Waste / Recycling,29.753,-95.387,3,0,0,8.026527777777778
C,Solid Waste / Recycling,29.754,-95.393,3,0,0,3.6201041666666662
C,Solid Waste / Recycling,29.754,-95.39,3,1,0,5.1350694444444445
C,Traffic Signals / Lighting,29.747,-95.41,3,1,0,0.7927372685185186
C,Traffic Signals / Lighting,29.747,-95.39,3,0,0,0.003761574074074
C,Traffic Signals / Lighting,29.748,-95.395,3,1,0,5.941730324074074
A,Solid Waste / Recycling,29.816,-95.536,3,0,2,28.937962962962963
A,Solid Waste / Recycling,29.816,-95.529,3,0,2,33.60957175925926
A,Solid Waste / Recycling,29.816,-95.452,3,1,0,11.637858796296296
A,Solid Waste / Recycling,29.817,-95.543,3,0,1,5.087303240740741
A,Solid Waste / Recycling,29.817,-95.542,3,0,1,5.522905092592593
A,Solid Waste / Recycling,29.817,-95.505,3,3,0,
A,Solid Waste / Recycling,29.817,-95.446,3,0,1,2.595034722222222
J,Traffic Signals / Lighting,29.679,-95.493,3,1,0,0.1075694444444444
J,Traffic Signals / Lighting,29.689,-95.557,3,0,0,0.0120717592592592
J,Water,29.685,-95.507,3,3,0,
J,Water,29.686,-95.57,3,0,0,0.0848958333333333
J,Water,29.687,-95.503,3,0,0,0.8497337962962963
J,Traffic Signals / Lighting,29.701,-95.547,3,0,0,0.960625
J,Traffic Signals / Lighting,29.705,-95.513,3,1,0,2.9508564814814817
J,Traffic Signals / Lighting,29.705,-95.493,3,0,0,0.9615625
J,Traffic Signals / Lighting,29.713,-95.504,3,0,0,0.0935648148148148
A,Solid Waste / Recycling,29.813,-95.519,3,1,1,15.404247685185187
A,Solid Waste / Recycling,29.814,-95.527,3,0,2,73.3646238425926
A,Solid Waste / Recycling,29.814,-95.526,3,0,3,63.80542824074074
A,Solid Waste / Recycling,29.815,-95.556,3,1,1,12.966487268518517
A,Solid Waste / Recycling,29.815,-95.531,3,0,1,39.24509259259259
A,Solid Waste / Recycling,29.816,-95.561,3,0,2,14.83087962962963
J,Traffic Signals / Lighting,29.678,-95.541,3,0,0,0.027662037037037
C,Traffic Signals / Lighting,29.735,-95.392,3,0,0,0.0064930555555555
C,Traffic Signals / Lighting,29.739,-95.413,3,0,1,2.7711805555555555
C,Traffic Signals / Lighting,29.729,-95.421,3,0,0,3.540555555555556
C,Solid Waste / Recycling,29.755,-95.388,3,0,0,10.254097222222224
C,Solid Waste / Recycling,29.755,-95.381,3,1,0,1.3571701388888888
C,Solid Waste / Recycling,29.755,-95.38,3,0,1,1.9065625
C,Solid Waste / Recycling,29.755,-95.377,3,1,1,20.728344907407408
C,Traffic Signals / Lighting,29.731,-95.411,3,1,0,2.6791898148148148
C,Traffic Signals / Lighting,29.734,-95.392,3,0,0,0.0188657407407407
J,Traffic Signals / Lighting,29.72,-95.501,3,0,0,1.6079976851851852
J,Traffic Signals / Lighting,29.72,-95.468,3,1,0,4.165353009259259
J,Traffic Signals / Lighting,29.729,-95.479,3,1,1,14.818402777777775
J,Traffic Signals / Lighting,29.731,-95.49,3,0,0,3.389629629629629
J,Traffic Signals / Lighting,29.733,-95.479,3,0,1,6.8313194444444445
J,Water,29.682,-95.504,3,0,0,0.7303703703703703
J,Water,29.684,-95.569,3,0,0,0.0772800925925926
J,Water,29.684,-95.519,3,0,0,0.0009837962962962
J,Water,29.684,-95.499,3,0,0,0.0659953703703703
C,Traffic Signals / Lighting,29.703,-95.423,3,0,0,7.767083333333333
C,Traffic Signals / Lighting,29.704,-95.422,3,0,0,5.936226851851852
C,Traffic Signals / Lighting,29.717,-95.417,3,0,0,3.8479513888888888
C,Traffic Signals / Lighting,29.724,-95.391,3,0,1,13.07162037037037
C,Traffic Signals / Lighting,29.725,-95.419,3,0,0,0.0357291666666666
C,Traffic Signals / Lighting,29.726,-95.428,3,0,0,0.0120023148148148
C,Traffic Signals / Lighting,29.726,-95.418,3,1,0,
C,Traffic Signals / Lighting,29.726,-95.39,3,1,0,0.6137615740740741
C,Traffic Signals / Lighting,29.727,-95.434,3,1,0,5.584924768518518
C,Traffic Signals / Lighting,29.727,-95.391,3,0,0,0.5778935185185186
A,Solid Waste / Recycling,29.812,-95.543,3,0,2,32.06887731481481
A,Solid Waste / Recycling,29.812,-95.536,3,0,3,31.836203703703703
A,Solid Waste / Recycling,29.812,-95.533,3,1,1,38.88939814814815
A,Solid Waste / Recycling,29.812,-95.492,3,1,1,14.504120370370371
J,Water,29.688,-95.569,3,1,0,0.0364409722222222
J,Water,29.688,-95.551,3,1,0,4.499820601851852
K,Road / Pothole / Bridge,29.589,-95.463,3,1,0,1.9244270833333332
K,Road / Pothole / Bridge,29.593,-95.481,3,0,0,4.6527314814814815
K,Road / Pothole / Bridge,29.614,-95.431,3,0,0,3.754641203703704
K,Road / Pothole / Bridge,29.617,-95.492,3,0,1,9.419652777777776
A,Solid Waste / Recycling,29.808,-95.496,3,1,1,17.077355324074077
J,Water,29.696,-95.552,3,1,0,0.061631944444444406
J,Water,29.7,-95.549,3,0,0,0.1146759259259259
J,Water,29.707,-95.488,3,0,0,0.2907291666666666
J,Water,29.721,-95.465,3,0,0,0.0370023148148148
J,Water,29.727,-95.469,3,0,0,0.0569791666666666
J,Water,29.73,-95.486,3,0,0,0.305
J,Water,29.732,-95.479,3,0,0,0.0105092592592592
J,Water,29.733,-95.483,3,0,0,0.4307638888888889
A,Solid Waste / Recycling,29.811,-95.533,3,0,3,34.929525462962964
C,Traffic Signals / Lighting,29.689,-95.472,3,0,0,6.985057870370371
C,Traffic Signals / Lighting,29.69,-95.452,3,1,0,4.792800925925926
A,Solid Waste / Recycling,29.809,-95.48,3,0,2,63.93320601851852
A,Solid Waste / Recycling,29.81,-95.542,3,0,1,37.96878472222223
A,Solid Waste / Recycling,29.81,-95.54,3,0,2,32.949756944444445
A,Solid Waste / Recycling,29.81,-95.516,3,0,3,38.20677083333333
A,Solid Waste / Recycling,29.811,-95.544,3,0,2,70.11962962962963
K,Road / Pothole / Bridge,29.634,-95.438,3,0,0,0.939525462962963
K,Road / Pothole / Bridge,29.635,-95.464,3,0,0,10.731701388888888
K,Road / Pothole / Bridge,29.636,-95.464,3,0,0,1.658576388888889
J,Water,29.736,-95.479,3,0,0,0.4030787037037037
K,Drainage / Flooding,29.611,-95.481,3,0,1,12.56829861111111
K,Drainage / Flooding,29.611,-95.48,3,0,0,12.57400462962963
K,Drainage / Flooding,29.614,-95.439,3,0,0,1.9641666666666664
K,Drainage / Flooding,29.621,-95.464,3,0,0,1.103576388888889
K,Drainage / Flooding,29.66,-95.491,3,0,0,0.2154398148148148
K,Drainage / Flooding,29.663,-95.478,3,0,0,7.358292824074073
K,Drainage / Flooding,29.689,-95.437,3,0,0,2.177118055555556
C,Traffic Signals / Lighting,29.671,-95.477,3,1,0,9.437893518518518
C,Traffic Signals / Lighting,29.679,-95.459,3,0,1,0.0183912037037037
C,Solid Waste / Recycling,29.757,-95.376,3,0,0,3.660046296296296
C,Solid Waste / Recycling,29.759,-95.389,3,1,1,14.916672453703704
C,Solid Waste / Recycling,29.761,-95.419,3,1,0,3.5806828703703704
C,Solid Waste / Recycling,29.764,-95.42,3,1,1,20.959068287037038
C,Solid Waste / Recycling,29.756,-95.384,3,1,0,1.649664351851852
C,Solid Waste / Recycling,29.756,-95.381,3,0,0,4.626099537037037
C,Solid Waste / Recycling,29.757,-95.384,3,1,1,16.506921296296294
C,Solid Waste / Recycling,29.757,-95.383,3,1,0,7.63837962962963
C,Solid Waste / Recycling,29.839,-95.45,3,0,1,1.970613425925926
A,Solid Waste / Recycling,29.808,-95.492,3,0,2,76.77716435185185
A,Solid Waste / Recycling,29.809,-95.557,3,0,3,63.88251157407407
A,Solid Waste / Recycling,29.809,-95.541,3,1,2,32.040428240740745
A,Solid Waste / Recycling,29.809,-95.517,3,0,0,3.0659375
A,Solid Waste / Recycling,29.809,-95.483,3,1,2,116.87061921296296
K,Sewer / Wastewater,29.683,-95.443,3,0,0,2.8351967592592597
K,Sewer / Wastewater,29.684,-95.437,3,0,0,0.0621412037037037
K,Road / Pothole / Bridge,29.637,-95.476,3,0,0,0.00875
K,Road / Pothole / Bridge,29.642,-95.432,3,0,0,0.328287037037037
K,Road / Pothole / Bridge,29.648,-95.509,3,1,0,5.052361111111111
K,Road / Pothole / Bridge,29.656,-95.528,3,1,1,20.923211805555553
K,Road / Pothole / Bridge,29.656,-95.508,3,1,1,22.251932870370375
K,Road / Pothole / Bridge,29.658,-95.406,3,0,2,32.874456018518515
K,Road / Pothole / Bridge,29.664,-95.471,3,0,0,0.9744791666666668
K,Road / Pothole / Bridge,29.664,-95.464,3,1,0,2.0758159722222222
K,Road / Pothole / Bridge,29.665,-95.47,3,1,0,0.9820833333333332
K,Road / Pothole / Bridge,29.677,-95.428,3,1,0,0.0091377314814814
K,Road / Pothole / Bridge,29.678,-95.412,3,0,0,0.0054166666666666
K,Road / Pothole / Bridge,29.701,-95.409,3,1,0,0.00358217592592585
A,Solid Waste / Recycling,29.808,-95.493,3,1,1,53.31866898148148
C,Traffic Signals / Lighting,29.67,-95.491,3,0,0,0.6129513888888889
A,Solid Waste / Recycling,29.808,-95.504,3,0,0,2.023113425925926
K,Solid Waste / Recycling,29.582,-95.519,3,0,1,6.365752314814815
K,Solid Waste / Recycling,29.582,-95.479,3,0,0,0.7873842592592593
K,Solid Waste / Recycling,29.582,-95.471,3,0,0,6.067106481481481
K,Sewer / Wastewater,29.584,-95.471,3,0,0,1.991851851851852
K,Sewer / Wastewater,29.598,-95.471,3,1,0,0.0870659722222222
K,Sewer / Wastewater,29.599,-95.476,3,0,0,0.0898726851851851
K,Sewer / Wastewater,29.601,-95.496,3,0,0,0.8242824074074074
K,Sewer / Wastewater,29.632,-95.475,3,0,0,4.043946759259259
K,Sewer / Wastewater,29.633,-95.415,3,0,1,1.1765277777777778
K,Sewer / Wastewater,29.638,-95.474,3,0,0,6.226655092592592
K,Sewer / Wastewater,29.641,-95.47,3,0,0,3.338113425925926
K,Sewer / Wastewater,29.641,-95.424,3,0,0,4.19875
K,Sewer / Wastewater,29.649,-95.465,3,1,0,0.5826851851851852
K,Sewer / Wastewater,29.652,-95.567,3,0,0,0.0596643518518518
K,Sewer / Wastewater,29.658,-95.496,3,0,0,1.2567824074074074
C,Solid Waste / Recycling,29.765,-95.412,3,1,2,34.28661458333333
C,Solid Waste / Recycling,29.765,-95.404,3,1,2,23.81099537037037
C,Solid Waste / Recycling,29.766,-95.421,3,1,1,18.21837962962963
C,Solid Waste / Recycling,29.766,-95.419,3,1,1,17.806874999999998
C,Solid Waste / Recycling,29.766,-95.415,3,1,0,1.4561631944444444
C,Solid Waste / Recycling,29.84,-95.445,3,2,1,14.694409722222222
C,Solid Waste / Recycling,29.841,-95.468,3,1,1,44.76958333333334
C,Solid Waste / Recycling,29.842,-95.464,3,0,0,11.548402777777778
C,Solid Waste / Recycling,29.836,-95.447,3,0,1,7.896747685185185
A,Solid Waste / Recycling,29.807,-95.557,3,0,2,15.625381944444444
A,Solid Waste / Recycling,29.807,-95.551,3,1,1,18.476475694444446
A,Solid Waste / Recycling,29.807,-95.52,3,1,2,16.95189814814815
A,Solid Waste / Recycling,29.808,-95.557,3,1,1,15.614739583333334
A,Solid Waste / Recycling,29.808,-95.531,3,0,2,31.986041666666665
A,Solid Waste / Recycling,29.808,-95.53,3,0,2,33.932378472222226
A,Solid Waste / Recycling,29.808,-95.511,3,0,2,72.39667824074074
K,Solid Waste / Recycling,29.589,-95.456,3,0,3,19.00784722222222
K,Solid Waste / Recycling,29.583,-95.468,3,1,0,2.0541724537037043
K,Solid Waste / Recycling,29.584,-95.476,3,0,0,1.6886805555555555
K,Solid Waste / Recycling,29.584,-95.465,3,1,0,0.5641493055555556
K,Solid Waste / Recycling,29.585,-95.472,3,1,0,2.347540509259259
K,Solid Waste / Recycling,29.574,-95.519,3,1,0,5.415590277777778
C,Solid Waste / Recycling,29.767,-95.417,3,1,0,4.016180555555556
C,Solid Waste / Recycling,29.767,-95.41,3,0,1,1.8292824074074077
C,Solid Waste / Recycling,29.767,-95.401,3,0,2,24.892546296296292
C,Solid Waste / Recycling,29.837,-95.467,3,1,0,7.942054398148149
C,Solid Waste / Recycling,29.837,-95.451,3,0,0,6.9775578703703705
C,Solid Waste / Recycling,29.837,-95.435,3,0,1,4.631770833333333
C,Solid Waste / Recycling,29.837,-95.433,3,0,2,23.80711805555556
C,Solid Waste / Recycling,29.838,-95.449,3,1,1,21.414456018518518
C,Solid Waste / Recycling,29.764,-95.416,3,0,0,7.271597222222222
C,Solid Waste / Recycling,29.765,-95.418,3,0,1,5.818078703703704
C,Solid Waste / Recycling,29.835,-95.437,3,0,1,3.768472222222222
C,Solid Waste / Recycling,29.835,-95.435,3,0,0,7.391458333333333
C,Solid Waste / Recycling,29.835,-95.432,3,0,2,27.647696759259254
C,Solid Waste / Recycling,29.836,-95.47,3,0,1,2.161076388888889
C,Solid Waste / Recycling,29.836,-95.465,3,0,0,6.988923611111111
K,Solid Waste / Recycling,29.589,-95.476,3,1,2,38.228854166666665
A,Solid Waste / Recycling,29.806,-95.559,3,0,2,29.032569444444444
A,Solid Waste / Recycling,29.806,-95.553,3,0,3,32.91084490740741
A,Solid Waste / Recycling,29.806,-95.551,3,0,3,58.06143518518518
A,Solid Waste / Recycling,29.806,-95.55,3,0,2,32.58417824074074
A,Solid Waste / Recycling,29.806,-95.541,3,0,1,7.510289351851852
A,Solid Waste / Recycling,29.806,-95.534,3,0,2,74.35821180555557
A,Solid Waste / Recycling,29.806,-95.498,3,1,0,3.3208969907407413
A,Solid Waste / Recycling,29.806,-95.497,3,1,1,40.509421296296296
A,Solid Waste / Recycling,29.807,-95.559,3,0,1,5.732476851851852
K,Solid Waste / Recycling,29.589,-95.468,3,0,1,12.403993055555556
K,Solid Waste / Recycling,29.598,-95.483,3,1,0,4.440462962962963
K,Solid Waste / Recycling,29.589,-95.454,3,0,0,0.9234722222222222
K,Solid Waste / Recycling,29.59,-95.519,3,1,0,2.033668981481481
K,Solid Waste / Recycling,29.59,-95.45,3,2,0,7.951759259259259
K,Solid Waste / Recycling,29.592,-95.484,3,2,0,2.7888310185185183
K,Solid Waste / Recycling,29.592,-95.477,3,2,0,0.8557060185185185
K,Solid Waste / Recycling,29.592,-95.454,3,0,0,5.788854166666667
K,Solid Waste / Recycling,29.593,-95.48,3,1,0,3.8793981481481485
K,Solid Waste / Recycling,29.593,-95.458,3,0,0,1.723113425925926
K,Solid Waste / Recycling,29.593,-95.453,3,1,0,1.8969675925925926
K,Solid Waste / Recycling,29.594,-95.496,3,0,2,22.356041666666663
K,Solid Waste / Recycling,29.594,-95.494,3,2,1,53.15521990740741
C,Solid Waste / Recycling,29.834,-95.449,3,1,0,10.962974537037036
C,Solid Waste / Recycling,29.834,-95.448,3,0,0,10.109710648148148
C,Solid Waste / Recycling,29.834,-95.432,3,1,1,52.002505787037045
C,Solid Waste / Recycling,29.835,-95.451,3,0,0,5.83744212962963
A,Solid Waste / Recycling,29.805,-95.532,3,0,2,27.673483796296296
A,Solid Waste / Recycling,29.805,-95.517,3,2,0,6.771782407407407
A,Solid Waste / Recycling,29.805,-95.515,3,1,2,38.173692129629636
A,Solid Waste / Recycling,29.805,-95.514,3,0,1,31.00461805555556
K,Solid Waste / Recycling,29.598,-95.481,3,1,0,6.5088946759259265
K,Solid Waste / Recycling,29.598,-95.472,3,1,1,61.4362037037037
K,Solid Waste / Recycling,29.598,-95.469,3,0,1,6.79818287037037
K,Solid Waste / Recycling,29.599,-95.488,3,1,2,21.43288773148148
K,Solid Waste / Recycling,29.594,-95.481,3,0,0,6.165069444444445
K,Solid Waste / Recycling,29.594,-95.479,3,1,0,3.3520833333333333
K,Solid Waste / Recycling,29.594,-95.471,3,0,2,21.844178240740742
K,Solid Waste / Recycling,29.594,-95.447,3,0,1,0.0109143518518518
K,Solid Waste / Recycling,29.595,-95.49,3,1,0,11.489837962962962
K,Solid Waste / Recycling,29.595,-95.477,3,2,0,0.7375347222222223
K,Solid Waste / Recycling,29.596,-95.472,3,0,1,8.79380787037037
K,Solid Waste / Recycling,29.596,-95.455,3,0,0,0.1912268518518518
C,Solid Waste / Recycling,29.828,-95.449,3,0,3,15.18545138888889
C,Solid Waste / Recycling,29.828,-95.429,3,0,1,13.82582175925926
C,Solid Waste / Recycling,29.829,-95.449,3,0,1,8.850983796296296
C,Solid Waste / Recycling,29.829,-95.442,3,0,0,4.633414351851852
C,Solid Waste / Recycling,29.83,-95.444,3,1,1,11.024351851851852
C,Solid Waste / Recycling,29.83,-95.438,3,1,1,18.977314814814815
C,Solid Waste / Recycling,29.831,-95.457,3,0,0,7.949224537037037
C,Solid Waste / Recycling,29.831,-95.448,3,0,1,11.073900462962962
C,Solid Waste / Recycling,29.832,-95.43,3,0,2,14.170532407407409
C,Solid Waste / Recycling,29.833,-95.461,3,0,2,32.086793981481485
C,Solid Waste / Recycling,29.833,-95.431,3,0,0,5.581163194444445
A,Solid Waste / Recycling,29.804,-95.533,3,0,2,27.730925925925924
A,Solid Waste / Recycling,29.804,-95.532,3,0,2,21.935989583333335
A,Solid Waste / Recycling,29.804,-95.512,3,1,1,16.56070023148148
A,Solid Waste / Recycling,29.805,-95.549,3,0,0,7.624074074074074
A,Solid Waste / Recycling,29.805,-95.548,3,0,1,7.481168981481481
K,Solid Waste / Recycling,29.606,-95.45,3,0,0,1.1945023148148148
K,Solid Waste / Recycling,29.607,-95.497,3,1,2,20.949010416666667
K,Solid Waste / Recycling,29.607,-95.449,3,0,0,1.7570601851851853
K,Solid Waste / Recycling,29.607,-95.446,3,0,2,47.67944444444444
K,Solid Waste / Recycling,29.599,-95.47,3,0,0,2.810925925925926
K,Solid Waste / Recycling,29.6,-95.494,3,1,1,21.33580439814815
K,Solid Waste / Recycling,29.6,-95.48,3,0,2,46.91738425925926
K,Solid Waste / Recycling,29.6,-95.471,3,0,2,16.08138888888889
K,Solid Waste / Recycling,29.6,-95.461,3,1,0,4.1405613425925925
K,Solid Waste / Recycling,29.601,-95.485,3,0,0,4.831631944444444
K,Solid Waste / Recycling,29.601,-95.482,3,2,0,4.215358796296297
K,Solid Waste / Recycling,29.602,-95.493,3,0,0,3.044583333333333
K,Solid Waste / Recycling,29.602,-95.481,3,0,1,0.8223379629629629
K,Solid Waste / Recycling,29.602,-95.418,3,0,1,7.146851851851852
K,Solid Waste / Recycling,29.602,-95.406,3,0,1,15.962835648148149
A,Solid Waste / Recycling,29.804,-95.548,3,0,3,34.262511574074075
C,Solid Waste / Recycling,29.827,-95.444,3,0,1,12.808344907407408
C,Solid Waste / Recycling,29.768,-95.403,3,0,0,3.478298611111111
C,Solid Waste / Recycling,29.769,-95.419,3,3,0,
C,Solid Waste / Recycling,29.769,-95.4,3,2,0,2.6595949074074072
C,Solid Waste / Recycling,29.77,-95.426,3,1,2,44.838315972222226
C,Solid Waste / Recycling,29.77,-95.422,3,0,1,18.218778935185185
C,Solid Waste / Recycling,29.77,-95.407,3,2,1,33.04940972222222
C,Solid Waste / Recycling,29.77,-95.406,3,2,0,
C,Solid Waste / Recycling,29.771,-95.426,3,1,1,11.04644675925926
C,Solid Waste / Recycling,29.827,-95.434,3,0,3,32.337974537037034
C,Solid Waste / Recycling,29.827,-95.432,3,2,1,34.274537037037035
C,Solid Waste / Recycling,29.823,-95.447,3,1,0,0.9818576388888888
K,Solid Waste / Recycling,29.603,-95.468,3,1,1,21.116950231481482
K,Solid Waste / Recycling,29.603,-95.457,3,1,0,0.1810879629629629
K,Solid Waste / Recycling,29.604,-95.465,3,0,1,8.08337962962963
K,Solid Waste / Recycling,29.605,-95.467,3,1,2,22.537957175925925
C,Solid Waste / Recycling,29.823,-95.426,3,1,1,24.848437500000003
C,Solid Waste / Recycling,29.824,-95.429,3,1,0,5.160104166666667
C,Solid Waste / Recycling,29.824,-95.428,3,1,0,1.8869733796296297
C,Solid Waste / Recycling,29.825,-95.454,3,0,0,2.055451388888889
C,Solid Waste / Recycling,29.825,-95.446,3,0,0,9.000225694444444
C,Solid Waste / Recycling,29.825,-95.427,3,1,2,28.02501736111111
C,Solid Waste / Recycling,29.826,-95.449,3,0,1,0.2765740740740741
K,Solid Waste / Recycling,29.607,-95.438,3,0,0,4.785983796296296
K,Solid Waste / Recycling,29.607,-95.428,3,0,1,8.083865740740741
K,Solid Waste / Recycling,29.607,-95.412,3,0,1,7.794050925925926
K,Solid Waste / Recycling,29.608,-95.435,3,0,0,4.056689814814815
K,Solid Waste / Recycling,29.608,-95.41,3,1,0,3.7006423611111114
K,Solid Waste / Recycling,29.609,-95.45,3,0,1,0.0298611111111111
A,Solid Waste / Recycling,29.802,-95.552,3,0,3,32.13090277777778
A,Solid Waste / Recycling,29.802,-95.548,3,0,3,54.28819444444444
K,Solid Waste / Recycling,29.603,-95.499,3,0,0,5.156932870370371
K,Solid Waste / Recycling,29.614,-95.48,3,3,0,
K,Solid Waste / Recycling,29.615,-95.425,3,0,2,83.8801736111111
K,Solid Waste / Recycling,29.615,-95.424,3,0,0,4.041979166666667
K,Solid Waste / Recycling,29.616,-95.448,3,2,0,0.987476851851852
A,Solid Waste / Recycling,29.802,-95.542,3,1,1,29.88068287037037
A,Solid Waste / Recycling,29.802,-95.532,3,0,3,30.357152777777777
A,Solid Waste / Recycling,29.802,-95.521,3,1,0,3.359976851851852
A,Solid Waste / Recycling,29.802,-95.506,3,1,0,2.6025
A,Solid Waste / Recycling,29.802,-95.504,3,0,0,6.81582175925926
A,Solid Waste / Recycling,29.802,-95.502,3,0,2,22.00550925925926
A,Solid Waste / Recycling,29.803,-95.532,3,0,3,30.906122685185185
K,Solid Waste / Recycling,29.61,-95.429,3,0,2,21.95953703703704
K,Solid Waste / Recycling,29.61,-95.409,3,3,0,
K,Solid Waste / Recycling,29.611,-95.45,3,0,0,1.0398842592592592
K,Solid Waste / Recycling,29.607,-95.444,3,0,0,6.266851851851852
C,Solid Waste / Recycling,29.823,-95.445,3,0,1,11.270520833333334
C,Solid Waste / Recycling,29.818,-95.435,3,1,2,34.3771412037037
C,Solid Waste / Recycling,29.818,-95.425,3,0,0,6.0240277777777775
C,Solid Waste / Recycling,29.818,-95.405,3,1,0,
C,Solid Waste / Recycling,29.818,-95.402,3,1,0,4.810289351851852
C,Solid Waste / Recycling,29.819,-95.406,3,2,0,12.561400462962965
C,Solid Waste / Recycling,29.821,-95.446,3,0,0,5.930740740740741
C,Solid Waste / Recycling,29.822,-95.45,3,0,0,6.879467592592593
C,Solid Waste / Recycling,29.822,-95.446,3,0,0,11.37079861111111
C,Solid Waste / Recycling,29.822,-95.443,3,1,1,10.800677083333333
C,Solid Waste / Recycling,29.822,-95.431,3,0,1,8.169421296296296
K,Solid Waste / Recycling,29.611,-95.428,3,0,0,9.119212962962964
K,Solid Waste / Recycling,29.612,-95.409,3,0,0,9.028391203703704
K,Solid Waste / Recycling,29.613,-95.441,3,0,0,9.368854166666669
K,Solid Waste / Recycling,29.613,-95.433,3,0,0,9.972395833333334
K,Solid Waste / Recycling,29.613,-95.427,3,0,0,2.8322569444444445
K,Solid Waste / Recycling,29.613,-95.406,3,0,0,7.520474537037037
K,Solid Waste / Recycling,29.624,-95.438,3,1,0,5.006927083333333
K,Solid Waste / Recycling,29.624,-95.434,3,0,1,3.610162037037037
K,Solid Waste / Recycling,29.624,-95.431,3,0,0,7.432951388888889
K,Solid Waste / Recycling,29.616,-95.431,3,1,1,39.538020833333334
K,Solid Waste / Recycling,29.616,-95.425,3,1,1,43.543130787037036
A,Solid Waste / Recycling,29.8,-95.53,3,2,0,6.24537037037037
A,Solid Waste / Recycling,29.8,-95.529,3,1,2,42.01240162037037
A,Solid Waste / Recycling,29.8,-95.52,3,0,0,3.846388888888889
A,Solid Waste / Recycling,29.8,-95.519,3,1,0,3.794074074074074
A,Solid Waste / Recycling,29.8,-95.507,3,0,2,15.71789351851852
A,Solid Waste / Recycling,29.801,-95.555,3,0,2,37.21060763888889
A,Solid Waste / Recycling,29.801,-95.536,3,0,1,16.411475694444444
A,Solid Waste / Recycling,29.801,-95.475,3,0,1,4.054097222222223
A,Solid Waste / Recycling,29.801,-95.472,3,0,2,101.91688657407408
K,Solid Waste / Recycling,29.611,-95.437,3,1,1,9.61204861111111
C,Solid Waste / Recycling,29.817,-95.4,3,1,0,9.180295138888887
C,Solid Waste / Recycling,29.773,-95.405,3,2,0,6.891319444444444
C,Solid Waste / Recycling,29.773,-95.404,3,1,0,6.033298611111111
C,Solid Waste / Recycling,29.815,-95.422,3,1,1,20.94795138888889
C,Solid Waste / Recycling,29.815,-95.407,3,0,1,13.896805555555556
C,Solid Waste / Recycling,29.816,-95.413,3,0,0,8.412025462962964
C,Solid Waste / Recycling,29.809,-95.423,3,3,0,
K,Solid Waste / Recycling,29.618,-95.443,3,0,1,7.054386574074074
K,Solid Waste / Recycling,29.619,-95.471,3,0,1,8.779212962962964
K,Solid Waste / Recycling,29.619,-95.46,3,0,1,9.245532407407408
K,Solid Waste / Recycling,29.62,-95.449,3,0,1,1.8753587962962963
K,Solid Waste / Recycling,29.62,-95.438,3,0,1,12.254074074074074
K,Solid Waste / Recycling,29.62,-95.432,3,0,1,7.091666666666667
K,Solid Waste / Recycling,29.621,-95.462,3,1,1,9.175173611111111
K,Solid Waste / Recycling,29.622,-95.438,3,0,0,0.1056481481481481
K,Solid Waste / Recycling,29.622,-95.433,3,1,0,0.8529166666666665
K,Solid Waste / Recycling,29.623,-95.449,3,0,0,0.4091435185185185
K,Solid Waste / Recycling,29.63,-95.483,3,0,1,6.867986111111111
K,Solid Waste / Recycling,29.63,-95.47,3,1,1,33.51582754629629
K,Solid Waste / Recycling,29.63,-95.454,3,0,0,5.352974537037037
A,Solid Waste / Recycling,29.799,-95.506,3,0,1,3.0531944444444443
A,Solid Waste / Recycling,29.799,-95.498,3,0,2,102.1291087962963
A,Solid Waste / Recycling,29.799,-95.475,3,0,1,7.983206018518518
A,Solid Waste / Recycling,29.799,-95.469,3,0,0,4.1308796296296295
A,Solid Waste / Recycling,29.799,-95.467,3,1,0,6.29207175925926
A,Solid Waste / Recycling,29.799,-95.466,3,0,2,69.93913194444444
K,Solid Waste / Recycling,29.626,-95.498,3,0,0,5.6963078703703705
K,Solid Waste / Recycling,29.627,-95.442,3,0,2,19.063125
C,Solid Waste / Recycling,29.814,-95.414,3,0,0,0.040625
C,Solid Waste / Recycling,29.772,-95.423,3,1,2,46.903564814814814
C,Solid Waste / Recycling,29.773,-95.429,3,2,0,
C,Solid Waste / Recycling,29.773,-95.427,3,2,0,7.368263888888888
C,Solid Waste / Recycling,29.773,-95.41,3,0,2,99.05642361111111
K,Solid Waste / Recycling,29.633,-95.455,3,0,1,0.0014583333333333
K,Solid Waste / Recycling,29.633,-95.453,3,0,3,126.6708912037037
K,Solid Waste / Recycling,29.633,-95.449,3,1,0,6.267407407407407
K,Solid Waste / Recycling,29.633,-95.44,3,0,0,4.133298611111111
K,Solid Waste / Recycling,29.633,-95.435,3,1,0,1.3135821759259259
K,Solid Waste / Recycling,29.633,-95.425,3,1,0,0.0188773148148148
K,Solid Waste / Recycling,29.633,-95.418,3,1,1,13.014155092592592
K,Solid Waste / Recycling,29.627,-95.435,3,0,0,1.6979861111111112
K,Solid Waste / Recycling,29.628,-95.485,3,0,2,46.14288194444445
K,Solid Waste / Recycling,29.628,-95.439,3,0,0,0.9305208333333334
K,Solid Waste / Recycling,29.629,-95.474,3,0,3,67.64571759259259
K,Solid Waste / Recycling,29.629,-95.471,3,0,1,1.0345833333333334
K,Solid Waste / Recycling,29.629,-95.456,3,1,1,38.9474537037037
K,Solid Waste / Recycling,29.629,-95.442,3,0,1,12.801655092592592
K,Solid Waste / Recycling,29.629,-95.424,3,1,2,107.91046875
K,Solid Waste / Recycling,29.629,-95.415,3,1,1,39.531603009259264
C,Solid Waste / Recycling,29.809,-95.416,3,0,0,11.09431712962963
C,Solid Waste / Recycling,29.81,-95.425,3,3,0,
C,Solid Waste / Recycling,29.81,-95.422,3,1,0,3.321226851851852
C,Solid Waste / Recycling,29.81,-95.419,3,1,2,54.47719328703704
C,Solid Waste / Recycling,29.81,-95.416,3,1,0,9.657864583333334
C,Solid Waste / Recycling,29.81,-95.404,3,1,0,6.347019675925926
C,Solid Waste / Recycling,29.812,-95.4,3,0,0,2.023703703703704
C,Solid Waste / Recycling,29.813,-95.417,3,2,1,48.97481481481481
C,Solid Waste / Recycling,29.814,-95.441,3,2,0,6.062534722222222
C,Solid Waste / Recycling,29.814,-95.438,3,0,1,21.582042824074072
C,Solid Waste / Recycling,29.807,-95.401,3,2,0,9.902476851851851
K,Solid Waste / Recycling,29.631,-95.429,3,1,0,8.220601851851853
K,Solid Waste / Recycling,29.631,-95.418,3,0,1,10.324814814814816
K,Solid Waste / Recycling,29.632,-95.475,3,1,1,18.45230324074074
K,Solid Waste / Recycling,29.632,-95.455,3,0,2,19.87702546296296
K,Solid Waste / Recycling,29.632,-95.445,3,0,1,1.5836342592592592
K,Solid Waste / Recycling,29.635,-95.425,3,1,0,8.181498842592593
K,Solid Waste / Recycling,29.635,-95.415,3,0,1,3.1961574074074077
K,Solid Waste / Recycling,29.637,-95.476,3,2,0,
A,Solid Waste / Recycling,29.797,-95.551,3,0,2,41.79541666666667
A,Solid Waste / Recycling,29.797,-95.505,3,0,1,9.6809375
A,Solid Waste / Recycling,29.797,-95.498,3,0,1,5.9978125
A,Solid Waste / Recycling,29.797,-95.464,3,2,0,12.98349537037037
A,Solid Waste / Recycling,29.798,-95.497,3,0,0,3.957905092592593
A,Solid Waste / Recycling,29.798,-95.479,3,0,0,5.138923611111111
K,Solid Waste / Recycling,29.634,-95.469,3,0,1,4.996134259259259
K,Solid Waste / Recycling,29.634,-95.467,3,0,1,6.258865740740741
K,Solid Waste / Recycling,29.634,-95.437,3,0,0,2.8285532407407405
K,Solid Waste / Recycling,29.634,-95.428,3,0,1,3.9278935185185184
K,Solid Waste / Recycling,29.634,-95.426,3,0,0,4.081064814814815
K,Solid Waste / Recycling,29.63,-95.43,3,0,0,0.1919444444444444
C,Solid Waste / Recycling,29.809,-95.42,3,0,1,18.567881944444444
K,Solid Waste / Recycling,29.638,-95.429,3,0,0,0.2479398148148148
K,Solid Waste / Recycling,29.638,-95.425,3,0,0,2.407337962962963
K,Solid Waste / Recycling,29.639,-95.428,3,0,3,19.647951388888888
K,Solid Waste / Recycling,29.639,-95.426,3,0,0,7.540451388888889
K,Solid Waste / Recycling,29.639,-95.425,3,0,1,7.098738425925926
K,Solid Waste / Recycling,29.64,-95.525,3,0,0,1.2421875
K,Solid Waste / Recycling,29.634,-95.425,3,0,0,4.040787037037037
K,Solid Waste / Recycling,29.634,-95.421,3,0,1,4.193530092592592
K,Solid Waste / Recycling,29.634,-95.418,3,0,2,30.192824074074075
K,Solid Waste / Recycling,29.634,-95.413,3,0,0,11.841504629629627
K,Solid Waste / Recycling,29.635,-95.478,3,0,3,44.74233796296296
K,Solid Waste / Recycling,29.635,-95.475,3,0,0,0.7907523148148148
K,Solid Waste / Recycling,29.635,-95.466,3,0,2,34.786875
K,Solid Waste / Recycling,29.635,-95.451,3,1,0,7.992002314814815
K,Solid Waste / Recycling,29.635,-95.444,3,0,1,7.694895833333334
K,Solid Waste / Recycling,29.635,-95.439,3,3,0,
C,Solid Waste / Recycling,29.774,-95.404,3,0,0,7.326516203703704
C,Solid Waste / Recycling,29.775,-95.419,3,2,0,1.8364699074074076
C,Solid Waste / Recycling,29.775,-95.416,3,2,0,2.1698263888888887
C,Solid Waste / Recycling,29.776,-95.424,3,2,0,3.71050925925926
C,Solid Waste / Recycling,29.776,-95.417,3,1,1,8.171822916666667
C,Solid Waste / Recycling,29.776,-95.416,3,1,1,11.18308449074074
C,Solid Waste / Recycling,29.776,-95.411,3,0,3,14.82744212962963
C,Solid Waste / Recycling,29.808,-95.416,3,0,1,11.051956018518519
C,Solid Waste / Recycling,29.808,-95.407,3,0,1,13.286967592592593
C,Solid Waste / Recycling,29.804,-95.44,3,2,1,19.83917824074074
K,Solid Waste / Recycling,29.637,-95.443,3,0,0,0.7899305555555556
K,Solid Waste / Recycling,29.637,-95.44,3,1,0,1.8059375000000002
K,Solid Waste / Recycling,29.637,-95.425,3,0,1,6.187303240740741
K,Solid Waste / Recycling,29.638,-95.501,3,1,0,2.5825520833333337
K,Solid Waste / Recycling,29.638,-95.48,3,0,1,2.07
K,Solid Waste / Recycling,29.638,-95.43,3,0,1,3.053668981481481
K,Solid Waste / Recycling,29.645,-95.533,3,2,0,1.9766087962962964
K,Solid Waste / Recycling,29.64,-95.522,3,1,0,
K,Solid Waste / Recycling,29.64,-95.43,3,2,0,12.949421296296295
K,Solid Waste / Recycling,29.641,-95.483,3,0,1,4.11369212962963
K,Solid Waste / Recycling,29.642,-95.548,3,2,0,3.855347222222222
K,Solid Waste / Recycling,29.642,-95.546,3,0,1,2.383402777777778
K,Solid Waste / Recycling,29.642,-95.534,3,0,1,7.937905092592593
K,Solid Waste / Recycling,29.642,-95.532,3,0,0,0.9461689814814814
K,Solid Waste / Recycling,29.642,-95.494,3,1,0,0.5130671296296296
A,Solid Waste / Recycling,29.795,-95.467,3,0,2,104.98711805555556
A,Solid Waste / Recycling,29.795,-95.465,3,0,2,26.683333333333334
A,Solid Waste / Recycling,29.796,-95.56,3,0,2,30.10711805555556
A,Solid Waste / Recycling,29.796,-95.559,3,0,2,30.32575231481481
K,Solid Waste / Recycling,29.637,-95.466,3,1,2,51.02835648148148
C,Solid Waste / Recycling,29.773,-95.395,3,0,1,37.989375
C,Solid Waste / Recycling,29.774,-95.428,3,3,0,
C,Solid Waste / Recycling,29.804,-95.414,3,1,0,4.029415509259259
C,Solid Waste / Recycling,29.805,-95.411,3,2,0,4.065081018518518
C,Solid Waste / Recycling,29.805,-95.391,3,1,1,8.354832175925926
C,Solid Waste / Recycling,29.806,-95.415,3,1,0,6.524577546296296
C,Solid Waste / Recycling,29.806,-95.398,3,0,1,7.505740740740741
C,Solid Waste / Recycling,29.807,-95.415,3,2,0,0.7233101851851852
C,Solid Waste / Recycling,29.807,-95.407,3,0,0,6.03068287037037
C,Solid Waste / Recycling,29.803,-95.439,3,0,3,18.873622685185182
A,Solid Waste / Recycling,29.796,-95.492,3,1,0,4.788871527777777
A,Solid Waste / Recycling,29.796,-95.491,3,0,0,7.879791666666667
A,Solid Waste / Recycling,29.796,-95.467,3,0,3,106.96106481481482
A,Solid Waste / Recycling,29.796,-95.464,3,0,1,13.824606481481482
A,Solid Waste / Recycling,29.797,-95.685,3,0,2,48.33958333333334
A,Solid Waste / Recycling,29.797,-95.575,3,2,0,7.191307870370371
K,Solid Waste / Recycling,29.644,-95.491,3,0,0,3.008726851851852
K,Solid Waste / Recycling,29.644,-95.489,3,0,2,17.180104166666666
C,Solid Waste / Recycling,29.778,-95.409,3,1,0,2.53953125
C,Solid Waste / Recycling,29.778,-95.402,3,2,1,15.720104166666667
C,Solid Waste / Recycling,29.779,-95.425,3,1,2,19.79857638888889
C,Solid Waste / Recycling,29.803,-95.409,3,0,1,28.931174768518517
C,Solid Waste / Recycling,29.803,-95.396,3,0,0,3.5185243055555557
K,Solid Waste / Recycling,29.646,-95.549,3,0,2,64.46026041666667
K,Solid Waste / Recycling,29.646,-95.545,3,1,1,12.248304398148148
K,Solid Waste / Recycling,29.646,-95.515,3,1,0,7.215734953703704
K,Solid Waste / Recycling,29.646,-95.512,3,2,0,1.895925925925926
K,Solid Waste / Recycling,29.646,-95.496,3,0,1,4.339537037037037
K,Solid Waste / Recycling,29.647,-95.538,3,0,0,4.9094444444444445
K,Solid Waste / Recycling,29.647,-95.501,3,1,1,11.686197916666668
K,Solid Waste / Recycling,29.647,-95.485,3,2,0,7.709780092592593
K,Solid Waste / Recycling,29.648,-95.494,3,1,0,3.3380266203703703
K,Solid Waste / Recycling,29.649,-95.505,3,1,1,17.048182870370372
C,Solid Waste / Recycling,29.804,-95.439,3,0,1,7.839872685185185
K,Solid Waste / Recycling,29.654,-95.514,3,0,2,18.801608796296296
K,Solid Waste / Recycling,29.655,-95.519,3,0,0,0.0794560185185185
K,Solid Waste / Recycling,29.65,-95.524,3,0,2,20.08827546296296
A,Solid Waste / Recycling,29.793,-95.533,3,1,2,21.834253472222223
A,Solid Waste / Recycling,29.793,-95.528,3,0,1,25.576782407407407
A,Solid Waste / Recycling,29.793,-95.464,3,0,1,9.3634375
A,Solid Waste / Recycling,29.794,-95.534,3,0,0,0.0023842592592592
A,Solid Waste / Recycling,29.794,-95.466,3,0,1,8.541342592592592
A,Solid Waste / Recycling,29.795,-95.558,3,0,3,31.022743055555555
A,Solid Waste / Recycling,29.795,-95.555,3,0,1,15.23445601851852
K,Solid Waste / Recycling,29.65,-95.518,3,0,2,57.01028935185185
K,Solid Waste / Recycling,29.651,-95.535,3,0,0,1.2004398148148148
C,Solid Waste / Recycling,29.776,-95.404,3,1,0,9.045636574074074
C,Solid Waste / Recycling,29.777,-95.425,3,1,1,16.676597222222224
C,Solid Waste / Recycling,29.777,-95.397,3,1,2,87.45164351851852
C,Solid Waste / Recycling,29.778,-95.414,3,2,1,20.98403935185185
K,Solid Waste / Recycling,29.656,-95.45,3,0,1,0.8873263888888889
K,Solid Waste / Recycling,29.657,-95.52,3,1,0,2.2183622685185185
K,Solid Waste / Recycling,29.657,-95.519,3,1,0,3.20625
K,Solid Waste / Recycling,29.657,-95.518,3,1,0,3.4585937500000004
K,Solid Waste / Recycling,29.657,-95.517,3,1,0,5.947893518518518
K,Solid Waste / Recycling,29.657,-95.49,3,0,2,43.84929398148148
A,Solid Waste / Recycling,29.79,-95.529,3,2,0,13.783819444444443
A,Solid Waste / Recycling,29.791,-95.551,3,0,1,13.02449074074074
K,Solid Waste / Recycling,29.651,-95.495,3,1,1,12.893657407407407
K,Solid Waste / Recycling,29.652,-95.513,3,0,1,6.747696759259259
K,Solid Waste / Recycling,29.652,-95.487,3,0,1,5.138865740740741
K,Solid Waste / Recycling,29.652,-95.485,3,0,1,6.783622685185185
K,Solid Waste / Recycling,29.653,-95.519,3,0,3,60.91699074074074
K,Solid Waste / Recycling,29.653,-95.511,3,0,2,23.93746527777778
K,Solid Waste / Recycling,29.653,-95.51,3,1,0,1.4293749999999998
K,Solid Waste / Recycling,29.653,-95.484,3,1,0,4.909930555555556
C,Solid Waste / Recycling,29.801,-95.421,3,1,0,11.0584375
C,Solid Waste / Recycling,29.801,-95.417,3,0,3,18.396585648148147
C,Solid Waste / Recycling,29.801,-95.411,3,0,1,10.20111111111111
C,Solid Waste / Recycling,29.801,-95.402,3,0,1,5.738784722222222
C,Solid Waste / Recycling,29.801,-95.397,3,0,0,2.1515625
C,Solid Waste / Recycling,29.801,-95.395,3,0,0,4.235474537037037
C,Solid Waste / Recycling,29.801,-95.394,3,1,0,0.011996527777777752
C,Solid Waste / Recycling,29.802,-95.436,3,0,2,22.807569444444443
C,Solid Waste / Recycling,29.802,-95.412,3,1,1,32.879328703703706
C,Solid Waste / Recycling,29.802,-95.409,3,0,1,2.265243055555556
C,Solid Waste / Recycling,29.802,-95.405,3,2,0,0.0035532407407407
C,Solid Waste / Recycling,29.802,-95.398,3,1,1,18.15388310185185
C,Solid Waste / Recycling,29.803,-95.445,3,0,1,9.76574074074074
K,Solid Waste / Recycling,29.655,-95.455,3,0,1,9.903136574074074
K,Solid Waste / Recycling,29.656,-95.544,3,1,1,17.022164351851853
K,Solid Waste / Recycling,29.656,-95.483,3,0,1,5.234282407407408
K,Solid Waste / Recycling,29.662,-95.491,3,0,0,1.9708564814814813
K,Solid Waste / Recycling,29.662,-95.455,3,0,2,20.67997685185185
A,Solid Waste / Recycling,29.791,-95.543,3,2,0,11.919328703703703
A,Solid Waste / Recycling,29.791,-95.541,3,0,1,16.67782986111111
A,Solid Waste / Recycling,29.791,-95.527,3,1,2,21.38117476851852
A,Solid Waste / Recycling,29.791,-95.484,3,0,2,56.66890046296297
A,Solid Waste / Recycling,29.792,-95.692,3,0,2,75.72208333333333
A,Solid Waste / Recycling,29.792,-95.536,3,1,2,21.105827546296297
A,Solid Waste / Recycling,29.792,-95.526,3,1,2,21.87745949074074
A,Solid Waste / Recycling,29.792,-95.475,3,1,2,41.206695601851855
A,Solid Waste / Recycling,29.793,-95.535,3,0,0,3.944259259259259
K,Solid Waste / Recycling,29.658,-95.451,3,0,0,0.6416203703703703
K,Solid Waste / Recycling,29.658,-95.45,3,0,1,23.60896412037037
K,Solid Waste / Recycling,29.658,-95.446,3,0,2,43.10826388888889
K,Solid Waste / Recycling,29.659,-95.445,3,0,2,43.10791666666667
K,Solid Waste / Recycling,29.655,-95.483,3,0,2,24.764872685185185
C,Solid Waste / Recycling,29.799,-95.417,3,1,0,6.54021412037037
C,Solid Waste / Recycling,29.8,-95.447,3,0,3,16.48
C,Solid Waste / Recycling,29.8,-95.446,3,0,2,22.62934027777778
C,Solid Waste / Recycling,29.8,-95.443,3,0,3,16.48170138888889
C,Solid Waste / Recycling,29.801,-95.447,3,0,3,16.480266203703703
C,Solid Waste / Recycling,29.797,-95.435,3,1,0,10.587771990740741
K,Solid Waste / Recycling,29.66,-95.502,3,0,2,15.279895833333333
K,Solid Waste / Recycling,29.66,-95.472,3,1,1,19.57068287037037
K,Solid Waste / Recycling,29.66,-95.463,3,0,1,4.915081018518518
K,Solid Waste / Recycling,29.66,-95.46,3,0,2,14.088078703703705
K,Solid Waste / Recycling,29.66,-95.452,3,0,2,41.10434027777778
K,Solid Waste / Recycling,29.661,-95.51,3,1,2,35.04122685185185
K,Solid Waste / Recycling,29.661,-95.5,3,0,1,6.811388888888889
K,Solid Waste / Recycling,29.661,-95.468,3,1,1,24.865815972222222
K,Solid Waste / Recycling,29.662,-95.526,3,0,0,3.592337962962963
K,Solid Waste / Recycling,29.662,-95.499,3,0,2,40.183483796296294
K,Solid Waste / Recycling,29.662,-95.453,3,0,0,0.8589236111111112
K,Solid Waste / Recycling,29.663,-95.498,3,0,1,7.97824074074074
K,Solid Waste / Recycling,29.663,-95.49,3,1,1,10.969675925925927
K,Solid Waste / Recycling,29.664,-95.518,3,0,2,18.77204861111111
K,Solid Waste / Recycling,29.664,-95.5,3,1,0,6.46255787037037
K,Solid Waste / Recycling,29.664,-95.484,3,0,1,2.048773148148148
K,Solid Waste / Recycling,29.665,-95.519,3,1,0,7.595283564814815
K,Solid Waste / Recycling,29.665,-95.517,3,1,0,0.4789930555555555
K,Solid Waste / Recycling,29.665,-95.466,3,0,1,5.984710648148148
K,Solid Waste / Recycling,29.665,-95.457,3,0,2,43.08021990740741
K,Solid Waste / Recycling,29.665,-95.442,3,0,2,18.700625
A,Solid Waste / Recycling,29.788,-95.481,3,0,3,23.613935185185184
K,Solid Waste / Recycling,29.66,-95.517,3,0,1,7.507974537037037
C,Solid Waste / Recycling,29.798,-95.39,3,2,0,3.103425925925926
C,Solid Waste / Recycling,29.799,-95.443,3,0,1,5.01056712962963
C,Solid Waste / Recycling,29.799,-95.433,3,0,1,12.798819444444444
K,Solid Waste / Recycling,29.676,-95.444,3,0,3,27.883553240740746
K,Solid Waste / Recycling,29.677,-95.436,3,1,1,23.735196759259257
K,Solid Waste / Recycling,29.677,-95.434,3,3,0,
K,Solid Waste / Recycling,29.678,-95.453,3,0,1,0.8270601851851852
K,Solid Waste / Recycling,29.678,-95.438,3,1,0,7.047939814814814
A,Solid Waste / Recycling,29.788,-95.475,3,0,2,25.88724537037037
A,Solid Waste / Recycling,29.788,-95.474,3,0,2,30.027743055555558
A,Solid Waste / Recycling,29.789,-95.538,3,1,1,9.457731481481481
A,Solid Waste / Recycling,29.789,-95.53,3,1,1,19.34945023148148
A,Solid Waste / Recycling,29.789,-95.528,3,1,1,29.103344907407408
A,Solid Waste / Recycling,29.79,-95.551,3,1,2,49.893744212962964
A,Solid Waste / Recycling,29.79,-95.55,3,1,1,48.59267939814814
A,Solid Waste / Recycling,29.79,-95.531,3,1,1,17.374016203703704
K,Solid Waste / Recycling,29.666,-95.487,3,0,1,0.1357754629629629
K,Solid Waste / Recycling,29.669,-95.446,3,0,2,20.85414351851852
K,Solid Waste / Recycling,29.67,-95.441,3,0,0,1.5532060185185186
C,Solid Waste / Recycling,29.78,-95.428,3,1,0,0.9098379629629628
C,Solid Waste / Recycling,29.78,-95.42,3,2,1,18.61923611111111
C,Solid Waste / Recycling,29.78,-95.418,3,2,0,0.0164699074074074
C,Solid Waste / Recycling,29.781,-95.425,3,0,2,25.759733796296292
C,Solid Waste / Recycling,29.798,-95.416,3,1,1,14.128113425925926
C,Solid Waste / Recycling,29.798,-95.411,3,0,0,7.184976851851852
C,Solid Waste / Recycling,29.798,-95.407,3,0,0,4.178344907407407
C,Solid Waste / Recycling,29.793,-95.428,3,2,0,9.966388888888888
K,Solid Waste / Recycling,29.672,-95.455,3,0,1,10.637858796296296
K,Solid Waste / Recycling,29.672,-95.45,3,0,0,1.6681712962962962
K,Solid Waste / Recycling,29.672,-95.446,3,0,2,19.82888888888889
K,Solid Waste / Recycling,29.672,-95.442,3,0,0,6.246539351851852
K,Solid Waste / Recycling,29.673,-95.433,3,0,1,4.5409953703703705
K,Solid Waste / Recycling,29.675,-95.451,3,1,2,73.41662037037038
K,Solid Waste / Recycling,29.676,-95.451,3,1,1,44.777314814814815
K,Solid Waste / Recycling,29.676,-95.445,3,0,1,5.283113425925926
C,Solid Waste / Recycling,29.795,-95.403,3,0,0,4.203900462962963
C,Solid Waste / Recycling,29.795,-95.396,3,1,1,7.33478587962963
C,Solid Waste / Recycling,29.795,-95.395,3,0,0,7.460381944444444
C,Solid Waste / Recycling,29.796,-95.407,3,0,0,6.947378472222222
C,Solid Waste / Recycling,29.79,-95.405,3,0,1,7.081342592592593
K,Solid Waste / Recycling,29.679,-95.437,3,3,0,
K,Solid Waste / Recycling,29.68,-95.434,3,0,1,3.650543981481481
K,Solid Waste / Recycling,29.682,-95.4,3,0,2,54.01513888888889
K,Solid Waste / Recycling,29.682,-95.396,3,0,0,6.509108796296296
K,Solid Waste / Recycling,29.684,-95.436,3,0,0,0.8663541666666666
K,Solid Waste / Recycling,29.685,-95.436,3,0,1,7.822141203703704
K,Solid Waste / Recycling,29.685,-95.43,3,1,1,49.33611111111111
K,Solid Waste / Recycling,29.689,-95.431,3,1,0,5.761620370370371
K,Solid Waste / Recycling,29.689,-95.421,3,0,1,3.889965277777778
K,Solid Waste / Recycling,29.671,-95.452,3,0,0,0.6524884259259259
C,Solid Waste / Recycling,29.798,-95.427,3,1,0,10.538587962962962
K,Traffic Signals / Lighting,29.645,-95.536,3,1,0,1.4999131944444446
K,Traffic Signals / Lighting,29.651,-95.477,3,0,0,0.9474768518518518
A,Sewer / Wastewater,29.814,-95.555,3,0,0,0.0556712962962962
A,Sewer / Wastewater,29.836,-95.544,3,1,0,0.3773437499999999
A,Sewer / Wastewater,29.847,-95.464,3,0,0,0.0684953703703703
A,Sewer / Wastewater,29.865,-95.474,3,0,0,0.0721643518518518
A,Sewer / Wastewater,29.878,-95.466,3,0,0,0.6685300925925926
A,Sewer / Wastewater,29.882,-95.502,3,0,0,0.1659606481481481
A,Solid Waste / Recycling,29.783,-95.464,3,0,1,11.351076388888888
K,Traffic Signals / Lighting,29.58,-95.518,3,0,1,10.755011574074071
K,Solid Waste / Recycling,29.678,-95.436,3,0,1,2.07488425925926
C,Solid Waste / Recycling,29.794,-95.415,3,0,3,32.354305555555555
C,Solid Waste / Recycling,29.794,-95.408,3,0,0,0.003599537037037
C,Solid Waste / Recycling,29.795,-95.434,3,0,2,14.890810185185185
C,Solid Waste / Recycling,29.795,-95.414,3,0,3,32.36751157407407
C,Solid Waste / Recycling,29.795,-95.409,3,0,0,4.610601851851852
C,Solid Waste / Recycling,29.792,-95.43,3,3,0,
C,Solid Waste / Recycling,29.782,-95.423,3,1,2,27.341568287037035
C,Solid Waste / Recycling,29.782,-95.421,3,1,1,17.195642361111112
C,Solid Waste / Recycling,29.782,-95.42,3,0,1,2.9247916666666667
C,Solid Waste / Recycling,29.783,-95.417,3,2,0,3.2204166666666665
C,Solid Waste / Recycling,29.783,-95.416,3,0,2,16.938958333333332
C,Solid Waste / Recycling,29.783,-95.4,3,0,0,2.7365856481481483
C,Solid Waste / Recycling,29.792,-95.405,3,0,0,7.672118055555556
C,Solid Waste / Recycling,29.792,-95.393,3,0,2,18.086423611111112
C,Solid Waste / Recycling,29.784,-95.394,3,1,0,4.532731481481481
K,Traffic Signals / Lighting,29.59,-95.458,3,0,0,3.708136574074074
K,Traffic Signals / Lighting,29.622,-95.465,3,1,0,1.4867650462962962
K,Traffic Signals / Lighting,29.626,-95.518,3,0,0,0.8236805555555555
K,Traffic Signals / Lighting,29.627,-95.442,3,1,1,9.126788194444444
K,Traffic Signals / Lighting,29.642,-95.528,3,0,0,1.6166666666666667
K,Traffic Signals / Lighting,29.644,-95.493,3,0,2,15.885422453703704
K,Traffic Signals / Lighting,29.678,-95.428,3,1,0,0.02848958333333325
K,Traffic Signals / Lighting,29.68,-95.394,3,0,0,0.0066087962962962
K,Traffic Signals / Lighting,29.687,-95.437,3,0,2,14.110625
K,Traffic Signals / Lighting,29.691,-95.436,3,1,0,10.748628472222222
K,Traffic Signals / Lighting,29.654,-95.48,3,2,0,3.95099537037037
A,Road / Pothole / Bridge,29.858,-95.504,3,0,0,3.907534722222222
A,Road / Pothole / Bridge,29.874,-95.474,3,0,0,0.010625
A,Road / Pothole / Bridge,29.89,-95.506,3,1,0,2.4795254629629633
A,Sewer / Wastewater,29.786,-95.645,3,0,1,10.55816550925926
A,Sewer / Wastewater,29.796,-95.528,3,0,0,0.5876388888888889
A,Sewer / Wastewater,29.801,-95.465,3,0,0,1.1590393518518518
A,Sewer / Wastewater,29.802,-95.485,3,0,2,45.55621527777778
A,Sewer / Wastewater,29.805,-95.484,3,1,0,1.439502314814815
K,Traffic Signals / Lighting,29.66,-95.476,3,0,0,1.4059027777777775
K,Traffic Signals / Lighting,29.59,-95.47,3,2,0,0.2242939814814814
C,Solid Waste / Recycling,29.791,-95.403,3,0,0,7.863969907407407
C,Solid Waste / Recycling,29.785,-95.396,3,0,1,1.8460185185185185
C,Solid Waste / Recycling,29.787,-95.413,3,1,0,4.260734953703704
C,Solid Waste / Recycling,29.787,-95.407,3,0,0,4.316296296296296
C,Solid Waste / Recycling,29.787,-95.393,3,0,1,5.693321759259259
C,Solid Waste / Recycling,29.787,-95.391,3,1,1,98.05190972222222
C,Solid Waste / Recycling,29.787,-95.39,3,1,1,16.976394675925924
C,Solid Waste / Recycling,29.788,-95.418,3,1,2,54.516354166666666
C,Solid Waste / Recycling,29.788,-95.407,3,0,2,17.38087962962963
C,Solid Waste / Recycling,29.788,-95.389,3,0,1,1.8849652777777777
C,Solid Waste / Recycling,29.789,-95.4,3,0,0,11.74559027777778
C,Solid Waste / Recycling,29.789,-95.391,3,0,0,5.803842592592592
C,Solid Waste / Recycling,29.79,-95.415,3,1,1,18.99662615740741
K,Water,29.657,-95.508,3,1,0,0.0977719907407407
K,Traffic Signals / Lighting,29.672,-95.425,3,0,2,66.96824074074074
K,Traffic Signals / Lighting,29.673,-95.453,3,0,0,0.8814814814814815
K,Traffic Signals / Lighting,29.677,-95.425,3,0,0,0.7165277777777778
K,Water,29.6,-95.412,3,1,0,0.2306423611111111
K,Traffic Signals / Lighting,29.691,-95.429,3,0,0,0.9032060185185186
K,Traffic Signals / Lighting,29.694,-95.414,3,0,2,22.004305555555558
A,Road / Pothole / Bridge,29.826,-95.494,3,0,0,0.8556597222222222
A,Road / Pothole / Bridge,29.839,-95.554,3,1,0,0.4886863425925926
A,Road / Pothole / Bridge,29.841,-95.536,3,0,1,8.108935185185185
A,Road / Pothole / Bridge,29.841,-95.489,3,0,0,1.1265393518518518
A,Road / Pothole / Bridge,29.842,-95.489,3,1,1,22.71050347222222
A,Road / Pothole / Bridge,29.846,-95.533,3,1,0,0.9018113425925927
A,Road / Pothole / Bridge,29.849,-95.532,3,0,2,15.067824074074077
A,Road / Pothole / Bridge,29.851,-95.525,3,1,0,6.822939814814815
K,Traffic Signals / Lighting,29.697,-95.409,3,1,0,0.7097453703703704
K,Water,29.574,-95.515,3,1,0,0.07001736111111105
K,Water,29.577,-95.514,3,0,0,0.1134027777777777
K,Traffic Signals / Lighting,29.667,-95.508,3,1,0,0.0252835648148148
C,Solid Waste / Recycling,29.785,-95.399,3,1,0,2.80349537037037
K,Water,29.629,-95.455,3,0,0,0.0361689814814814
K,Water,29.631,-95.423,3,0,0,0.9266435185185186
K,Water,29.632,-95.449,3,0,0,0.8113657407407407
K,Water,29.637,-95.45,3,0,1,0.1249768518518518
K,Water,29.638,-95.471,3,2,0,13.912858796296296
K,Water,29.582,-95.519,3,0,0,0.1120833333333333
K,Water,29.582,-95.453,3,0,0,0.7098032407407407
K,Water,29.585,-95.452,3,0,0,0.9067824074074076
K,Water,29.588,-95.518,3,0,1,0.1617824074074074
K,Water,29.589,-95.514,3,0,0,0.0794907407407407
K,Water,29.589,-95.484,3,1,0,4.1362094907407405
K,Water,29.59,-95.449,3,0,0,2.855046296296296
K,Water,29.591,-95.472,3,1,0,4.299866898148148
K,Water,29.593,-95.484,3,0,0,0.680162037037037
K,Water,29.599,-95.484,3,0,0,0.7109837962962963
K,Water,29.6,-95.482,3,1,1,12.658148148148149
+,Traffic Signals / Lighting,29.842,-95.604,3,2,0,0.8722106481481482
K,Water,29.647,-95.527,3,0,0,0.4370601851851852
K,Water,29.651,-95.514,3,0,0,0.6084259259259259
K,Water,29.651,-95.504,3,0,1,0.0572916666666666
K,Water,29.651,-95.487,3,0,1,0.5989583333333334
K,Water,29.653,-95.504,3,0,0,0.1704513888888889
K,Water,29.654,-95.564,3,0,0,0.8045601851851852
K,Water,29.654,-95.494,3,0,0,0.7935300925925926
K,Water,29.654,-95.492,3,0,1,0.0574189814814814
K,Water,29.685,-95.445,3,0,0,0.1242824074074074
K,Water,29.687,-95.402,3,0,0,0.185162037037037
K,Water,29.688,-95.422,3,0,0,0.1677893518518518
+,Traffic Signals / Lighting,29.661,-95.615,3,0,0,0.0054166666666666
+,Traffic Signals / Lighting,29.795,-95.49,3,1,0,2.8761863425925926
K,Water,29.602,-95.498,3,1,0,0.06258680555555556
K,Water,29.663,-95.501,3,0,0,1.8073148148148148
A,Road / Pothole / Bridge,29.782,-95.467,3,2,0,0.0094212962962962
A,Road / Pothole / Bridge,29.795,-95.464,3,1,0,1.869328703703704
K,Water,29.655,-95.483,3,0,0,0.7075694444444445
K,Water,29.656,-95.491,3,0,1,27.330480324074074
K,Water,29.656,-95.485,3,0,0,2.1901967592592597
K,Water,29.646,-95.527,3,1,0,1.5897685185185184
K,Water,29.641,-95.442,3,0,0,0.630011574074074
A,Road / Pothole / Bridge,29.806,-95.506,3,2,0,2.872476851851852
A,Road / Pothole / Bridge,29.807,-95.504,3,0,0,2.5498148148148148
A,Road / Pothole / Bridge,29.811,-95.501,3,0,0,3.008090277777778
A,Road / Pothole / Bridge,29.813,-95.617,3,1,0,2.9789062499999996
A,Road / Pothole / Bridge,29.813,-95.555,3,0,1,0.8574652777777778
A,Road / Pothole / Bridge,29.815,-95.646,3,0,0,4.600486111111112
A,Road / Pothole / Bridge,29.815,-95.555,3,0,0,1.9113425925925929
A,Road / Pothole / Bridge,29.819,-95.481,3,1,0,1.615925925925926
A,Road / Pothole / Bridge,29.825,-95.523,3,1,1,101.85185185185183
