{"type": "FeatureCollection", "crs": {"type": "name", "properties": {"name": "EPSG:4326"}}, "features": [{"type": "Feature", "id": 1, "geometry": {"type": "LineString", "coordinates": [[-95.38115883557214, 29.680662220011424], [-95.38125322555592, 29.680657700512715], [-95.38282226602021, 29.680631140893023], [-95.38353783629763, 29.68062041088654], [-95.38835099900757, 29.68053738041448], [-95.39322621087918, 29.680463549481594], [-95.39477533223102, 29.6804386098128], [-95.3953909928514, 29.680402359743486], [-95.39606569363912, 29.68033474917967], [-95.3966837435791, 29.680248339646077], [-95.39760834410481, 29.680096388886504], [-95.40283397577065, 29.67899385848632], [-95.40358805671308, 29.67884173834519], [-95.40432189712229, 29.67868289791699], [-95.40555389767465, 29.678422468070558], [-95.40647211844875, 29.678276298303995], [-95.4071267384894, 29.678198327513048], [-95.40777993872187, 29.67815021844541], [-95.40833652906377, 29.678116557994798], [-95.41229372061173, 29.677966907687207], [-95.42446833760762, 29.677519546249652], [-95.42510152774213, 29.677517307217105], [-95.42583087827789, 29.677510146437655], [-95.4263858672279, 29.6775385770899], [-95.42693050785527, 29.677583376356697], [-95.4273502593596, 29.67763204599287], [-95.42768461887344, 29.677660876214777], [-95.42800861977749, 29.67770607632357], [-95.42843495937979, 29.67777284627741], [-95.43120443101307, 29.678321536474527], [-95.43456180226815, 29.679090096500662], [-95.43595159282182, 29.67931609621684], [-95.43659698307086, 29.679383736725164], [-95.43711286395917, 29.679432066072028], [-95.43757085465346, 29.679454546919693], [-95.43860179555419, 29.679461856864616], [-95.44045471512929, 29.679428076801944], [-95.44229765690798, 29.67940228618603], [-95.44897264033948, 29.679296485471916], [-95.45392812247024, 29.679259104793864], [-95.45472298243709, 29.67925773597176], [-95.45525510341875, 29.679306744798385], [-95.45573737342241, 29.679395855191267], [-95.4561249142327, 29.679505564720802], [-95.45636956391617, 29.679606485094432], [-95.45667049294482, 29.679734555409713], [-95.4569510835571, 29.67988701482486], [-95.45720294410273, 29.680038455247786], [-95.45744506480699, 29.680234935009796], [-95.45766208397607, 29.680428185715556], [-95.45787253407343, 29.680615226129746], [-95.45811841423028, 29.68092319558333], [-95.45830056549192, 29.681175115787013], [-95.45849332487082, 29.681546915746097], [-95.45861608513539, 29.68185047656056], [-95.45871120461446, 29.682159026339832], [-95.45880903548512, 29.68270100630008], [-95.45885440500683, 29.68319323658925], [-95.4589263049986, 29.68457789747007], [-95.45899629584284, 29.688001598224506], [-95.4590286360648, 29.690373249205788], [-95.45910487679396, 29.69855476270311], [-95.45916905793337, 29.701123793141033], [-95.45918728789559, 29.70277578397181], [-95.45920849763621, 29.703344935319347], [-95.45921195764713, 29.70396025587718], [-95.45923758689692, 29.70462037470637], [-95.45929046788733, 29.70524451540322], [-95.45933554752017, 29.705575945854537], [-95.45939292772754, 29.705834525618886], [-95.45941693757413, 29.705986485685568], [-95.45960704853202, 29.706672155801662], [-95.45984943854344, 29.70763983660147], [-95.45998790796718, 29.708338836823277], [-95.46005503831589, 29.708951516522507], [-95.46009957876493, 29.70946168713778], [-95.46011283891451, 29.710491247739128], [-95.46015030846227, 29.71160552771963], [-95.4602028885963, 29.716591250440477], [-95.46023679994855, 29.71902998119802], [-95.46025075956133, 29.719902781731147], [-95.46028076967455, 29.720824191740633], [-95.46032877887663, 29.72294983282349], [-95.46036992934285, 29.725135133716364], [-95.46035397967225, 29.726284753510058], [-95.46035176940332, 29.727501114424875], [-95.46037753963232, 29.728902535123932], [-95.46037017007225, 29.729826136010207], [-95.46029494988349, 29.73056974575152], [-95.46021279047652, 29.731139555808216], [-95.46010166090225, 29.731653115978688], [-95.46004610023249, 29.73187704635077], [-95.45998458029862, 29.732125056327135], [-95.45983798072328, 29.732720156898313], [-95.45971820074315, 29.733374876718845], [-95.45957004041058, 29.734042166738217], [-95.45898885022922, 29.736467168414315], [-95.45877322021661, 29.737575359268202], [-95.45840592035574, 29.739290339567567], [-95.45811006068838, 29.741042450196357], [-95.45780757037039, 29.742399310576566], [-95.4576496797737, 29.743025881657967], [-95.45738632069235, 29.74394478148136], [-95.45692188020556, 29.745788882085225], [-95.45665975047648, 29.746821472453938], [-95.45637858991053, 29.747922402961407], [-95.45598702967257, 29.749750533589722], [-95.45580829903231, 29.750569594628793], [-95.45569170938656, 29.75130936498141], [-95.45563340998388, 29.751679244542434], [-95.4555957997507, 29.752105914465304], [-95.45557151037528, 29.75249740487777], [-95.45554716035062, 29.753138565191307], [-95.45556486976143, 29.754250025306966], [-95.45559042019495, 29.75544329632375], [-95.45561374064899, 29.756188076427556], [-95.45561213996747, 29.75671795657448], [-95.45560637990596, 29.757955956900428], [-95.45566365072825, 29.760551257969457], [-95.45566908026173, 29.761427888910937], [-95.45564991072303, 29.76183483891068], [-95.4556674009234, 29.762579420082496], [-95.45567674022227, 29.7631249796464], [-95.45572306060197, 29.76375338989527], [-95.45572283157225, 29.764363830160196], [-95.45579400101154, 29.765035750445534], [-95.45588702120398, 29.765915471303884], [-95.45592944123234, 29.766191360046776], [-95.45596170168844, 29.766498250374326], [-95.45599732083164, 29.76710589131616], [-95.45606310191783, 29.768878561001447], [-95.45608252165815, 29.769803482897448], [-95.45607900190754, 29.770242982671714], [-95.4560842321247, 29.77079903292929], [-95.45608306127927, 29.77124671307028], [-95.4560550721276, 29.772192443923302], [-95.45605132200967, 29.772985544059097], [-95.45590118225553, 29.775503174221623], [-95.45586235146324, 29.77619557510157], [-95.45581527179057, 29.776931024940975], [-95.45578630289903, 29.777282305421586], [-95.45571960185602, 29.77764306588083], [-95.45561931217615, 29.7779172556284], [-95.45552726198689, 29.778182495073096], [-95.45544613162552, 29.778436065054883], [-95.4553148220696, 29.778727065447555], [-95.45519959187963, 29.778970355832], [-95.45497807157709, 29.779369276252385], [-95.45465371157204, 29.779837896638735], [-95.45427864120097, 29.780310245721132], [-95.45394934205902, 29.780675337108175], [-95.45354840181727, 29.78112590681021], [-95.45316452115563, 29.78156474747157], [-95.4529216715312, 29.78186336726675], [-95.45274136106367, 29.782133837547637], [-95.45262721116134, 29.782310526778424], [-95.45246692044068, 29.78262401750154], [-95.45235849074324, 29.78286629759224], [-95.45223028114417, 29.783154027330653], [-95.45211236109098, 29.78348528748915], [-95.45203212034515, 29.783793198035497], [-95.45196971025173, 29.784089688239824], [-95.45191636026635, 29.784481298434482], [-95.45189409062253, 29.784953598808148], [-95.45189363046606, 29.785711329073493], [-95.4518665813066, 29.786518519544536], [-95.45191045110168, 29.788136690229837], [-95.4518687905746, 29.789288340532107], [-95.45181566174475, 29.78974438102839], [-95.45176668123975, 29.790112291046512], [-95.45171009097729, 29.790507511113837], [-95.45155080070246, 29.791202511126624], [-95.45096028118805, 29.793419442578625], [-95.45057192159946, 29.794997862951714], [-95.45008868105168, 29.796987473418017], [-95.44997904059831, 29.797568393330977], [-95.44982822077729, 29.798885084433774], [-95.44987217110074, 29.80025646549588], [-95.44986299161656, 29.800855524699852], [-95.44981480072111, 29.801270045464726], [-95.44975225086368, 29.801584144842835], [-95.44951775111677, 29.802508115841587], [-95.44928014137491, 29.802890857046233], [-95.44914346172052, 29.803056616497575], [-95.44898968050393, 29.803180126219093], [-95.448478981579, 29.803686256019983], [-95.44795430047668, 29.804083667273176], [-95.44723003026574, 29.80466537698699], [-95.44667666039683, 29.8051299167039], [-95.4457665793937, 29.806096437607035], [-95.44547850874586, 29.806385258204518], [-95.44514165019731, 29.80669026857447], [-95.44484147860233, 29.80696312788252], [-95.44447495902816, 29.80722634777312], [-95.4440950083852, 29.80747255859837], [-95.44369855825192, 29.807700238239843], [-95.44329034853419, 29.80790889851116], [-95.44291075891974, 29.808080667979343], [-95.44185416831958, 29.808531878703732], [-95.44165262758305, 29.808617949427276], [-95.44030261695026, 29.809194469850453], [-95.43454561470507, 29.81168215064551], [-95.43334343343278, 29.81216635162448], [-95.43245064319275, 29.812438791622924], [-95.43178628257202, 29.812576001246573], [-95.4311589532695, 29.812662511028595], [-95.43045545313821, 29.812711031471153], [-95.4293995814306, 29.81272099167028], [-95.41186862269251, 29.812837982440225], [-95.41103191299163, 29.81284966299386], [-95.40991974163651, 29.81286325225391], [-95.40129010670856, 29.812969383509998], [-95.39806975658956, 29.813020063865512], [-95.39724982578078, 29.813092023350485], [-95.39659999500233, 29.81319408388768], [-95.39636350469564, 29.813246444553744], [-95.39460295408854, 29.813707403679903], [-95.39426370382856, 29.813793634735163], [-95.39391756389765, 29.81385825440739], [-95.39364390450972, 29.81388849407058], [-95.39321414305387, 29.813923004158937], [-95.39229570278043, 29.81395917433086], [-95.39121149180421, 29.813961654791967], [-95.38632267943134, 29.814035144599927], [-95.38490855876746, 29.814049504545196], [-95.38191733735891, 29.814042306120665], [-95.37940591616872, 29.81406526502213], [-95.37689769559383, 29.814108735538575], [-95.3755510039565, 29.814081825811478], [-95.3734443129018, 29.813885686218015], [-95.37247770360857, 29.81379567587957], [-95.37076936192366, 29.813779146184842], [-95.36951040096866, 29.813813206666065], [-95.36618472902275, 29.813887136069514], [-95.36174167709248, 29.813964007159935], [-95.36027937671842, 29.81399047701247], [-95.35677545482287, 29.814023746903313], [-95.35611467367234, 29.814023556731787], [-95.35559361435925, 29.81398045716448], [-95.35513747321987, 29.813923737427434], [-95.35455498377883, 29.813822357221405], [-95.35400228351764, 29.813674056623366], [-95.35355838261394, 29.813553747216783], [-95.35303317286441, 29.81340643756567], [-95.35254539326193, 29.813244496594734], [-95.35211180197979, 29.81310055770829], [-95.35162402242695, 29.812938606974615], [-95.35120799261175, 29.812811306871332], [-95.350937001734, 29.812721337142765], [-95.35060188202141, 29.812629006506363], [-95.35015914135701, 29.812484726326144], [-95.34869505066554, 29.81201484665836], [-95.34727212922778, 29.811570866509722], [-95.34599166934221, 29.811171316636823], [-95.34231362682654, 29.80998780616463], [-95.34055991573979, 29.809435155816487], [-95.33980920517408, 29.8092074865564], [-95.33939360515215, 29.809072155779926], [-95.33893217526297, 29.808935146058687], [-95.3383816751637, 29.808784875420486], [-95.33753607430849, 29.80857967636524], [-95.3369631746722, 29.808470565730843], [-95.33659905403829, 29.808409156168068], [-95.33631738393845, 29.808350766165184], [-95.33599830372017, 29.808307026026522], [-95.33568799420215, 29.808271595558303], [-95.33518607337214, 29.808213106012], [-95.33484750244486, 29.80819264613106], [-95.33466428245785, 29.80818590640263], [-95.33425282185912, 29.808154756755833], [-95.3338039422246, 29.808138235598182], [-95.33318022179292, 29.808131286705997], [-95.33235343170094, 29.808148866059074], [-95.33161746185178, 29.808185796327855], [-95.33092340051611, 29.808262907061387], [-95.33017550028413, 29.80833186702829], [-95.32914298999613, 29.80849482687425], [-95.32758085889567, 29.808725386864804], [-95.32526210810738, 29.809040087105735], [-95.32375647816592, 29.80924066767592], [-95.32302888702596, 29.80929386725653], [-95.32221962656543, 29.80932803828162], [-95.32154854568881, 29.80935129788312], [-95.31711579413967, 29.80938666829993], [-95.31692359458735, 29.80938925753528], [-95.31552727297937, 29.809408097960144], [-95.30756600879836, 29.809515208619032], [-95.30716167846273, 29.809509128258057], [-95.3067503486649, 29.809481568913256], [-95.30634489881487, 29.809432079285823], [-95.30594522916346, 29.80936144831326], [-95.30554982875655, 29.8092682190149], [-95.30516171788095, 29.80915459864337], [-95.30478409666055, 29.809020658311706], [-95.30441540768327, 29.808865707953917], [-95.30405870700164, 29.808691879144725], [-95.30390314678988, 29.808607528033775], [-95.30207727600163, 29.807602407889757], [-95.30189476666907, 29.807502208364216], [-95.30173774588957, 29.807415988218242], [-95.29824083366958, 29.80552773759421], [-95.29776624400841, 29.80528603790815], [-95.29739767255224, 29.805128297654964], [-95.2969836931884, 29.80496087739691], [-95.29648766230406, 29.80478240779548], [-95.29603549275751, 29.804645577133357], [-95.29568034228754, 29.80454446733152], [-95.29521678231472, 29.804455577796343], [-95.29474742227039, 29.804387837532122], [-95.29427544235936, 29.804342047511575], [-95.29380083144636, 29.804317537624723], [-95.2934816806278, 29.804313957224707], [-95.28935444876312, 29.804342807628522], [-95.28509057708612, 29.804401528076685], [-95.2844281873062, 29.804393647470054], [-95.28412690647465, 29.80438188796041], [-95.28367487577842, 29.8043409580566], [-95.28335283688847, 29.804270387887726], [-95.28308913588009, 29.804220558591588], [-95.28275489582637, 29.80411208829738], [-95.28250191608271, 29.80403063829252], [-95.28209752609538, 29.803855508044133], [-95.2815925259664, 29.803576688194475], [-95.28061615475423, 29.802934758338083], [-95.27942813385121, 29.80214678796355], [-95.27924342414276, 29.802024317602758], [-95.27473021220734, 29.79903138668353], [-95.27422336052166, 29.798694487025877], [-95.27159815031165, 29.796949405784485], [-95.27087815848643, 29.796474355508355], [-95.27037111899368, 29.796059345037875], [-95.26994720884599, 29.795623255528287], [-95.2695997786231, 29.795221315657056], [-95.26940796835054, 29.794878445610983], [-95.26917460790284, 29.794439714730267], [-95.26856448770165, 29.79315707389882], [-95.26790575692665, 29.791769154479326], [-95.26745738627001, 29.79082421353407], [-95.26716857649876, 29.790165133387127], [-95.26684667556498, 29.789432793227906], [-95.26488991429699, 29.78462158113422], [-95.26391824464827, 29.782150050052905], [-95.26368939351202, 29.78152997955027], [-95.26357426395322, 29.78104389010658], [-95.26350371363867, 29.78067740007804], [-95.26344364484032, 29.780296599419675], [-95.26340059357027, 29.77990576947812], [-95.26338083431156, 29.779493449570875], [-95.263382883445, 29.77919445896449], [-95.26340740334145, 29.778792049265437], [-95.26344780365933, 29.77850862865624], [-95.26352227364461, 29.778089119066998], [-95.26365984317708, 29.777436738364425], [-95.26404216418287, 29.77562369702712], [-95.26427393420728, 29.77451504714626], [-95.26516548321027, 29.770213655898097], [-95.26530605315187, 29.769546005117466], [-95.26540449316022, 29.768780734817113], [-95.265464924464, 29.76785786418164], [-95.26548156353032, 29.767131723788598], [-95.26546932397979, 29.766651223707775], [-95.2653431028862, 29.763956903395083], [-95.26529699359843, 29.761938711736654], [-95.26521498225209, 29.758677930947073], [-95.26500344233744, 29.750265537217018], [-95.26492488161794, 29.748266096076573], [-95.26484485171736, 29.746229195103304], [-95.26483698144894, 29.74602890584035], [-95.26482255187564, 29.74311308436147], [-95.26487071084745, 29.741893973282643], [-95.26499050120056, 29.74063557318205], [-95.26525663108362, 29.73883909248308], [-95.26533768071083, 29.738121811945376], [-95.26557622185221, 29.73656906170273], [-95.2664165609864, 29.730464809178443], [-95.26654872076591, 29.729329197892383], [-95.26657087014914, 29.7288987780885], [-95.2666358204999, 29.727951518055256], [-95.26660162129781, 29.727102447758536], [-95.26644299041556, 29.725919777077564], [-95.26619310995105, 29.724053286735515], [-95.26609290966238, 29.7229503458096], [-95.2660675703291, 29.721780705538755], [-95.26609450063812, 29.720453814467124], [-95.26610746956115, 29.71981466423247], [-95.2661210497416, 29.718517794286356], [-95.26613906947294, 29.717552063192365], [-95.26616789018902, 29.714470632685504], [-95.26618636948173, 29.71303088221496], [-95.26621830893635, 29.712379731908175], [-95.26629577854972, 29.711653631033897], [-95.26636920923518, 29.711329131419735], [-95.26648049908253, 29.710977160829362], [-95.26665832907472, 29.710560820879525], [-95.26673801934986, 29.710391541227473], [-95.2668039702668, 29.7102330711663], [-95.26703502987947, 29.709910580960024], [-95.26720346950052, 29.70968756971734], [-95.2673883088303, 29.709503430816515], [-95.26764417925435, 29.709288730598846], [-95.2678119990004, 29.709160820157372], [-95.26800988950825, 29.70902387009895], [-95.26831709951223, 29.708836940187116], [-95.2690765001485, 29.708440699746856], [-95.27074245115494, 29.707558529359723], [-95.2714735608936, 29.707167178557768], [-95.27207228206666, 29.706799839026104], [-95.27405024228341, 29.70536749793799], [-95.27714905438603, 29.703064157530342], [-95.277997724575, 29.70243330625331], [-95.27949690517002, 29.701326875871942], [-95.27991268573324, 29.70102001643977], [-95.28260796626287, 29.69944547487949], [-95.28364691671385, 29.698892755287222], [-95.28500365775486, 29.69833729449374], [-95.2857458280111, 29.69807173459994], [-95.28733022801595, 29.69763798463464], [-95.28773641934256, 29.697526783496382], [-95.28865578922115, 29.697275083897395], [-95.28878965897347, 29.697238434318695], [-95.29185141072897, 29.696378943482745], [-95.29316998174974, 29.695952123350647], [-95.29435957246696, 29.6956512425184], [-95.29516869218781, 29.69549337271776], [-95.29592127309395, 29.695409343010258], [-95.29667827328731, 29.69542908296071], [-95.29809283380808, 29.695540243004263], [-95.30035790602973, 29.695786252416656], [-95.30064897546318, 29.695810222945866], [-95.30382433644984, 29.696182451950556], [-95.30975094964099, 29.69695569236166], [-95.31077240027106, 29.69708271263286], [-95.31176323053622, 29.69711086242843], [-95.31296562188828, 29.697047662186236], [-95.31412956179473, 29.696878232400458], [-95.31516913297374, 29.696612571451638], [-95.31618550359129, 29.69625801142876], [-95.31721566444, 29.69580791088087], [-95.31944570479942, 29.69480992015534], [-95.32221747625366, 29.693512520226903], [-95.3237943777004, 29.692771779703126], [-95.32592868791372, 29.691769129241464], [-95.33200414072577, 29.68889559729004], [-95.33432139224627, 29.687808186932337], [-95.33560677177213, 29.68725450629325], [-95.33683751240046, 29.686844926680585], [-95.34092749512571, 29.68563524531768], [-95.34494149636477, 29.684412884225434], [-95.34916889900732, 29.68314554437377], [-95.35031327045111, 29.682733933278527], [-95.35161761020379, 29.68216521300199], [-95.35234477002885, 29.68184815349627], [-95.35354806154838, 29.681412133044347], [-95.3546822912313, 29.68107760311029], [-95.3559143523646, 29.680806442278072], [-95.35741004383222, 29.680577422143333], [-95.35879881377961, 29.680476281753354], [-95.36014268442463, 29.680465182628662], [-95.36148212505141, 29.68051858118415], [-95.363052665231, 29.68064013148167], [-95.36385118668987, 29.680697042213524], [-95.3662309177363, 29.680866601044645], [-95.36656473815461, 29.68089047190941], [-95.3672158677828, 29.680902641411535], [-95.37389695142261, 29.68081347114044], [-95.37880998388886, 29.680711191550998], [-95.38000224433122, 29.680686341444797], [-95.38114218308404, 29.68066256788489]]}, "properties": {"OBJECTID": 1, "Road_Category": "Interstate", "Shield_Category": "Interstate", "Route_No": "610", "Route_Name": "IH 610", "Tollway_Owner": null, "Shape.STLength()": 200627.66852404102}}, {"type": "Feature", "id": 2, "geometry": {"type": "LineString", "coordinates": [[-95.4715451002435, 30.314948683160654], [-95.47231020080706, 30.31723401442274], [-95.47440314197276, 30.32354766670666], [-95.47481169162698, 30.324680406540157], [-95.47511698287592, 30.3254631369551], [-95.47640675270739, 30.32883396874125], [-95.47692046406523, 30.33020317899725], [-95.47819155501651, 30.333563249519234], [-95.47938040586958, 30.336672140926368], [-95.47982803646265, 30.337810082112895], [-95.480294246442, 30.33905585222387], [-95.48069479676948, 30.340119032525486], [-95.4815264169859, 30.342260332521597], [-95.48230054767417, 30.344363584145743], [-95.48270443744218, 30.34540176391039], [-95.48308888884988, 30.346509384825215], [-95.48328325815143, 30.347189515853533], [-95.48347349911246, 30.347990295416608], [-95.4836050395849, 30.348572615799593], [-95.48371095897531, 30.349158855571645], [-95.48379291990244, 30.349747686456038], [-95.48384772930825, 30.350338996342725], [-95.48391597987005, 30.351183066788572], [-95.48411630925315, 30.353713638011833], [-95.4843212796557, 30.35638785879149], [-95.48474173083503, 30.361756471300765], [-95.48486766052666, 30.36353508172786], [-95.48513387104163, 30.366967243099996], [-95.48571985259534, 30.37539900689248], [-95.48586778325667, 30.377347856918718], [-95.48601796270607, 30.38167277858183], [-95.48611295414057, 30.38472698009808], [-95.48635135455002, 30.391252632819814], [-95.48634739359217, 30.39133539289556], [-95.48668890551203, 30.401617727447892], [-95.48682605515154, 30.40282879707843], [-95.48696409563178, 30.403883167798604], [-95.48725496686941, 30.40558567820166], [-95.48778789699317, 30.40760352914764], [-95.48838724746724, 30.409544550262055], [-95.48898953774305, 30.41154505057991], [-95.49005332826471, 30.415021522281286], [-95.49189614083905, 30.421053934698254], [-95.49301470142775, 30.42468932574013], [-95.49366049153292, 30.426787956908896], [-95.49424958186545, 30.42871625698509], [-95.49475065184325, 30.430795738219818], [-95.49498423364857, 30.432024228947753], [-95.49513899283103, 30.433207849090966], [-95.4952324134167, 30.434319179809226], [-95.4952834423648, 30.435349590265258], [-95.49531027370486, 30.436236229878965], [-95.49542058472798, 30.440327161914034], [-95.4956233838184, 30.448280814987317], [-95.49568534491091, 30.450506875334263], [-95.49575766481168, 30.453441377130854], [-95.49578414528666, 30.455980397946927], [-95.49586412596082, 30.457722418357175], [-95.49589825562207, 30.459406719943512], [-95.49597341648662, 30.462335600673843], [-95.49601933630036, 30.46356425114908], [-95.49608593642475, 30.46467998210057], [-95.49636293751632, 30.467292402971665], [-95.4964492974142, 30.468492873302313], [-95.4964743667969, 30.469052873455585], [-95.49647594691312, 30.46962690405813], [-95.4964646271707, 30.470596314308217], [-95.49641527696053, 30.471485383797628], [-95.49638424704908, 30.47193606473181], [-95.49629248661937, 30.472920754983168], [-95.49614083790642, 30.47397323574116], [-95.49607298734982, 30.47437983620797], [-95.49545194699304, 30.47816072747213], [-95.49464415727897, 30.483673989595648], [-95.49381856766041, 30.489077782244866], [-95.49280331818942, 30.495716814327892], [-95.4923138073814, 30.498830555976888], [-95.49219912796005, 30.499593666471867], [-95.49209226822106, 30.50039967651946], [-95.49188674825567, 30.501834856548584], [-95.49183382780895, 30.502420646892176], [-95.49177246848876, 30.503035617102288], [-95.49165274774741, 30.50454618871227], [-95.49140396791127, 30.50888891986079], [-95.49139330838977, 30.50937617008683], [-95.49133940823074, 30.510558720368337], [-95.49105413847661, 30.5159366922082], [-95.49100257796837, 30.516563713021483], [-95.49098018923138, 30.516972613593737], [-95.49095632860204, 30.517440624156798], [-95.49095377882998, 30.517903613554086], [-95.49097869894139, 30.51867844342659], [-95.49106257963753, 30.519650334986597], [-95.491166188802, 30.520203434764426], [-95.4912603288409, 30.520667593895976], [-95.49158816983785, 30.522081044363574], [-95.49225443019513, 30.524769846454763], [-95.49321776033024, 30.528805947409676], [-95.49479033286141, 30.53524302033208], [-95.49503406254146, 30.536268390716465], [-95.49575224419335, 30.539189382142062], [-95.49764787546684, 30.547072555044178], [-95.49773596542671, 30.547486444577846], [-95.49780517509264, 30.54777077581511], [-95.49826772531013, 30.54960158578831], [-95.4987268463525, 30.55152634589974], [-95.49929560610329, 30.553791437495605], [-95.49970674657231, 30.55550879831615], [-95.50011503800127, 30.5571455180276], [-95.50052638740897, 30.5587695990218], [-95.5012369081945, 30.5617962507726], [-95.50155916908577, 30.563255690566436], [-95.5016330691469, 30.56360773194539], [-95.50171756844486, 30.563940581422344], [-95.50192929938383, 30.564727991591134], [-95.5020762193403, 30.56524475135736], [-95.5021529997327, 30.565601402638283], [-95.50226662890299, 30.566417192134622], [-95.50232528982461, 30.566955992383296], [-95.50243422945883, 30.567892192471664], [-95.5025036799937, 30.56866113261703], [-95.5025792596699, 30.569673933031577], [-95.50268760088247, 30.570738664018705], [-95.50277032961078, 30.571905783765256], [-95.50280833094322, 30.572398244685044], [-95.50285544947623, 30.572940135070095], [-95.50303442046778, 30.57469274572616], [-95.50315310090618, 30.57618359652744], [-95.50354686073116, 30.580163308101216], [-95.50363809104047, 30.581414487601805], [-95.50373849151084, 30.582573858245507], [-95.50391845188165, 30.58461129911428], [-95.50399382280195, 30.58538029940444], [-95.50414030265328, 30.58720715089165], [-95.50421490202085, 30.587988711124822], [-95.50436589254265, 30.589943301719682], [-95.50460122322099, 30.592292632734743], [-95.50474678336963, 30.593716652760477], [-95.50489225358164, 30.595412392960036], [-95.50494494308417, 30.596042414280493], [-95.50513900337987, 30.597887694739146], [-95.50519594414995, 30.598530425040696], [-95.50524132499031, 30.599109945209523], [-95.50565907472847, 30.60381916663804], [-95.50577014548584, 30.605288697854068], [-95.50621697534869, 30.610183309086988], [-95.50637057587568, 30.61203152116725], [-95.50689063651932, 30.61779530315275], [-95.50709963672597, 30.619942622691326], [-95.50723608705383, 30.621367084288593], [-95.50732093803163, 30.62253383382529], [-95.50752743765914, 30.62464800512195], [-95.50758133809194, 30.625252935463916], [-95.50829169899214, 30.633222178686534], [-95.5089176294349, 30.64054889199725], [-95.50901052050479, 30.641527102011118], [-95.50931299079433, 30.644870853004864], [-95.5095194711544, 30.647405674403615], [-95.51011531111263, 30.65395808720816], [-95.51034218221785, 30.656625748506084], [-95.5104096424666, 30.657328048796884], [-95.51049029207452, 30.657884898202838], [-95.51055213260304, 30.65827372864253], [-95.51066052263302, 30.658808468946784], [-95.51079503363067, 30.659355668652147], [-95.5109695430815, 30.659904268962986], [-95.5111930428875, 30.66054692981808], [-95.5113905128545, 30.661032858991657], [-95.51158375285016, 30.66146669935041], [-95.51205447422267, 30.662389269577243], [-95.51270406417609, 30.66358928074972], [-95.51389922540841, 30.66574999181834], [-95.51789655778236, 30.672953904427494], [-95.51843780780435, 30.673930144224215], [-95.5188782384217, 30.674626564265733], [-95.51922088784153, 30.675119114501534], [-95.51956614822214, 30.675494454780015], [-95.51989925915333, 30.675869284752288], [-95.52034791962829, 30.676319645145632], [-95.52096621983398, 30.676853735420153], [-95.52148019036163, 30.677249925496145], [-95.52205514970429, 30.677630545439047], [-95.52246564997961, 30.67788687549485], [-95.52373949135352, 30.67872757538015], [-95.52477598198116, 30.67937926629124], [-95.52552765266117, 30.6798518554949], [-95.52638425337545, 30.68036582628411], [-95.52716878287788, 30.680821946500533], [-95.52730511359347, 30.68090120627858], [-95.5286114337165, 30.68155436629365], [-95.52996840478478, 30.682197216260324], [-95.5304471653129, 30.682435466454695], [-95.5390699195057, 30.686629928325328], [-95.54102557108631, 30.68759423882469], [-95.54189022115946, 30.68800924820816], [-95.54457339349693, 30.689337769023005], [-95.54639990373411, 30.690222809250898], [-95.54836843479973, 30.691198939162522], [-95.54939558490352, 30.691694219789234], [-95.55020348654266, 30.6921127885247], [-95.55082713675412, 30.69250287917238], [-95.5513002763584, 30.69283390956163], [-95.55185487693966, 30.693267119072008], [-95.5523429174486, 30.693689739891276], [-95.55298795742307, 30.6943413299307], [-95.55346544798677, 30.694887759652584], [-95.55369606850418, 30.695181380410226], [-95.55398940770277, 30.69556825027798], [-95.55502108900363, 30.696927470784512], [-95.55814384134965, 30.700994262960073], [-95.55911347160848, 30.702290393046347], [-95.55965280194188, 30.703054183542], [-95.5607018224739, 30.704601413050028], [-95.5611713534583, 30.705321384537797], [-95.5622423639465, 30.70689012442753], [-95.56355007420991, 30.70884264519267], [-95.56609366654084, 30.71261885688421], [-95.56981969932181, 30.718157138980228], [-95.56984617931357, 30.718190826206808]]}, "properties": {"OBJECTID": 2, "Road_Category": "Interstate", "Shield_Category": "Interstate", "Route_No": "45", "Route_Name": "IH 45", "Tollway_Owner": null, "Shape.STLength()": 156080.19977032757}}, {"type": "Feature", "id": 3, "geometry": {"type": "LineString", "coordinates": [[-94.64085177396721, 29.786833564365665], [-94.64049981322876, 29.787088024204284], [-94.64012745309118, 29.787311714801195], [-94.63988269341839, 29.787450704468654], [-94.63960911325651, 29.78758470487727], [-94.63923117320083, 29.787739545097935], [-94.63888008310586, 29.78786578533896], [-94.6383634327284, 29.788013084582715], [-94.63777382191616, 29.788132434599333], [-94.63742572142499, 29.788174085373935], [-94.63677253237051, 29.788203614905832], [-94.63388147042976, 29.788322095538152], [-94.6291245377662, 29.78849914540102], [-94.62134828406995, 29.78878818610528], [-94.6122602487844, 29.789121046546637], [-94.593066459345, 29.78940164821322], [-94.57631720043359, 29.789604710217215], [-94.57334908909466, 29.78965063010855], [-94.55544674008252, 29.790011041187554], [-94.53489538944191, 29.790421672728332], [-94.52153746227093, 29.790672423787782], [-94.49886170061603, 29.7909554160696], [-94.49829376086684, 29.790962455537187], [-94.48279839342267, 29.791156016989405], [-94.47302749759731, 29.79126333761133], [-94.47267825696505, 29.791268786991417], [-94.46386069206865, 29.79139403808878], [-94.43628028803735, 29.79169050030631], [-94.43534370795273, 29.791716369734008], [-94.43502762702373, 29.79174368981943], [-94.43470682712706, 29.791791249692345], [-94.43406810755847, 29.79193273048577], [-94.43309384657299, 29.792226900008995], [-94.43257644668877, 29.79235851117867], [-94.43187736645986, 29.79246922094701], [-94.4311462550016, 29.79251969163567], [-94.4157809073848, 29.79266154206582], [-94.4097540853464, 29.79269399187542], [-94.39567864717924, 29.792808713513317], [-94.3909213155468, 29.792859694008378], [-94.38600579269385, 29.792888753584588], [-94.3831699505464, 29.792874614839985], [-94.38306167130024, 29.7928740736397]]}, "properties": {"OBJECTID": 3, "Road_Category": "State", "Shield_Category": "State", "Route_No": "65", "Route_Name": "SH 65", "Tollway_Owner": null, "Shape.STLength()": 81943.60070849223}}, {"type": "Feature", "id": 4, "geometry": {"type": "LineString", "coordinates": [[-95.88960425823844, 29.0180098446324], [-95.8925037295166, 29.015369112917075], [-95.89328104929626, 29.01464317310758], [-95.8934390397443, 29.014473422807306], [-95.89367653029231, 29.014257323140782], [-95.89447014005938, 29.013475353427168], [-95.89592646077998, 29.012100042338325], [-95.90405161450019, 29.00471516829341], [-95.90467286401825, 29.00418439832085], [-95.90552617448547, 29.003536858015618], [-95.90603937496306, 29.003181927313722], [-95.90666043547527, 29.002791448091113], [-95.92123068253154, 28.99419767246526], [-95.92214425302794, 28.993644863153467], [-95.9233914932979, 28.992921721882972], [-95.92467258365606, 28.992157921944163], [-95.92543783378352, 28.991675721111537], [-95.92641877384898, 28.991029511278967], [-95.92751224537854, 28.990359121631833], [-95.93114121668445, 28.988208579825663], [-95.9317520068695, 28.987861939971086], [-95.93769082944495, 28.98436185722869], [-95.93935105004215, 28.983367817632814], [-95.9395664201707, 28.98323755689679], [-95.93992561161937, 28.98305822720624], [-95.94012194063305, 28.982970446807684], [-95.94065217177751, 28.982796637652225], [-95.94096128198025, 28.982717876680734], [-95.94133737094818, 28.982646647433853], [-95.94164774172107, 28.982610956913902], [-95.94205907188763, 28.982598176891035], [-95.94247382280653, 28.98260188629341], [-95.94345807282527, 28.982668286569485], [-95.95310849815532, 28.983438996238014], [-95.95331440727806, 28.983437826902165], [-95.95443684862735, 28.98343146638708], [-95.95614051876626, 28.983388876155708], [-95.96832839478823, 28.983032855353386], [-95.97006769606976, 28.982992714560165], [-95.97130999657729, 28.982965675195594], [-95.97790366980715, 28.982769305196854], [-95.98215375199294, 28.98264924383775], [-95.98286801249198, 28.982627524185908], [-95.98403189302935, 28.982553344519086], [-95.98467916354274, 28.98251834336957], [-95.98556263330194, 28.982478103781105], [-95.98617098443844, 28.982452094388268], [-95.98658186455984, 28.98243901407228], [-95.98688651397785, 28.982434193835907], [-95.98717759474953, 28.982437654145745], [-95.98750086464487, 28.982462523519903], [-95.98792293534368, 28.982499263989354], [-95.98854530626447, 28.98257213364976], [-95.99259521833815, 28.98307015427866], [-95.99355630830804, 28.983196783491657], [-95.99418539822092, 28.98326920439718], [-95.99508428874, 28.98337930359024], [-95.99616459872101, 28.983503903183003], [-95.99807692031452, 28.983747534140086], [-96.00006283091932, 28.98403731401223], [-96.00107382211503, 28.984135484293187], [-96.00351673320856, 28.984423683877274], [-96.00900604616054, 28.985105113298047], [-96.00993952664885, 28.98516344417916], [-96.01066886745352, 28.985157873623272], [-96.01104652696576, 28.98513933302341], [-96.01139957684475, 28.985087912963703], [-96.0117551977848, 28.985020923256336], [-96.01226243721852, 28.984900043213084], [-96.01281596784958, 28.984735903194014], [-96.01340963780719, 28.984520432988674], [-96.013880978749, 28.98433156262712], [-96.01426401885523, 28.984131223170223], [-96.01510505928503, 28.983585472619822], [-96.01555543967987, 28.98328257314754], [-96.01606104023212, 28.982968762694718], [-96.0184497499776, 28.98139450148151], [-96.02041912096102, 28.980101920399335], [-96.0227362632074, 28.978574420487522], [-96.02549061360644, 28.976767279771042], [-96.02629761365212, 28.976237778280417], [-96.0286378350884, 28.97469871826921], [-96.02922203575254, 28.97432583870435], [-96.03091761554082, 28.9732025974055], [-96.03238115697127, 28.972234147066114], [-96.03661119957657, 28.969441085550116], [-96.03677633956372, 28.969332615397494], [-96.03786799919773, 28.968615504795952], [-96.04088145007812, 28.966649513996767], [-96.04437149204415, 28.9643577631174], [-96.04448892250255, 28.964280652954475], [-96.04463619221087, 28.964183952673235], [-96.0469050137078, 28.962686721867968], [-96.04796299411956, 28.961984682267513], [-96.04819858364714, 28.961826751248587], [-96.04878838405713, 28.96145481120355], [-96.05011654436575, 28.960580150873138], [-96.05183853549292, 28.959440750005534], [-96.05242480548654, 28.959067100396823], [-96.05377324581742, 28.958157039828702], [-96.05554098754952, 28.956992929421293], [-96.05564524738438, 28.956924259144838], [-96.05575536738993, 28.956851748795287], [-96.05764409755606, 28.95560787871611], [-96.05810331836835, 28.95531995831197], [-96.05924676907462, 28.954581148623976], [-96.06064683934136, 28.953673047501393], [-96.06183633946465, 28.952910196392132], [-96.06243904048276, 28.952518456365997], [-96.06333362062283, 28.951938576211624], [-96.063757261563, 28.95168443707574], [-96.06420263207788, 28.951410636116663], [-96.06506853189818, 28.950853576099135], [-96.06581823230492, 28.950359485922974], [-96.06652055238376, 28.94989659531568], [-96.06734796291015, 28.94935125520787], [-96.07537271537946, 28.944061653042887], [-96.08386974053158, 28.938472609071603], [-96.10015846765874, 28.927787753989033], [-96.10548989984656, 28.92427593192541], [-96.12529831881155, 28.911259005903222], [-96.13555106334232, 28.904516142566152], [-96.14128248635652, 28.900770470445856], [-96.14602484800959, 28.89763136827393], [-96.14645298867232, 28.89736530924497], [-96.14680945851215, 28.897143778484526], [-96.14724205819299, 28.89691018776554], [-96.14769334907916, 28.896699828582378], [-96.14843918027535, 28.89641082807017], [-96.14902852011336, 28.89621865782767], [-96.14976120013671, 28.895988078465933], [-96.15257335127733, 28.89510582712036], [-96.15857207419893, 28.893244376841416], [-96.16030968593658, 28.89270510586685], [-96.17386627214833, 28.888508513458678], [-96.17388129195407, 28.888504593389225], [-96.17422612236092, 28.88841466354495], [-96.17721347385617, 28.887522582178686], [-96.17998918505674, 28.88665858194477], [-96.1820965754264, 28.886018722210792], [-96.18485887701543, 28.885136920811412], [-96.1871200184406, 28.884440021210064], [-96.18778264794477, 28.88423105073766]]}, "properties": {"OBJECTID": 4, "Road_Category": "State", "Shield_Category": "State", "Route_No": "35", "Route_Name": "SH 35", "Tollway_Owner": null, "Shape.STLength()": 111379.26341964139}}, {"type": "Feature", "id": 5, "geometry": {"type": "LineString", "coordinates": [[-95.24686782108968, 29.398441644192733], [-95.24803323191199, 29.396538723238585], [-95.24819601216186, 29.396301032293668], [-95.24830281249449, 29.396145062120038], [-95.24862511204044, 29.395617321928423], [-95.2516040328155, 29.390668030277816], [-95.25264022409684, 29.388989268933194], [-95.25267693383519, 29.38885295920857], [-95.25270802454006, 29.388754359333653], [-95.25300408401829, 29.38835836947168], [-95.2535261937776, 29.387454078447508], [-95.25384642442833, 29.38695684877771], [-95.25624274489651, 29.3829930369419], [-95.26026800761547, 29.376287903341506], [-95.28075180459325, 29.342293498309857], [-95.28199656478183, 29.34023099645308], [-95.28308087476877, 29.33841017692654], [-95.28776235694497, 29.33065737284361], [-95.28987994787431, 29.327118440982087], [-95.2907532381634, 29.325694220803854], [-95.2913483787021, 29.324846330892118], [-95.29187074834259, 29.324180150209198], [-95.29294144906603, 29.322989648858474], [-95.30204912291465, 29.31312848504762], [-95.30252920386253, 29.312627664379296], [-95.30488220413909, 29.31006267319816], [-95.31143327645633, 29.302995919854485], [-95.31307914809152, 29.301193309338863], [-95.32718149398353, 29.28595366160658], [-95.33174683563773, 29.28099050015378], [-95.3322315358788, 29.28048300980067], [-95.34225316973192, 29.269633424234453], [-95.34299363009139, 29.268818183868476], [-95.3437754404543, 29.267891023073293], [-95.35648701625419, 29.25175398617904], [-95.35955100659747, 29.247887374331594], [-95.3597797571161, 29.247600964222677], [-95.3615338979372, 29.245356192534658], [-95.37597922270187, 29.22701902435571], [-95.3919258607763, 29.20678220474536], [-95.39471571152852, 29.203262243470373], [-95.39495779128083, 29.202954323264166], [-95.40411520479013, 29.191304107342678], [-95.4046247852814, 29.190602177351302], [-95.40541638593555, 29.189406016123073], [-95.41928396125087, 29.168086527186684], [-95.41970709040919, 29.167474087015222], [-95.41988448028783, 29.167265637268745], [-95.4200739810306, 29.167073836414506], [-95.42037166176026, 29.166818286550857], [-95.42074734138725, 29.166550676694808], [-95.42300713248973, 29.165085275405378], [-95.42331075320716, 29.164932355070558], [-95.42359858306634, 29.16481295550564], [-95.42412477275035, 29.16466983571903], [-95.42460184305962, 29.164613275064827], [-95.42497832354262, 29.164598245341907], [-95.42891979585322, 29.16452864441033], [-95.42924213563701, 29.164534674903546], [-95.42974096561014, 29.16459757464934], [-95.43008006600647, 29.164596525179167], [-95.43174956719186, 29.16451561456669], [-95.43333626731906, 29.164440475278305], [-95.4344676090905, 29.164378154343872], [-95.435015029012, 29.164331054378298], [-95.43548139929926, 29.16426660443849], [-95.43673882911537, 29.164034834398656], [-95.43718978987003, 29.163978164221543], [-95.43775698978847, 29.163943534575015], [-95.44018240092602, 29.163919073895386], [-95.4411700919361, 29.163894554395064], [-95.44234179261517, 29.16389781352884], [-95.44351880240184, 29.1638766736616], [-95.45067130678426, 29.16382081320459], [-95.451249536934, 29.16379568328414], [-95.45238229703705, 29.163694072821624], [-95.45301041699042, 29.16359479331688], [-95.45310608753311, 29.163573872985143], [-95.45400808895714, 29.163356402056614], [-95.4603600320769, 29.161790811834365], [-95.46361544261742, 29.16096493139372], [-95.46934859473836, 29.159505830172645], [-95.47045724631984, 29.159211420277284], [-95.47110834671616, 29.15910349998438], [-95.47176622697945, 29.158995829257332], [-95.47251153725715, 29.15890920000631], [-95.47465558800057, 29.15872359973525], [-95.48107036142119, 29.158100268995245], [-95.48734026540927, 29.1575191983511], [-95.49126729666641, 29.15715839807155], [-95.49171164676817, 29.15710864777155], [-95.49247160777036, 29.156998547875833], [-95.49333075775832, 29.156802458411583], [-95.4939039481771, 29.156614036804832], [-95.49445841746834, 29.156389136867105], [-95.49512538902886, 29.156084687434813], [-95.49906763035175, 29.153927446344007], [-95.50363836194806, 29.151410514718744], [-95.5042865520413, 29.15106952482106], [-95.50484831332153, 29.1508328942727], [-95.50543612319447, 29.150621074153538], [-95.50678602426774, 29.150251393437788], [-95.50865289487368, 29.149659593562614], [-95.5127223671731, 29.14852474348909], [-95.51463573839126, 29.14792063271248], [-95.5160815688447, 29.1474902226768], [-95.51999928039521, 29.146386231353603], [-95.52104955092068, 29.146150891651864], [-95.52165600093609, 29.146083302042758], [-95.52242896140622, 29.14603212086337], [-95.52333691281733, 29.146032941399113], [-95.5303058753348, 29.14608116063403], [-95.53457556783911, 29.14611200043901], [-95.53927527945616, 29.146404390135956], [-95.53991986029757, 29.146416730749984], [-95.5405720903045, 29.146392629640168], [-95.54131166071303, 29.146287709936274], [-95.54228935137849, 29.146070599915404], [-95.54954168550695, 29.14436000952021], [-95.5541582679629, 29.143212618139483], [-95.5563071285428, 29.142749978083327], [-95.55746143842917, 29.142539478212147], [-95.55876169025075, 29.14235563723931], [-95.55958976040637, 29.142305877771324], [-95.56039138139894, 29.142298247250306], [-95.56178693164352, 29.142354607041035], [-95.56801891419536, 29.142674556437363], [-95.56910329538843, 29.14274142716002], [-95.56961855537367, 29.142738016868556], [-95.57017560562636, 29.142714537253802], [-95.5706856466088, 29.14264634712692], [-95.57117314628013, 29.142534286431168], [-95.57226694609778, 29.142219656590047], [-95.5729978667661, 29.142040836626553], [-95.57402314785132, 29.141825166064166], [-95.57609452891106, 29.141472645267353], [-95.57815310934909, 29.14111546585957], [-95.5793313107458, 29.140954655267212], [-95.58072509155204, 29.14077573533982], [-95.58171482129555, 29.140684606028703], [-95.58327775293023, 29.14059783496141], [-95.58952543523198, 29.140339584474546], [-95.59542651870174, 29.14006684471636], [-95.59594539933735, 29.140043113469773], [-95.59649747820829, 29.14003849423223], [-95.59687872927279, 29.140067233917918], [-95.59721101909545, 29.140115563442325], [-95.59768620955235, 29.140174123775683], [-95.59811823001283, 29.140262643967166], [-95.59852497052563, 29.140381733922723], [-95.59900115053772, 29.140550443560187], [-95.59948853031422, 29.140735273789613], [-95.6003171506652, 29.141146964193265], [-95.6022452519005, 29.142201254118223], [-95.60597514456947, 29.14430210566629], [-95.60690756429366, 29.144817065898568], [-95.60750997557156, 29.14510654593792], [-95.60806461460422, 29.145347205447145], [-95.60854975572228, 29.14548787571709], [-95.60903287520658, 29.145635805601216], [-95.60952959579042, 29.14574751550083], [-95.61015940645298, 29.145821905863748], [-95.61066681627564, 29.14582910551998], [-95.61115681641499, 29.145825205522907], [-95.61157618743269, 29.14579786515298], [-95.61194856665614, 29.145753155937086], [-95.61251556713249, 29.14563132486188], [-95.61289077752465, 29.145523785774547], [-95.61362761755177, 29.145277874545247], [-95.61785549006842, 29.14352040437951], [-95.61818941043394, 29.143400924425563], [-95.61885489057329, 29.143214323542974], [-95.61933170080349, 29.143105053640895], [-95.6199108508001, 29.1429783735579], [-95.62072163115322, 29.1428807131691], [-95.62137978177894, 29.14285639389901], [-95.62325290333177, 29.142911013027224], [-95.62595955336114, 29.143026013118103], [-95.62847222523368, 29.143071302461184], [-95.63072797735998, 29.143118103393054], [-95.63133605738841, 29.143144442641766], [-95.63548998936632, 29.14322028255578], [-95.64096251222563, 29.143429102987618], [-95.64300427323352, 29.143485692201878], [-95.6437128032216, 29.143536422664262], [-95.64409764377804, 29.143612662562777], [-95.64798915603528, 29.14461241290212], [-95.65566236937227, 29.146534342448163], [-95.66094423195213, 29.14783858345938], [-95.66153504266953, 29.147984782355948], [-95.6621708738016, 29.148059122467743], [-95.66272649350765, 29.148057282773838], [-95.66344687385478, 29.14797720312485], [-95.6650693837462, 29.14776038276859], [-95.66682952566774, 29.147537782458162], [-95.66738430497968, 29.14742053264257], [-95.66798913589543, 29.147252552486627], [-95.66863396586486, 29.146991572770016], [-95.66924081635494, 29.14672873209256], [-95.67006144662886, 29.14629338105102], [-95.67074230653198, 29.14572533227178], [-95.67140996841171, 29.14504493149716], [-95.67199974758202, 29.1442494107675], [-95.6724062177939, 29.14352859999197], [-95.67270675753322, 29.14272678992953], [-95.6729170376368, 29.14162758016306], [-95.67290876851848, 29.140741099443805], [-95.67298393786649, 29.13811656780339], [-95.67301409771113, 29.13556389723015], [-95.67309492779769, 29.13214251548862], [-95.6730276172734, 29.13137461556184], [-95.67284133723287, 29.130499704946583], [-95.6726683071077, 29.130056585645367], [-95.672309277103, 29.129268174655415], [-95.67165837641792, 29.128060724522374], [-95.67130639599878, 29.127382664020583], [-95.6710594065153, 29.126760663561114], [-95.67082093550393, 29.125813843120604], [-95.6707522355363, 29.124809923711535], [-95.67085027491758, 29.124084423066154], [-95.67088919489926, 29.123881251789562], [-95.6709469356022, 29.12365775278014], [-95.6710236056866, 29.123277601711628], [-95.67112062571573, 29.122976802284825], [-95.67145513584784, 29.122255931867528], [-95.6738249861184, 29.118172120260983], [-95.67462692688417, 29.11665801971262], [-95.6770217380327, 29.111958017052277], [-95.67854721748999, 29.10894283587109], [-95.67878313828616, 29.108337425213403], [-95.67949214887498, 29.10702986477392], [-95.68000179874383, 29.106176904840922], [-95.68041655829867, 29.105577623918755], [-95.68083238874448, 29.105088504412702], [-95.68170500946015, 29.10427463373647], [-95.68261531043947, 29.10352936396885], [-95.68440637000293, 29.10205439259874], [-95.68505768110231, 29.10150515213901], [-95.68585098028693, 29.10085067254157], [-95.68715162192296, 29.099930401977762], [-95.68847890156343, 29.09909767128408], [-95.68869990307954, 29.09894519154187], [-95.68891459196398, 29.098816210602237], [-95.68930657335284, 29.098593671245435], [-95.68960587296446, 29.09844137066974], [-95.69008820331055, 29.09820094014469], [-95.6910124332207, 29.097823570091954], [-95.6918107742415, 29.097457620531202], [-95.69278863478064, 29.097082080332793], [-95.6967565560568, 29.0957862691296], [-95.70190599879832, 29.094095458816874], [-95.70661844065947, 29.092562587468468], [-95.70861793241087, 29.091896656131645], [-95.71205781366689, 29.090786875509117], [-95.7270523605192, 29.0863832632738], [-95.73040764201393, 29.085440513486866], [-95.73361975427984, 29.084534252260152], [-95.73419087427797, 29.08441894205211], [-95.73534938437604, 29.084354611827663], [-95.73649431589504, 29.08433124126185], [-95.73776377615327, 29.084426022256306], [-95.73952731769242, 29.084547441523505], [-95.74139735797279, 29.08466294215153], [-95.74204242839734, 29.084694432263674], [-95.74264672925717, 29.084662441881264], [-95.74403502915176, 29.08448282171507], [-95.74549563010342, 29.084252511479914], [-95.74839826130967, 29.083781230894292], [-95.7508402233758, 29.083386790751657], [-95.75302495428323, 29.08304617041321], [-95.75687715595886, 29.08243480959165], [-95.75825527659693, 29.082093429307744], [-95.75960708714308, 29.081652108907246], [-95.76091494702396, 29.08113678834005], [-95.7621004787291, 29.080451599049212], [-95.76279362938367, 29.080010367961627], [-95.7635368384759, 29.079422648715838], [-95.76478747979267, 29.0783252773396], [-95.76700022036476, 29.076255466776193], [-95.76866381175839, 29.07480234654847], [-95.76902455157187, 29.074448606032796], [-95.76928383153145, 29.07426167590478], [-95.76960772228982, 29.074053865561226], [-95.77022577168489, 29.073670645091315], [-95.7710086523756, 29.073292965474682], [-95.7718943422692, 29.072991245398036], [-95.77278864358577, 29.072762324909394], [-95.77547746523719, 29.0722103643297], [-95.78008879738192, 29.071187643638854], [-95.78152337773479, 29.070886413048665], [-95.78282685862594, 29.070639933205587], [-95.78660719975501, 29.07018205370843], [-95.7893699314193, 29.06984248282564], [-95.80747388991608, 29.0675879102705], [-95.81653085559107, 29.066504299101123], [-95.81923234700167, 29.066238288713407], [-95.82146676699908, 29.066071079032188], [-95.82323576826595, 29.065964618328575], [-95.82789668027769, 29.06553471812929], [-95.83209867251912, 29.06501322752066], [-95.83571752388589, 29.064599347290677], [-95.83696712551419, 29.064462807288812], [-95.83774215511271, 29.064261037111745], [-95.83833086582874, 29.064025077827427], [-95.8388177557989, 29.063799757247068], [-95.83924689674082, 29.063572527184032], [-95.83966375611662, 29.06329406643128], [-95.84026717660315, 29.062859956340777], [-95.8412398574103, 29.0619484966154], [-95.84172316703726, 29.06146892589144], [-95.842789757933, 29.060538495711203], [-95.84996600086669, 29.054028452705783], [-95.85139254085229, 29.0527921814724], [-95.85196727180019, 29.05220124155834], [-95.85245480222082, 29.051620131137284], [-95.85376395245834, 29.049744670624385], [-95.8542734827673, 29.048986400161255], [-95.85473315285799, 29.048316069741862], [-95.85517654286295, 29.047830399133137], [-95.85563057358348, 29.04734121897281], [-95.85627527442355, 29.046803388750394], [-95.85687373353753, 29.04637763881566], [-95.85741685422056, 29.04604297819231], [-95.85792957397433, 29.04577594843171], [-95.86018220565349, 29.04453117846849], [-95.86075886589832, 29.044155997279628], [-95.86122763547525, 29.043883376948436], [-95.8618384164886, 29.043516897191548], [-95.86279261641575, 29.042782706958704], [-95.86341027630428, 29.042235306603267], [-95.86375152697207, 29.041926177188735], [-95.86376148775418, 29.041917156034252], [-95.86395166682519, 29.0417448766923], [-95.86525018764051, 29.040495115467905], [-95.87325571064399, 29.033097371924956], [-95.87382125190989, 29.032523541631004], [-95.87533258138096, 29.030899980644172], [-95.8798993734282, 29.02666600869282], [-95.88413056630633, 29.022812107023814], [-95.88548473567252, 29.021636766189467], [-95.88615751642867, 29.02108881650114], [-95.88699828709281, 29.020365675864735], [-95.88888557684956, 29.018665125552946], [-95.88960425823844, 29.0180098446324]]}, "properties": {"OBJECTID": 5, "Road_Category": "State", "Shield_Category": "State", "Route_No": "35", "Route_Name": "SH 35", "Tollway_Owner": null, "Shape.STLength()": 276870.5666701494}}, {"type": "Feature", "id": 6, "geometry": {"type": "LineString", "coordinates": [[-95.97055468999596, 28.994297515832162], [-95.97054262771854, 28.99423144982037], [-95.97049494694505, 28.99389888907021], [-95.97046992713759, 28.993569929751786], [-95.97045896670868, 28.993173949596677], [-95.97043703684352, 28.99301710882213], [-95.97036042629489, 28.9911013685777], [-95.97019108671573, 28.98604781725335], [-95.97015582579216, 28.98545493662677], [-95.97016308555766, 28.985155306580516], [-95.97014198643032, 28.984550915771035], [-95.97006769606976, 28.982992714560165], [-95.97005061599634, 28.982244044847516], [-95.96989009583258, 28.97827288337577], [-95.9698702459142, 28.977304092874274], [-95.96972240516408, 28.973182261037987], [-95.96962927417846, 28.968409429465176], [-95.9695737946765, 28.966478478743245], [-95.96941188422967, 28.96195008652659], [-95.969364523731, 28.960122315986037], [-95.96915846300874, 28.954245423221586], [-95.96906900197556, 28.95115726293515], [-95.96903916285869, 28.950484462022242], [-95.96898639331658, 28.94984642099943], [-95.96889823343032, 28.94938801163353], [-95.96883394246196, 28.949186851729657], [-95.96870229309363, 28.948824771464025], [-95.96849776237214, 28.948379201173992], [-95.96426974927529, 28.9402093683025], [-95.95706803566742, 28.926290042711432], [-95.95667396422574, 28.925485331764847], [-95.95648309471903, 28.924936682442983], [-95.95635751465618, 28.92435249220367], [-95.956306914544, 28.92374462198249], [-95.95567044237363, 28.905065774655984], [-95.95545261121846, 28.898939561710485], [-95.95541504160165, 28.898322882139], [-95.95530608106881, 28.89735766084425], [-95.95419152007666, 28.889664766998767], [-95.95398086021295, 28.88824035794071], [-95.95386104052992, 28.887623737850653], [-95.95368168996875, 28.88692991707051], [-95.95345028880396, 28.886174905717034], [-95.94975845748436, 28.874662652391894], [-95.94851691526675, 28.87107940037736], [-95.942729402336, 28.854146984232404], [-95.94251853119847, 28.853410893748496], [-95.94234192067675, 28.852656763142086], [-95.94220944091511, 28.851891032797525], [-95.94171633029558, 28.848539581085998], [-95.94154422056442, 28.847759391951932], [-95.94141013084936, 28.847252540429494], [-95.94125291061647, 28.846745191194252], [-95.941027509952, 28.846105331055355], [-95.94079587919097, 28.84553349013711], [-95.93894476868691, 28.841148358556477], [-95.93731364833785, 28.837212907857147], [-95.9364688263734, 28.83522813681692], [-95.93643640662953, 28.83515063682134], [-95.93611174661162, 28.83442988622536], [-95.93494354591246, 28.831671574971832], [-95.9344755758026, 28.830513004878142], [-95.9342227959454, 28.829885164493795], [-95.93378891526929, 28.828639903968938], [-95.93367293503627, 28.828246063428622], [-95.93351408459706, 28.82755012413162], [-95.93339704485436, 28.82688662323417], [-95.9333333747221, 28.826408623423344], [-95.9332917944749, 28.826008333586344], [-95.93324143459229, 28.825220862539922], [-95.9327658738788, 28.814494088933458], [-95.9324621826076, 28.80763602588491], [-95.93247170308915, 28.806802095326937], [-95.93255949286149, 28.804082424010193], [-95.93281597240814, 28.79694950115766], [-95.93286666179165, 28.796175060318035], [-95.93297215232522, 28.795538169885763], [-95.93312548217224, 28.794925620061925], [-95.93335003267393, 28.79423263965841], [-95.9499199359305, 28.744011247184257], [-95.95014128648775, 28.743237497065852], [-95.95329869642268, 28.731378302481293], [-95.95360096687351, 28.73013535140555], [-95.95478732732627, 28.724822649886015], [-95.95502487760182, 28.723700068796415], [-95.9551230971077, 28.723137738524624], [-95.95517958675937, 28.722659918753465], [-95.95521923680668, 28.72182449900455], [-95.95521276681556, 28.72113814865467], [-95.95501969687945, 28.712175474225614], [-95.95501249653493, 28.711279814141736], [-95.95503010542107, 28.710830703657585], [-95.95509180645159, 28.710305603939485], [-95.95521702668532, 28.709676782898953], [-95.95555115549088, 28.708181802430584], [-95.95682029697383, 28.702590879872485], [-95.9574063365528, 28.69992707893099], [-95.95755088645747, 28.699354309625303], [-95.95766556657803, 28.69896630890368], [-95.95793726697104, 28.698278518729545], [-95.95819213654389, 28.69777253829402], [-95.95843054724085, 28.697366068058432], [-95.95890259778852, 28.696684927552916], [-95.95963572747972, 28.695681987142862], [-95.95993707782436, 28.695331457679696], [-95.96027819809483, 28.695010247405733], [-95.9605668569013, 28.69479470663138], [-95.96078011856703, 28.694656136520205], [-95.96131956802768, 28.69435814668744], [-95.96337916969705, 28.69331695618921], [-95.96827743108537, 28.690886284506565], [-95.96953165242246, 28.6902588046143]]}, "properties": {"OBJECTID": 6, "Road_Category": "State", "Shield_Category": "State", "Route_No": "60", "Route_Name": "SH 60", "Tollway_Owner": null, "Shape.STLength()": 115435.42496964599}}, {"type": "Feature", "id": 7, "geometry": {"type": "LineString", "coordinates": [[-95.46767134896311, 30.33611756226601], [-95.46766534943991, 30.336096371600362], [-95.46535533769129, 30.327934938511525], [-95.46513312723428, 30.327053608587082], [-95.46489403769341, 30.325853097460833], [-95.46482525721383, 30.325429147641056], [-95.46472626745577, 30.324631117518397], [-95.46466636768919, 30.32397803720491], [-95.46461756602746, 30.3229543864658], [-95.46460243742382, 30.32190888565271], [-95.46457021692505, 30.321274245807434], [-95.46449851677303, 30.320678755615226], [-95.46430598599412, 30.319749275338822], [-95.4640050557556, 30.31876111491868], [-95.46358246632603, 30.31749473418675], [-95.46278957552197, 30.315209733640263], [-95.4618963144297, 30.31252724268277], [-95.4613148043771, 30.310940452203447], [-95.46102090309286, 30.310038991650725], [-95.4605196635392, 30.30851397074506], [-95.45935984286734, 30.30484315034374], [-95.45900548226479, 30.303648379942423], [-95.45681145043874, 30.296712886043693], [-95.45645659014397, 30.29572110610588], [-95.45632882030962, 30.294948066149566], [-95.45628229890686, 30.293906405197717], [-95.45625194910268, 30.29342907580577], [-95.45624927953278, 30.29136997517183], [-95.45630833857469, 30.285430202245582], [-95.45632751857472, 30.280370929539743], [-95.45632902832548, 30.279971409367207]]}, "properties": {"OBJECTID": 7, "Road_Category": "State", "Shield_Category": "", "Route_No": "75", "Route_Name": "SH 75", "Tollway_Owner": null, "Shape.STLength()": 20883.03643258641}}, {"type": "Feature", "id": 8, "geometry": {"type": "LineString", "coordinates": [[-96.69243133836923, 29.821065615041093], [-96.69091490299799, 29.82011399781302], [-96.68578568016622, 29.817244897187273], [-96.68423942919269, 29.81637768688932], [-96.68362390914679, 29.81600101682286], [-96.68277465873521, 29.81545687691956], [-96.68205581862925, 29.814935196649206], [-96.68131482830505, 29.814329196652675], [-96.68067741697212, 29.813755485742877], [-96.67553288391731, 29.808311614564538], [-96.67405678406726, 29.8068423944692], [-96.67333086383977, 29.806207023356567], [-96.6723927921243, 29.80536686308407], [-96.67107648139978, 29.804293373382354], [-96.66987823091702, 29.80332191212881], [-96.6679056901376, 29.801686041980528], [-96.65798039364512, 29.793633199855293], [-96.65612574355457, 29.792111169603057], [-96.64766427763955, 29.785235197238364], [-96.64150080470779, 29.78021847555926], [-96.63407933982376, 29.77418376280462], [-96.62957295862512, 29.77053020276771], [-96.62756732758984, 29.76880890169645], [-96.62563782632071, 29.76699770105875], [-96.62449700494635, 29.76599222090352], [-96.62254512339561, 29.764382800181878], [-96.62109108352429, 29.763256119447465], [-96.61924420247523, 29.76187479897978], [-96.61466866958718, 29.75841820857622], [-96.61265465808071, 29.756900197877954], [-96.61140293703595, 29.755986607952792], [-96.61026771767796, 29.75521260773811], [-96.60975908632633, 29.754874236875203], [-96.60831719525743, 29.753924936917226], [-96.60755299578096, 29.753415006345136], [-96.60578881424846, 29.75211929625353], [-96.60448294304344, 29.7510924157274], [-96.60171146124667, 29.74872465548958], [-96.60140458196999, 29.7484690550384], [-96.59619262862408, 29.744546343887443], [-96.58920105509767, 29.739295183014747], [-96.58776042433178, 29.738194472006583], [-96.58721323421301, 29.73774061185148], [-96.58664768252864, 29.737304711746418], [-96.58613936295302, 29.73682039155716], [-96.58563311213818, 29.736339871504516], [-96.58516393242604, 29.735821481053293], [-96.58468607259161, 29.735303400687986], [-96.58424783153731, 29.73475995074406], [-96.58384818192394, 29.734240800916865], [-96.58288078108235, 29.73274949985942], [-96.58234034094369, 29.73184409014862], [-96.58204980028117, 29.731225749404736], [-96.58173888070644, 29.730523568684077], [-96.58144208022075, 29.72980981914342], [-96.58109213966564, 29.72885537812414], [-96.58081983914782, 29.727837268771246], [-96.58062069947184, 29.726849067865622], [-96.58046768883379, 29.725840557215335], [-96.58025212863983, 29.72348530720086], [-96.58005579888138, 29.720777075025254], [-96.57998558887999, 29.72003358483255], [-96.57992629796544, 29.719061805059244], [-96.57978679789154, 29.718090165108674], [-96.57933205678809, 29.71332843305402], [-96.5792646075662, 29.712718792294726], [-96.57917512681666, 29.712044952751267], [-96.57901216697724, 29.71115645158192], [-96.57878372622163, 29.710295741841605], [-96.57805354659867, 29.708091780098467], [-96.57763548641486, 29.7068298601485], [-96.57674503614585, 29.704000888849755], [-96.57660199531318, 29.703594038809342], [-96.5759297941539, 29.701682188171507], [-96.57513045444797, 29.69944056785212], [-96.57441661418494, 29.697370436079083], [-96.57398830281846, 29.696061725387757], [-96.5737681531236, 29.695621425909035], [-96.57344102259492, 29.694967175283786], [-96.5730603123907, 29.69434851520916], [-96.57261116303944, 29.693842824758047], [-96.57217051143733, 29.693519895024703], [-96.5716298120765, 29.693313875095537], [-96.57115416222943, 29.69320530523229], [-96.57015288095765, 29.69323800543698], [-96.56902459061862, 29.693374915413827], [-96.56591972952359, 29.693677256130574]]}, "properties": {"OBJECTID": 8, "Road_Category": "State", "Shield_Category": "State", "Route_No": "71", "Route_Name": "SH 71", "Tollway_Owner": null, "Shape.STLength()": 64303.34453742909}}, {"type": "Feature", "id": 9, "geometry": {"type": "LineString", "coordinates": [[-96.0829340309823, 29.305841041890336], [-96.08271269026689, 29.30572002103795], [-96.08220686025187, 29.305413180410355], [-96.0818027098033, 29.305133139852845], [-96.08146384987516, 29.304876919923213], [-96.08124300948455, 29.304684080429737], [-96.08082754871522, 29.30428337983001], [-96.08063067891872, 29.30407187994063], [-96.0802388690047, 29.303600749709688], [-96.07999231909481, 29.303262839972508], [-96.0793095088135, 29.30217323946803], [-96.07311816379489, 29.291975055935215], [-96.0726224545601, 29.291135415094153], [-96.06607856979242, 29.280360991385912], [-96.06339959793996, 29.27591733985621], [-96.05633827297767, 29.264308865341587], [-96.05539889287908, 29.26274832516162], [-96.05367602090918, 29.25989406369032], [-96.05039613944616, 29.25450961137518], [-96.04827094806501, 29.25097513089305], [-96.04413505486242, 29.24417656843529], [-96.03704730085703, 29.23247101389453], [-96.03669650018941, 29.231871182931595], [-96.03068389757, 29.221968440073717], [-96.03034989581808, 29.221370469843258], [-96.03004663665939, 29.220753419004893], [-96.02980663635705, 29.22021684915024], [-96.02952942692008, 29.21951755846965], [-96.02932130617356, 29.218872638128037], [-96.02907988571754, 29.217993727429437], [-96.02842851571417, 29.21524453735832], [-96.02831611582982, 29.21481393677153], [-96.02827867468208, 29.214669566449885], [-96.02803521482123, 29.213877886396126], [-96.02782722526565, 29.213304256515812], [-96.02764383382647, 29.212869576273707], [-96.0273302646984, 29.21219695537151], [-96.02692243409066, 29.211442005088326], [-95.99345519268688, 29.156264075391718], [-95.98766194859796, 29.14672835191355], [-95.98664716786226, 29.145021760965932], [-95.98622367832867, 29.144188100656624], [-95.98587248733266, 29.143383109779865], [-95.98560006781865, 29.142634430625396], [-95.98533141704173, 29.141732459413493], [-95.98517476629536, 29.141076019432514], [-95.98491321686663, 29.13981842867734], [-95.98056043210768, 29.11873682131612], [-95.97915734091823, 29.111175797492965], [-95.97884323050843, 29.10955458702915], [-95.97843860003083, 29.10729070638232], [-95.97763323940615, 29.10301859457053], [-95.97509911702258, 29.08929346881702], [-95.97046505315355, 29.064379019073783], [-95.97014897255782, 29.062634067250958], [-95.97006153266685, 29.062040577608766], [-95.96998076321512, 29.06115659742559], [-95.9699591717709, 29.060331657019436], [-95.9699805927006, 29.059599017297895], [-95.97005085239707, 29.05882024694713], [-95.97443913223735, 29.025017262194886], [-95.97452626187054, 29.023899361861023], [-95.9745388919742, 29.02302944149047], [-95.97450612149352, 29.022559641187208], [-95.9744638318379, 29.02138737093624], [-95.97443762147024, 29.02106638090693], [-95.97436643086614, 29.01930072031254], [-95.97430398085682, 29.01723238914195], [-95.9742501804886, 29.016228819160908], [-95.97423572108552, 29.015703178572007], [-95.97419585110828, 29.014603858563767], [-95.97412532043263, 29.01386204778997], [-95.97370834027619, 29.01086923631232], [-95.97359545008636, 29.009921835909825], [-95.9734121495461, 29.008818765982014], [-95.97310280000629, 29.00721504499404], [-95.97303225950445, 29.006886415510493], [-95.97283187907735, 29.005826964171657], [-95.97272796872835, 29.00531587409468], [-95.97265018902284, 29.00496666440328], [-95.97111715783387, 28.997158811130785], [-95.97073615733565, 28.995291380249995], [-95.97055468999596, 28.994297515832162]]}, "properties": {"OBJECTID": 9, "Road_Category": "State", "Shield_Category": "State", "Route_No": "60", "Route_Name": "SH 60", "Tollway_Owner": null, "Shape.STLength()": 121665.25841683429}}, {"type": "Feature", "id": 10, "geometry": {"type": "LineString", "coordinates": [[-94.39662204067264, 29.827331407877978], [-94.39656968119432, 29.827309757576067], [-94.39395590896251, 29.82730860779749], [-94.39232468902063, 29.82731656788344], [-94.39047726736925, 29.827256568242234], [-94.38759802587772, 29.827129128498804], [-94.38490705475868, 29.826962578597307], [-94.38399068482882, 29.82691702800428], [-94.38307889349787, 29.826893538105097], [-94.38050514293589, 29.82676178821284], [-94.37947100293854, 29.82669800862993], [-94.3791717515182, 29.82667585867349], [-94.37895328176484, 29.826666168327293], [-94.3752606399204, 29.826484618215453], [-94.35939283245935, 29.825708498991432], [-94.35789608147435, 29.825631219876563], [-94.3571745701047, 29.825587959104638], [-94.35707067037116, 29.825583449609073], [-94.35690283206257, 29.825575931834603]]}, "properties": {"OBJECTID": 10, "Road_Category": "State", "Shield_Category": "", "Route_No": "73", "Route_Name": "SH 73", "Tollway_Owner": null, "Shape.STLength()": 12613.888370472805}}, {"type": "Feature", "id": 11, "geometry": {"type": "LineString", "coordinates": [[-96.06516888966719, 29.631463514685834], [-96.06531343004657, 29.631225254861647], [-96.06556480019196, 29.630945724394486], [-96.0657357305302, 29.630808784040624], [-96.06610193056429, 29.63058750324312], [-96.06652600016466, 29.630381153542263], [-96.06694223082755, 29.63023087379387], [-96.06738717052409, 29.630108033788], [-96.06856927060018, 29.629832703561906], [-96.0692070218771, 29.629624543616707], [-96.06959378262908, 29.629433243133175], [-96.07009222240019, 29.62912195255915], [-96.07038010282598, 29.62891017246116], [-96.07069536197231, 29.628618952365354], [-96.07122140230547, 29.627992522428745], [-96.0744849137515, 29.623855900779265], [-96.0836741670817, 29.612097564753245], [-96.08574082871492, 29.609474764507596], [-96.08631336922122, 29.608775643303137], [-96.08730291852488, 29.60752230384898], [-96.08812936909281, 29.606442993100462], [-96.08841856902318, 29.60600059237923], [-96.08863729891586, 29.60562293176422], [-96.08891645954697, 29.60503081181169], [-96.08900234893015, 29.604808711551627], [-96.08926157932707, 29.603955662227353], [-96.08969557961262, 29.601987630343203], [-96.08987799991097, 29.6014350908133], [-96.0901918898805, 29.60025409967306], [-96.09144403950064, 29.5952288281226], [-96.09162546018081, 29.594427008058076], [-96.09173031053423, 29.59371252715973], [-96.09175649075178, 29.59315883725063], [-96.09172825912763, 29.59244558691178], [-96.09163198982942, 29.591777646435443], [-96.09156220041996, 29.591457926387054], [-96.09142425976808, 29.59098498615809], [-96.0908143388992, 29.589232965553688], [-96.08524589449908, 29.573803559251857], [-96.08474154483537, 29.57246178918858], [-96.08390635409634, 29.570144698948514], [-96.08358198383814, 29.56931570821879], [-96.08266565340173, 29.567360066537834], [-96.08220944255996, 29.566236346058133], [-96.08057285161811, 29.56193310449817], [-96.07735294883051, 29.553368921715617], [-96.07710676907777, 29.552682791756343], [-96.07695208924738, 29.55211608156874], [-96.07688966863768, 29.551813941666097], [-96.07678733931165, 29.55101297048917], [-96.07678118784709, 29.55042423114554], [-96.07688027875204, 29.54829553953452], [-96.07689054799702, 29.5475044995249], [-96.07683661788894, 29.54682264956276], [-96.0767624377518, 29.546344188559207], [-96.07666902846394, 29.54594719919432], [-96.0766002476921, 29.54570296876395], [-96.07626597713146, 29.544719538271064], [-96.07142766395253, 29.531107583387335], [-96.07010958295935, 29.527398602486524], [-96.06901137217743, 29.524271980454085], [-96.06883778189002, 29.523666820312336], [-96.06875781219011, 29.52327320022208], [-96.06867412217566, 29.522498160088425], [-96.0686647018285, 29.521977479815682], [-96.0687075017722, 29.521291269103823], [-96.06873847263257, 29.52105729950629], [-96.06880318221671, 29.520691158400933], [-96.06889549288658, 29.52030096876016], [-96.06917268254367, 29.519421858668643], [-96.0696327423256, 29.518046488312017], [-96.07137747336598, 29.51279435499418], [-96.07194554264565, 29.511314055807915], [-96.07424267356903, 29.505611522828097], [-96.0762861536202, 29.500530060238503], [-96.07659716420798, 29.499709020182927], [-96.07680149455739, 29.499115500237046], [-96.07694801374704, 29.498628519577082], [-96.07714719372541, 29.49787406914188], [-96.07738371402421, 29.496699148329505], [-96.07745651424888, 29.496236409138685], [-96.07752477464837, 29.495645968772305], [-96.07760656456023, 29.49439410789982], [-96.07760901460496, 29.493837767961274], [-96.07758694350854, 29.49315908710119], [-96.07744236384632, 29.4915179265227], [-96.07603367138958, 29.47817874140453], [-96.0759031215211, 29.477056260394058], [-96.07580495181269, 29.47649529047507], [-96.07567888169248, 29.47596490010328], [-96.07339653901737, 29.467207817832016], [-96.07327480912494, 29.466698127320562], [-96.07320447895646, 29.466298036901456], [-96.07315741902634, 29.465761676937362], [-96.07315825924358, 29.46548714680258], [-96.07331157948154, 29.46253084562692], [-96.0732987490945, 29.46195577530159], [-96.0732517493808, 29.461540395003812], [-96.07314232927888, 29.461015763973748], [-96.072969459068, 29.460438333731048], [-96.0707598073128, 29.454365212352045], [-96.07062334736548, 29.45385432180973], [-96.07056230664278, 29.453446191747652], [-96.07054954644042, 29.45307027101219], [-96.07058577599014, 29.452636521214146], [-96.07068680682617, 29.452181011303047], [-96.07081889703501, 29.451811151144707], [-96.07094393762753, 29.451534790667665], [-96.0711692169607, 29.451104231346736], [-96.07331170787911, 29.447186869397374], [-96.07444448900324, 29.445082768001853], [-96.07462491899335, 29.444656597439298], [-96.07472158768876, 29.444345217547337], [-96.0747938482721, 29.44401671729316], [-96.07484373822757, 29.443561356877858], [-96.07483202835193, 29.44321582739933], [-96.07478802805534, 29.442861726629054], [-96.0747066684022, 29.442504757044762], [-96.07455667826129, 29.442020476412146], [-96.07224281563467, 29.435552174116218], [-96.0718577964625, 29.434404863487867], [-96.0717556967304, 29.433960683916542], [-96.07170031560032, 29.43347723353516], [-96.07168591547276, 29.433054923489284], [-96.07172001611072, 29.432614692676193], [-96.07176806588602, 29.432326043199183], [-96.07185760580848, 29.431951632745754], [-96.07209447660796, 29.43125117250784], [-96.07773660727685, 29.41752538613197], [-96.0780288382771, 29.4167518158944], [-96.07832251756047, 29.416030615737164], [-96.078986787983, 29.414431565350508], [-96.07940207735169, 29.413511664288034], [-96.08147773945049, 29.40843914310644], [-96.08184232798592, 29.407450122086694], [-96.08196546860248, 29.406990121877083], [-96.08205006879544, 29.4065543423645], [-96.08211109883466, 29.40606088163931], [-96.08213814878746, 29.405585990978437], [-96.08221231903501, 29.40256965029494], [-96.08218788914809, 29.40229572967364], [-96.08212128803525, 29.40199167985835], [-96.08202938879528, 29.401710079553816], [-96.08188901912148, 29.401408619058518], [-96.08173919824152, 29.401183720352265], [-96.0816622976171, 29.40108251968133], [-96.08146757840585, 29.40086376888254], [-96.08131454859141, 29.400725719423978], [-96.08106993815764, 29.400539059230724], [-96.08074898760901, 29.400349188895913], [-96.08050200725864, 29.400230889113512], [-96.0801180672098, 29.400092668715963], [-96.07809218616175, 29.39945034883515], [-96.07779852623295, 29.399330849150143], [-96.07769046641857, 29.399269058840453], [-96.07759571551696, 29.399198998686867], [-96.07744154516953, 29.399029709070327], [-96.07734967517906, 29.398886358550456], [-96.07726315507485, 29.39868197840672], [-96.07722062572266, 29.398383998889216], [-96.07721554540878, 29.39819070789035], [-96.07723600518378, 29.398116108335866], [-96.07725309552669, 29.398040858271205], [-96.07765172576256, 29.397006747791302], [-96.07776307481208, 29.396760818061708], [-96.07790790607955, 29.39651075784665], [-96.07809186654872, 29.39625970796522], [-96.07839455572935, 29.39593162774746], [-96.07960492614139, 29.394856796770434], [-96.07984911617369, 29.39460854664888], [-96.0800561359722, 29.39435977657167], [-96.08023189652975, 29.39411197616382], [-96.0804738963199, 29.39371489639892], [-96.08066655701265, 29.393325916754566], [-96.08522836847183, 29.38171925078268], [-96.08868629909429, 29.372863597453847], [-96.088943358874, 29.37209865717697], [-96.08912623977423, 29.371437857005205], [-96.08931097993046, 29.370656076194415], [-96.08942415848357, 29.370007346888844], [-96.08948328880744, 29.369668386315936], [-96.0898915598261, 29.367998675093204], [-96.09009556924211, 29.367166685085824], [-96.09052325023882, 29.365428454157392], [-96.09189481912114, 29.359867172072246], [-96.09234992977375, 29.358070611168888], [-96.0925191596859, 29.35748479084595], [-96.09265724033071, 29.356980910376908], [-96.09347709023538, 29.35360568872274], [-96.0936197094718, 29.353070799128822], [-96.09383168069019, 29.352104718500595], [-96.09386823997397, 29.351762818969174], [-96.09387494970186, 29.35153200837434], [-96.09384568057423, 29.351084528185375], [-96.09377787976298, 29.35074177863842], [-96.09365929001245, 29.350356028379625], [-96.09345452974294, 29.34989521749414], [-96.09313506868331, 29.34934902759502], [-96.090761367566, 29.345605155646638], [-96.09051146803995, 29.345096226556283], [-96.09039968709118, 29.344756246232663], [-96.09032166713044, 29.344388506125963], [-96.09028382695182, 29.34406688623943], [-96.09028819760077, 29.343526575086422], [-96.09031965677475, 29.34324986544668], [-96.09038246829633, 29.342937915273605], [-96.09051250683282, 29.34255177453605], [-96.09215447784831, 29.33833399301506], [-96.09358066857358, 29.33472200134961], [-96.09406845897632, 29.333441970881925], [-96.09645065895403, 29.32736995776334], [-96.09707247986664, 29.325762508136133], [-96.09933772976751, 29.319949665549416], [-96.1000751601608, 29.318052274190283], [-96.10032172103968, 29.317462993292516], [-96.10103047034536, 29.315662863342116], [-96.1011181402747, 29.315472932715245], [-96.10129604986933, 29.315208663688797], [-96.10151099054008, 29.314988573108607], [-96.10179484042821, 29.314745972841216], [-96.10197655076675, 29.31451446302586], [-96.10206475197053, 29.31432502262287], [-96.10315687681819, 29.31145187826911], [-96.10322923104935, 29.311261530705], [-96.10340601116047, 29.31076569104401], [-96.1025885212653, 29.31062067165313], [-96.10191308095726, 29.31054504125285], [-96.10138656030512, 29.310516020887192], [-96.1008697403581, 29.310508461741154], [-96.10006805007177, 29.310472371252406], [-96.09931142870323, 29.310417691209146], [-96.09875222887125, 29.31033780168934], [-96.09798565842105, 29.310215890851133], [-96.09618988714237, 29.309725920608297], [-96.09160869497497, 29.3083928508069], [-96.09096061569836, 29.308251941760194], [-96.0899185640488, 29.308095591750483], [-96.08926425363367, 29.308002710967106], [-96.08891051414484, 29.30793784085062], [-96.08827423338505, 29.307784790617415], [-96.08759906344378, 29.307582940520078], [-96.08479607087493, 29.30664887077902], [-96.08418958179449, 29.306433040589273], [-96.08375617055293, 29.306254810683402], [-96.08322858083123, 29.306002090285162], [-96.08301580072538, 29.305885750261684], [-96.0829340309823, 29.305841041890336]]}, "properties": {"OBJECTID": 11, "Road_Category": "State", "Shield_Category": "State", "Route_No": "60", "Route_Name": "SH 60", "Tollway_Owner": null, "Shape.STLength()": 131991.10561581224}}, {"type": "Feature", "id": 12, "geometry": {"type": "LineString", "coordinates": [[-95.54083229469599, 30.7238071524667], [-95.540589683606, 30.723918782583226], [-95.54025660498422, 30.724112563076137], [-95.53987641363258, 30.724289352394337], [-95.53941259369016, 30.724515852932505], [-95.53883930443895, 30.724851844017127], [-95.53799948347537, 30.725394753189853], [-95.53617508259059, 30.72660886432496], [-95.53367041132113, 30.72825348451646], [-95.5311327498858, 30.729931706446507], [-95.53044042932552, 30.73038112658602], [-95.5300903597813, 30.730641456186888], [-95.52966920003401, 30.730986296785193], [-95.52942118889605, 30.731217326147103], [-95.52913704888616, 30.731503157036126], [-95.52897959869745, 30.73166389653853], [-95.52880017823048, 30.731875467355636], [-95.52877235909973, 30.731908106512105], [-95.52800138924638, 30.732999687658207], [-95.52787201857258, 30.7332392973684], [-95.52778183812282, 30.733444907699003], [-95.52752382843826, 30.733984877588455], [-95.5268934585919, 30.735308248099734], [-95.52637687827468, 30.736399759128094], [-95.52601127825189, 30.737229778720735], [-95.52508563704943, 30.739122730213815], [-95.52495141824464, 30.73940800041974], [-95.52421082807052, 30.740980730774385], [-95.5236542682749, 30.742159751974494], [-95.5233410068704, 30.742827292108238], [-95.52262387706503, 30.74437571248069], [-95.52229932674193, 30.745044793050468], [-95.52181449600404, 30.746077472883858], [-95.52091754668406, 30.747975264219722], [-95.5199451058778, 30.74976410507906], [-95.51950121669901, 30.75040000456441], [-95.51903875630022, 30.751002385682074], [-95.51858944591285, 30.75156270599294], [-95.51792381501872, 30.75226774561678], [-95.51751577586106, 30.752685436136705], [-95.51774632576792, 30.752910006596803]]}, "properties": {"OBJECTID": 12, "Road_Category": "State", "Shield_Category": "", "Route_No": "30", "Route_Name": "SH 30", "Tollway_Owner": null, "Shape.STLength()": 13307.582338633702}}, {"type": "Feature", "id": 13, "geometry": {"type": "LineString", "coordinates": [[-96.26083998964278, 29.177154893618813], [-96.26076677938553, 29.17428492553248], [-96.2603695778086, 29.157819668402162], [-96.26013010616728, 29.144161512580833], [-96.25986074471729, 29.132590658364137], [-96.25979313473199, 29.130581127470673], [-96.25973539583914, 29.130137157931024], [-96.25960680520676, 29.129644676907084], [-96.25949800427968, 29.12931964599078], [-96.25944540452016, 29.12920226651427], [-96.25939770451987, 29.129098046432482], [-96.25926789530781, 29.128838275735745], [-96.25906138533082, 29.128482786753032], [-96.25877002476543, 29.128060085535555], [-96.25835203512, 29.127562646706817], [-96.23463264977097, 29.10104608660812], [-96.23212064799922, 29.098220276068165], [-96.2299441364198, 29.09580123486984], [-96.22700113584327, 29.092491743075858], [-96.22247481225897, 29.087452102273595], [-96.22041495168583, 29.085117661532635], [-96.21869347072763, 29.08320537049728], [-96.21698145926659, 29.081272139169712], [-96.21539139832817, 29.079517249353124], [-96.21041063492768, 29.07393657642098], [-96.20948712570339, 29.07286066662924], [-96.20917319529012, 29.072367156788502], [-96.20902935459932, 29.072090106701935], [-96.20882132456715, 29.071559156386588], [-96.20866833432659, 29.07097635585728], [-96.2085820536844, 29.07041088594667], [-96.20854711502089, 29.069702315430973], [-96.2083726938361, 29.061973122846954], [-96.20825244246782, 29.0578129505158], [-96.20825101258353, 29.05676324014191], [-96.20818026315872, 29.05450814896635], [-96.20814887223423, 29.052630198146925], [-96.20793664194844, 29.044490494981627], [-96.20790548223168, 29.04291634538377], [-96.20784434224025, 29.040098083318142], [-96.20762005073085, 29.031565850300346], [-96.20760733956554, 29.030465918944394], [-96.20726419955923, 29.016853633547804], [-96.20710805776075, 29.01086114200435], [-96.2071104484606, 29.009443711429462], [-96.20716982920993, 29.008553720869436], [-96.20721898851669, 29.008080250203346], [-96.2072829379204, 29.007655120156862], [-96.20751744817652, 29.00652341970499], [-96.20763000856276, 29.00608667993964], [-96.20783607811882, 29.005396978703075], [-96.20805210834426, 29.004755138182652], [-96.20823359864598, 29.004153699410683], [-96.20840408876037, 29.003496068279933], [-96.2085444481013, 29.002841207410818], [-96.20866288898542, 29.002085328539614], [-96.20872620954619, 29.00148422800817], [-96.20875931926922, 29.000921287247532], [-96.2087789490191, 28.99997342731648], [-96.20876549840682, 28.99518402477059], [-96.20876507848438, 28.99506276500045], [-96.20872057804982, 28.993426634085363], [-96.20858729603995, 28.97985890928834], [-96.20850516677466, 28.97324955617919], [-96.20816000294032, 28.9378554419376], [-96.20807048246216, 28.928594247302872], [-96.20799705219586, 28.9211630545854], [-96.20797394130514, 28.91985387379672], [-96.20792177139974, 28.919259614485675], [-96.20782378098976, 28.918760713846876], [-96.20770037040239, 28.918356483878593], [-96.20750901106614, 28.917892442903263], [-96.20728785057061, 28.917473303626025], [-96.20696669147112, 28.9169634528125], [-96.20331700848263, 28.91146606066269], [-96.20275914881577, 28.9105967804514], [-96.201917397996, 28.909133089494627], [-96.19840157523747, 28.90288836717043], [-96.19720930481489, 28.900802567025444], [-96.19637869428865, 28.89930589706182], [-96.19253287180193, 28.89252883411865], [-96.19171902077034, 28.891055003470807], [-96.191632261176, 28.890928643219503], [-96.19117047115309, 28.89012096289613], [-96.18895203923205, 28.8861812213339], [-96.18778264794477, 28.88423105073766]]}, "properties": {"OBJECTID": 13, "Road_Category": "State", "Shield_Category": "State", "Route_No": "71", "Route_Name": "SH 71", "Tollway_Owner": null, "Shape.STLength()": 113680.55754248341}}, {"type": "Feature", "id": 14, "geometry": {"type": "LineString", "coordinates": [[-95.83413071620845, 30.65803292712492], [-95.8334159881981, 30.658287945209043], [-95.81326876853367, 30.664532949713532], [-95.78015319181874, 30.674747405554378], [-95.76636929520828, 30.67906573822137], [-95.76191374324003, 30.68043906889225], [-95.7535209591083, 30.68305741103635], [-95.75167817879947, 30.68365130065993], [-95.75022817725616, 30.684077961636184], [-95.74960817725004, 30.684215742207815], [-95.74894872682934, 30.684286302386255], [-95.748026507258, 30.684320192082737], [-95.74518928517996, 30.684310192010848], [-95.73894706274234, 30.68432796244478], [-95.73392649901261, 30.684341852803083], [-95.72537594469772, 30.684389073541567], [-95.70797204587376, 30.68444130453312], [-95.70545982504613, 30.684421855407624], [-95.70433759365827, 30.684436295105638], [-95.70355648458532, 30.68449685549611], [-95.70288593366293, 30.684596304679726], [-95.70077093293595, 30.684991855336484], [-95.68678536551597, 30.687674637830508], [-95.668741466194, 30.69113575058651], [-95.66414368438276, 30.69202297121011], [-95.66009202297039, 30.692835201469133], [-95.64425479432026, 30.695888534101265], [-95.63891201236052, 30.696942974682038], [-95.63429088968788, 30.69782409558119], [-95.62675144602522, 30.699286316475565], [-95.62575922603888, 30.69942742709083], [-95.62227589363893, 30.69991297770982], [-95.62177867349516, 30.699981867232385], [-95.61844589239962, 30.70039631780672], [-95.6163197705309, 30.7006896475465], [-95.61578311020305, 30.70079131806901], [-95.61533866012813, 30.700902977662107], [-95.6148381100875, 30.70105242772159], [-95.6144547693956, 30.70117908842829], [-95.61391978008415, 30.701413538574553], [-95.6132181089687, 30.701749648258115], [-95.61234865888933, 30.702219088853205], [-95.60917643794645, 30.704084650064765], [-95.60877810728893, 30.704340210542664], [-95.6074836563514, 30.70523020984376], [-95.60413810517409, 30.707400761409904], [-95.60011976341912, 30.70994076271258], [-95.59630699197666, 30.71236798450025], [-95.59465921072248, 30.713483544261628], [-95.59412032054989, 30.71379798462181], [-95.59308810093104, 30.714282435813235], [-95.59115753944864, 30.71518187526816], [-95.59043309933027, 30.715509655593145], [-95.5897880986405, 30.7157807654691], [-95.58902531852002, 30.716094096219067], [-95.58680587713442, 30.716904096335515], [-95.5854342065478, 30.717382986444374], [-95.5843642055131, 30.71767909702586], [-95.5837242053418, 30.71784354720162], [-95.58314865555873, 30.71795021779083], [-95.58269031557204, 30.718021328028286], [-95.58192264502952, 30.718078917241264], [-95.5814758640427, 30.71811243721864], [-95.5777792024428, 30.718330767163902], [-95.57648809180017, 30.71843187862462], [-95.57588531205191, 30.7184585473479], [-95.5743408715539, 30.71847632779703], [-95.57374809081058, 30.718468547776062], [-95.57285254077595, 30.718404098486083], [-95.57202586975023, 30.718305217785886], [-95.57128641965107, 30.718216328329166], [-95.5707719695733, 30.718197988511793]]}, "properties": {"OBJECTID": 14, "Road_Category": "State", "Shield_Category": "State", "Route_No": "30", "Route_Name": "SH 30", "Tollway_Owner": null, "Shape.STLength()": 86944.48538899954}}, {"type": "Feature", "id": 15, "geometry": {"type": "LineString", "coordinates": [[-95.29311140204108, 29.70048675476289], [-95.2927163109626, 29.700074365211925], [-95.2924670618813, 29.699774104299905], [-95.29235508198839, 29.69958253459345], [-95.29224134190292, 29.699405873778144], [-95.29214318174132, 29.699162755051702], [-95.29208513168196, 29.698599873876994], [-95.29207039131677, 29.698026824113423], [-95.2920662008944, 29.697643233634995], [-95.29186879092877, 29.696379373318916], [-95.29179574041119, 29.696092593347345], [-95.29174795145444, 29.695846813061614], [-95.29169187072944, 29.695558342751752], [-95.29101381065274, 29.69372372206846], [-95.2907491503506, 29.693052121489966], [-95.29064219000269, 29.692687942267394], [-95.29058006965289, 29.692191391613445], [-95.2905143098357, 29.69098269188046], [-95.2904626596802, 29.688894940430778], [-95.29042673992417, 29.686820228944256], [-95.29030842972006, 29.68319238757176], [-95.29025997912437, 29.681955637878033], [-95.28993661893769, 29.680406426575846], [-95.28950724882827, 29.678589436243776], [-95.28932435839508, 29.677619296282323], [-95.28917698768628, 29.672185663061075], [-95.28906855777119, 29.66654405108784], [-95.2889760056753, 29.661363779173815], [-95.2887803755901, 29.650490865232406], [-95.28864662427685, 29.6424044917123], [-95.28869519460096, 29.641408850339698], [-95.2888627845835, 29.640010520541114], [-95.28897364442811, 29.638917289184096], [-95.28887370355818, 29.638017269764283], [-95.28873529458934, 29.63748161860942], [-95.28847206382355, 29.63682720887377], [-95.287790633999, 29.635750098278532], [-95.28678204229627, 29.634294408141372], [-95.28639225232364, 29.633652767411167], [-95.28605612162028, 29.632877967086074], [-95.28582160174483, 29.63218234670255], [-95.2856482216138, 29.63102912649809], [-95.28563219128655, 29.630668537037106], [-95.28560399275354, 29.630033976243148], [-95.28531842148166, 29.617361520985828], [-95.2853183402876, 29.616459170195153], [-95.28534379099506, 29.61617634037217], [-95.28640926988004, 29.600145713659224], [-95.28663049944865, 29.597661443357474], [-95.28665379978852, 29.597324263650584], [-95.2866869901471, 29.59601216150455], [-95.2866820996906, 29.5954106613266], [-95.28665225904872, 29.59419794211994], [-95.28662744888126, 29.59281189091248], [-95.28656978852625, 29.59125709077064], [-95.28652568944517, 29.58928395963882], [-95.2865340389739, 29.588406329177108], [-95.28655388849384, 29.586951539235045], [-95.28655619770868, 29.585500687934733], [-95.28655201881698, 29.584253017855485], [-95.28652745831903, 29.58349181732441], [-95.28648615840646, 29.58265602715616], [-95.28644915778561, 29.581870846616464], [-95.28639185764915, 29.578203974714057], [-95.28629765644794, 29.572627082590465], [-95.28625275724752, 29.570109461549027], [-95.28618527681478, 29.566980790094398], [-95.28612311673155, 29.564309259087686], [-95.28611683627867, 29.56370075851074], [-95.28610051565474, 29.56212098843104], [-95.2860665652234, 29.560997867939324], [-95.28598697629673, 29.56039086778571], [-95.28583932603037, 29.559892667397115], [-95.28576855526009, 29.559710127329737], [-95.2854644850888, 29.55915635701342], [-95.28522532583982, 29.5587820179314], [-95.28438947529116, 29.55756185683424], [-95.27824218053914, 29.548382003477226], [-95.2779766406199, 29.548009522820117], [-95.27659041083987, 29.545928932786016], [-95.27384774810245, 29.54187580135456], [-95.27170355693488, 29.538661439831692], [-95.26987114554343, 29.535953728832137], [-95.26971987635758, 29.535707708187857], [-95.26224194159053, 29.52454488432254], [-95.2610969705744, 29.52280004469669], [-95.25916155847365, 29.519934702930716], [-95.25033207314378, 29.5069915376285], [-95.24879173225591, 29.504747636955717], [-95.24829552171923, 29.50405076692679], [-95.24815506234378, 29.503824307332415], [-95.24789440188198, 29.503341556185088], [-95.2475579703556, 29.502617036868514], [-95.24743599156584, 29.50228852631239], [-95.2472231600837, 29.501578646025504], [-95.24708928061737, 29.50092518630441], [-95.24700520068376, 29.500260345432874], [-95.24689578999777, 29.498378914495056], [-95.24621430926659, 29.48491282932775], [-95.24574414745237, 29.46897454259502], [-95.2455620967788, 29.462325420187405], [-95.24556322645174, 29.461933910488142], [-95.24556551704367, 29.461130670054274], [-95.24560645584961, 29.46029734967461], [-95.24583169630807, 29.45861117905031], [-95.24592719752793, 29.458116358744512], [-95.24587813652494, 29.45766592793002], [-95.24533944576353, 29.456686977283553], [-95.24115857380565, 29.451145795994506], [-95.23859744254463, 29.44781306422526], [-95.23152881685073, 29.438546350519843], [-95.22914802627652, 29.435440989751203], [-95.22853798646094, 29.434533249874203], [-95.22803916526941, 29.433679549674014], [-95.22779803412006, 29.433084789114872], [-95.22752287475761, 29.43231429875047], [-95.22729718450522, 29.43169520835372], [-95.22696139445343, 29.42949895814476], [-95.22693649417393, 29.42832968734424], [-95.22699634436513, 29.426426576144717], [-95.22701164399629, 29.42594010633076], [-95.22711568379009, 29.424984575928878], [-95.22732286367103, 29.423958185659057], [-95.22747212397346, 29.42333074531198], [-95.22813489430922, 29.42003269360318], [-95.2282161939957, 29.419628113673674], [-95.22844172373958, 29.418769682948817], [-95.22868215421714, 29.417884902773825], [-95.22886548422359, 29.417423202168685], [-95.22935625366658, 29.416187261715447], [-95.23136494457832, 29.41211690073942], [-95.2335824454469, 29.407624908432965], [-95.23421779602675, 29.40663528818871], [-95.23525165667641, 29.405371206708853], [-95.2366730378217, 29.40422943587404], [-95.23777648773614, 29.403549516339844], [-95.23867293806315, 29.403077165435878], [-95.23960303787459, 29.40267069548515], [-95.24079602932424, 29.402280945319834], [-95.24215328967782, 29.401829885331157], [-95.24329786023682, 29.401313005358183], [-95.24472228099278, 29.400364484702155], [-95.24641804171479, 29.39894913394894], [-95.24686782108968, 29.398441644192733]]}, "properties": {"OBJECTID": 15, "Road_Category": "State", "Shield_Category": "State", "Route_No": "35", "Route_Name": "SH 35", "Tollway_Owner": null, "Shape.STLength()": 117892.08278151481}}, {"type": "Feature", "id": 16, "geometry": {"type": "LineString", "coordinates": [[-95.50642989403447, 29.53075899139186], [-95.50617465586583, 29.53067001085093], [-95.50567523595446, 29.53047437020536], [-95.50514389532978, 29.530236090715054], [-95.50333614528174, 29.52930609056442], [-95.50205828403747, 29.52861336091131], [-95.49920003221358, 29.527191760353855], [-95.49842113151328, 29.526759179419393], [-95.46843966432903, 29.511144725403746], [-95.46741831385093, 29.510612595279298], [-95.46120926159305, 29.507377294087693], [-95.45662188917532, 29.50497810324537], [-95.4558370178419, 29.504535362818437], [-95.4543270368291, 29.503746382894974], [-95.45243277585287, 29.50277079298197], [-95.45188678585212, 29.5025221229041], [-95.45075187551689, 29.50195701262338], [-95.44941651492304, 29.501260132713966], [-95.44764273339138, 29.5003631522969], [-95.4464693529575, 29.499714782209058], [-95.43843767766236, 29.49552331113006], [-95.43717420790465, 29.494879950047448], [-95.43665850797188, 29.49465718037269], [-95.43604323738538, 29.494432920495623], [-95.42322422979953, 29.49007329028137], [-95.41658404700581, 29.487797489470534], [-95.40452327979712, 29.483670968436968], [-95.40105582840985, 29.482484327880726], [-95.40011738838714, 29.48218013783915], [-95.39760736626855, 29.481310007432306], [-95.39653401590316, 29.480948877650768], [-95.39384711401817, 29.48004480717123], [-95.3833156585829, 29.476460676822484], [-95.37698899558302, 29.47429183558532], [-95.35609341405087, 29.4671648348743], [-95.3397350447733, 29.461580813064327], [-95.3380136438556, 29.46103810313817], [-95.33627772377831, 29.460526743263568], [-95.33443039159383, 29.459924542738708], [-95.32445779700015, 29.45651692222942], [-95.32320960527325, 29.456064782592467], [-95.32077780511706, 29.45512802221705], [-95.31889542406367, 29.454468471635536], [-95.31562720252454, 29.453355171862928], [-95.28924041793351, 29.44451687016324], [-95.25509068931211, 29.432821597176478], [-95.25332652779552, 29.432206087025563], [-95.24697742436777, 29.43004841609078], [-95.24499187293537, 29.429348056710403], [-95.24431576298615, 29.429121416751684], [-95.24254732235734, 29.428528576485384], [-95.2413439612171, 29.428114366398994], [-95.22824363491355, 29.42362701489802], [-95.22777626387663, 29.423447544849093], [-95.22747212463797, 29.423330755261215], [-95.22720170429119, 29.42322690458623], [-95.22710544376712, 29.42318545520947], [-95.22642007338706, 29.422890375333978], [-95.22576612316236, 29.42257509471877], [-95.22344426262619, 29.42152869536233], [-95.19926840833116, 29.410675991966215], [-95.19831029752332, 29.410296231695956], [-95.19541707679349, 29.409299881582918], [-95.19276548591684, 29.408413261673648], [-95.1684210522239, 29.400061669492857], [-95.12783129954079, 29.38597300582222], [-95.12560912903028, 29.385222835661878], [-95.1161490840789, 29.381956295997426], [-95.11237631227932, 29.380662454631643], [-95.08951632961593, 29.372811822946655], [-95.08171991536801, 29.37013367271817], [-95.04596815562981, 29.357844480020646], [-95.0372380106623, 29.35482840984359], [-95.03442121930807, 29.35388201881291], [-95.03054354747198, 29.35271342908207], [-95.01618540905642, 29.348383678087437], [-94.96817224289042, 29.333896744815036], [-94.96426164042441, 29.33269414541445], [-94.96350560996622, 29.33248751507187], [-94.96308494011578, 29.332397004277325], [-94.9625156506236, 29.33230478525655], [-94.96191935050471, 29.33224288472314], [-94.96151222994239, 29.33222147436632], [-94.94917573324776, 29.331961464856462], [-94.94767966234164, 29.331889115926487], [-94.94330982026011, 29.331631985656013], [-94.94294338016891, 29.331603725421786], [-94.94243648921878, 29.33154019567452], [-94.94187282921926, 29.33144281619981], [-94.94146360880694, 29.33135292608374], [-94.93928883731854, 29.33081065624073], [-94.93899919862788, 29.330703975482564], [-94.93836184734853, 29.330415995881356], [-94.93784043675147, 29.33016078613215], [-94.93752564767765, 29.330045065166246], [-94.93705996779345, 29.329951405122255], [-94.93657970688051, 29.329932125631164], [-94.93606840594065, 29.32989285574161], [-94.93537811553546, 29.329799555890492], [-94.93467911504825, 29.32966839551493], [-94.93392968523199, 29.32947899568674], [-94.9332564357061, 29.32926451469878], [-94.93261960447613, 29.328967155519138], [-94.93136641332565, 29.328185824709564]]}, "properties": {"OBJECTID": 16, "Road_Category": "State", "Shield_Category": "State", "Route_No": "6", "Route_Name": "SH 6", "Tollway_Owner": null, "Shape.STLength()": 198135.30639714157}}, {"type": "Feature", "id": 17, "geometry": {"type": "LineString", "coordinates": [[-95.77782737008091, 30.884529805305835], [-95.77664038117891, 30.882992288873655], [-95.7748127198029, 30.880541177903012], [-95.7742603895532, 30.879843797538364], [-95.77393969947563, 30.87947711714168], [-95.7733467884771, 30.87884179752408], [-95.77126672702741, 30.876741327601327], [-95.76965487609452, 30.87507670628809], [-95.7680910664118, 30.873496696043077], [-95.76543682444178, 30.870755875299388], [-95.76527361382487, 30.87062710485896], [-95.76199153177852, 30.867261344170885], [-95.7608415012428, 30.866106183098996], [-95.75895836999439, 30.864159472217192], [-95.7586557289796, 30.863822222514067], [-95.75830651933124, 30.8633853032511], [-95.75813226009991, 30.863148122357675], [-95.7578524291818, 30.862715951783684], [-95.75699156874637, 30.86133467154122], [-95.75489494797951, 30.858035940903672], [-95.75098267476638, 30.851788848324997], [-95.75034878464362, 30.850832128552444], [-95.74952468371238, 30.849800357698385], [-95.74758288196469, 30.84751805692856], [-95.74627312189013, 30.845947116996392], [-95.74430414023696, 30.84363566577339], [-95.74029841809357, 30.83888003392806], [-95.73975794703634, 30.838260764278733], [-95.73880418761188, 30.837097003772797], [-95.73852220731312, 30.83671304366869], [-95.73822655576713, 30.836270632774685], [-95.7375578663526, 30.83514163319222], [-95.73738666656621, 30.834895463198084], [-95.73580701413789, 30.832310352147122], [-95.73323852293501, 30.828048610745263], [-95.73265282289849, 30.827120390336024], [-95.73204547277136, 30.82632549006362], [-95.73017431145352, 30.82410699912137], [-95.72872172047005, 30.822424698873544], [-95.72299287706744, 30.815709216411253], [-95.72264615686616, 30.815348416374206], [-95.7221174470466, 30.814941975696456], [-95.72165070553002, 30.814658735351113], [-95.72103345521218, 30.814344295451985], [-95.71758301395667, 30.812706255444358], [-95.71386577170101, 30.81091406455926], [-95.7111330897818, 30.80962111477977], [-95.70562368668467, 30.80697575350244], [-95.69685959207061, 30.802801732849428], [-95.69645813191518, 30.802580792035304], [-95.69618195192385, 30.802402462674976], [-95.69590459181796, 30.80219722265504], [-95.69563462146847, 30.80196301204746], [-95.69447569062416, 30.800849602550407], [-95.69036039821017, 30.796818301188463], [-95.68256373339919, 30.78923697880453], [-95.68177786317646, 30.78845600833373], [-95.68134755288621, 30.787944917861473], [-95.68093019338181, 30.787222417602848], [-95.6752816680008, 30.77610714422797], [-95.6749443081681, 30.775476493437054], [-95.6727881573799, 30.771215651874595], [-95.67211811592358, 30.76992243188898], [-95.67183499659917, 30.769468761498473], [-95.67156196625365, 30.76912519114027], [-95.67121044582466, 30.768768761207948], [-95.67088654528261, 30.76850348111313], [-95.66953082562476, 30.767569001360837], [-95.65312166551314, 30.75656309765312], [-95.65194464450165, 30.75576889754807], [-95.65073842365163, 30.75497207746254], [-95.64949733259567, 30.75412486752974], [-95.64937082270822, 30.75403794702166], [-95.64878109361149, 30.753701487049444], [-95.6482056925337, 30.75344477660303], [-95.64750030190041, 30.75323352713611], [-95.64435609121557, 30.752395796693445], [-95.63887238704989, 30.750970035835838], [-95.62454658967565, 30.747196916384592], [-95.61970650755703, 30.74594341557054], [-95.6165815853826, 30.745112035400965], [-95.611454753534, 30.743782535907727], [-95.60871373042215, 30.743052405515215], [-95.6072657205323, 30.742688125689156], [-95.60673618021137, 30.742531496066608], [-95.60042676611803, 30.74086340529171], [-95.60034781587949, 30.740898605146114], [-95.59619163434432, 30.739776034494465], [-95.59473319327331, 30.73937772458008], [-95.59428260378832, 30.739241615437596], [-95.5940281431698, 30.73916350496428], [-95.5937264333345, 30.739021474479422], [-95.59347672297277, 30.73887824467688], [-95.59324777269565, 30.738735734485385], [-95.59296224208033, 30.73854340477792], [-95.59268003257398, 30.73835418411559], [-95.59240156193907, 30.73815909498175], [-95.59220400133907, 30.738011684544613], [-95.59197325237736, 30.73783319435751], [-95.59167983193318, 30.73758674462005], [-95.59134339192303, 30.737296914933598], [-95.59075685149239, 30.736872814716023], [-95.59029398073854, 30.73654571473248], [-95.59001134499323, 30.73636657961591], [-95.58999368160073, 30.73635538357115], [-95.5897510313894, 30.736599944547542], [-95.5896313001742, 30.73674870459224], [-95.58918202983293, 30.737285644456723], [-95.58898238130305, 30.737636875325713], [-95.5889092813429, 30.737701804848435], [-95.58879194069995, 30.737748325332326], [-95.58857400047381, 30.73774850493656], [-95.58664695856947, 30.737248724188095], [-95.58571751878492, 30.737044734814436], [-95.58478277875095, 30.736896554699054], [-95.57975510511878, 30.736185174404458], [-95.57731644469888, 30.735869134554896], [-95.57722866355117, 30.735857254487403], [-95.57672380370887, 30.73576224477197], [-95.57625867404259, 30.735644734811963], [-95.57591254292532, 30.735537954157206], [-95.57555993373272, 30.73540381519735], [-95.57498280340434, 30.735131565046142], [-95.57393334252806, 30.734540054129184], [-95.56568280727855, 30.729716224101978], [-95.56504616791315, 30.729284992718018], [-95.56466521712117, 30.728933573030048], [-95.5640622268811, 30.728271113258195], [-95.55926284401652, 30.722876340829156], [-95.55904264359508, 30.722675360891326], [-95.55863527342393, 30.72235483053638]]}, "properties": {"OBJECTID": 17, "Road_Category": "State", "Shield_Category": "", "Route_No": "75", "Route_Name": "SH 75", "Tollway_Owner": null, "Shape.STLength()": 95600.4924669164}}, {"type": "Feature", "id": 18, "geometry": {"type": "MultiLineString", "coordinates": [[[-95.4715451002435, 30.314948683160654], [-95.47030425820769, 30.314375442705185], [-95.46785348777271, 30.313314672284477], [-95.46682039699175, 30.31293962289344], [-95.46604919671302, 30.312711771887834], [-95.46539564717487, 30.31255632228471], [-95.46480763662538, 30.312439462536425], [-95.46416689506758, 30.312337092682217], [-95.46401472611106, 30.312321681846303], [-95.46389788530082, 30.312309843013427], [-95.46368972597092, 30.31228876247972], [-95.4618963144297, 30.31252724268277], [-95.46173688459687, 30.312580612943307], [-95.45589461106113, 30.31262988317749], [-95.45502179089988, 30.312763522927686], [-95.4510028295737, 30.314412073972598], [-95.45008842881573, 30.3144206237302], [-95.44934585903047, 30.314486144368882], [-95.44517265571538, 30.314944694245526], [-95.44393318577657, 30.315081034496004], [-95.44313098498964, 30.315203375856907], [-95.44245128445367, 30.315365665143066], [-95.44183107474063, 30.315552795565754], [-95.44133347457898, 30.315740996076748], [-95.43722227238918, 30.317408646097096], [-95.43582222126796, 30.317980667414954], [-95.43401579983723, 30.318700006999105], [-95.43332401110466, 30.318944287536862], [-95.4327641099807, 30.319078157277488], [-95.43205314906562, 30.319179457787495], [-95.4290671583092, 30.319409817810115], [-95.4282040879071, 30.31945121738239], [-95.42615288631372, 30.31959359838919], [-95.42371674565933, 30.31978392830389], [-95.42072018405153, 30.319992749363337], [-95.419313003508, 30.320127129211365], [-95.41878321335733, 30.320177738759984], [-95.41779544229522, 30.32031737889627], [-95.41669254193964, 30.320528709472807], [-95.4091847378037, 30.322081870250738], [-95.40278324611175, 30.323389280810467], [-95.39970603353406, 30.32401762169496], [-95.39761869309179, 30.324431841707153], [-95.39562721165514, 30.324827622769277], [-95.39289633036262, 30.325397192656247], [-95.38309749533336, 30.327395884307588], [-95.38109511403263, 30.32779121396901], [-95.3660860367339, 30.33084487676849], [-95.35915466382949, 30.332239408107696], [-95.35760643290261, 30.332527517926124], [-95.35699288212284, 30.33262274803178], [-95.3551721823198, 30.332856358511695], [-95.35373554127419, 30.332976478057375], [-95.35196795915364, 30.33307050889421], [-95.35096677873, 30.333083409046733], [-95.3461541067886, 30.333075709626982], [-95.34280677544785, 30.333054739516722], [-95.33052323980958, 30.33301606079596], [-95.32961919793671, 30.333023590088644], [-95.32808720818265, 30.332996010545866], [-95.32349850556525, 30.332683700616943], [-95.32048545365431, 30.332501150586033], [-95.31659849186148, 30.332238021095307], [-95.31149943967765, 30.331915000932696], [-95.30778421753824, 30.331744731258663], [-95.30698364609715, 30.33169095097592], [-95.3046568760297, 30.331472461708824], [-95.30346953408801, 30.33139184200442], [-95.26840605661597, 30.329105683105087], [-95.266824116411, 30.329051172730452], [-95.25541993008935, 30.328989853264662], [-95.25448337009522, 30.328975954117674], [-95.25356821822899, 30.32894022442131], [-95.22673379564155, 30.32715680592964]], [[-95.21032721657592, 30.32603540819201], [-95.21032393647438, 30.326035236533055], [-95.20976608645749, 30.32598781592928], [-95.20638721455228, 30.325763895518044], [-95.204686213134, 30.325682446550967], [-95.20292334273915, 30.325566386565068], [-95.20153794200934, 30.32545679610872], [-95.20088945169285, 30.32537425602215], [-95.20025685106506, 30.325259605975223], [-95.19970835014877, 30.32511991584431], [-95.19903641130973, 30.324904186512942], [-95.19848503017099, 30.32469354677723], [-95.19803241061281, 30.324483526755717], [-95.19748621943432, 30.32419034646151], [-95.19695090954073, 30.323855096585067], [-95.19663356971722, 30.323634755661228], [-95.19620249830952, 30.323302946226615], [-95.19591940957646, 30.323049935927468], [-95.19544791953219, 30.322585145959522], [-95.19487990929049, 30.321944815434055], [-95.19480677844501, 30.321862375352627], [-95.19448322853917, 30.321497624814107], [-95.19174182636584, 30.318311834089922], [-95.19134765577468, 30.31790336335235], [-95.19100489532633, 30.317599483363196], [-95.19071692518638, 30.317379704430437], [-95.1902639547531, 30.31709557417918], [-95.18992187582855, 30.31692034394679], [-95.1896019352803, 30.316783323632645], [-95.18910507545586, 30.3166240537718], [-95.18875368512778, 30.31651552371582], [-95.18850608466845, 30.316467203747806], [-95.18827609390216, 30.316422323679696], [-95.18790041429834, 30.316390004124706], [-95.18746142446348, 30.316380943757245], [-95.18708122429463, 30.31639400396255], [-95.18639216343551, 30.316474354087692], [-95.18594095260661, 30.316559144256015], [-95.18264004168876, 30.317343444709703], [-95.17972843015964, 30.31806928462479], [-95.17045580520873, 30.320319985970965], [-95.16663824355774, 30.32126182696656], [-95.15746521936343, 30.3234781588013], [-95.15729883950031, 30.323518358915827], [-95.15618968851085, 30.323809189348854], [-95.15506451737357, 30.32413849890811], [-95.13245271765943, 30.331128083883883], [-95.1321912567672, 30.33075334326487], [-95.13170236582759, 30.330438843028553], [-95.1285057345715, 30.329623143218203], [-95.12755441422833, 30.3292903431844], [-95.1263483441963, 30.32875424340877], [-95.1246969324564, 30.327798243301107], [-95.12317380182216, 30.326573541794325], [-95.12183562054979, 30.325112151076908], [-95.12076519953038, 30.32344863106905], [-95.12019125015024, 30.322184040537742], [-95.11858476888389, 30.317967538923984], [-95.11789448774967, 30.31673493828963], [-95.1171292973866, 30.315828548525374], [-95.11618961753328, 30.315021138459283], [-95.11531513679678, 30.314483148108202], [-95.11410458609775, 30.31396443756669], [-95.11254441511107, 30.313565238102154], [-95.11095832428516, 30.31343183787263], [-95.10350669139766, 30.313493338191055], [-95.09653551701113, 30.313706138674373], [-95.08497307125502, 30.313751249318237], [-95.08364843067068, 30.313902849962787], [-95.08234365920461, 30.31427083077721], [-95.08115125928836, 30.314833039900005], [-95.08010964861262, 30.315549040646424], [-95.07895534784095, 30.31675544129536], [-95.0773352082432, 30.319469641969388], [-95.07676594757228, 30.320206652960636], [-95.07609189665584, 30.320907943194104], [-95.06666196315604, 30.328287247460498], [-95.06148948017416, 30.33279175912952], [-95.06042111092715, 30.33385018034954], [-95.05509365763929, 30.32979375886897], [-95.04535066128126, 30.322598645891635], [-95.04347836983025, 30.32122431519731], [-95.04314681973476, 30.320995225935484], [-95.04286889077737, 30.320826145932767], [-95.04254838023043, 30.32066142602973], [-95.04211013908923, 30.32047965579744], [-95.04190077017061, 30.320408715737543], [-95.040944008787, 30.320139915846482], [-95.03929019770693, 30.319729795770282], [-95.03866631737219, 30.319617766364086], [-95.0380557573541, 30.31954849565421], [-95.03736079658947, 30.319510485324464], [-95.03670053719392, 30.319517464987186], [-95.03313262512876, 30.319756295953933], [-95.03188758398228, 30.31985440622566], [-95.01238772418466, 30.321212987414718], [-95.0117421339546, 30.3212431486289], [-95.00980661381985, 30.321277388134234], [-95.00781004196978, 30.321302508357054], [-95.00547528105206, 30.32130600808411], [-95.00467992079261, 30.321270579046562], [-95.00420059988072, 30.32123376916456], [-95.00305080952646, 30.32109728860688], [-95.00184825879717, 30.320897058074078], [-95.00072317869504, 30.320637989063098], [-95.0000599776566, 30.320453118249645], [-94.99944630757928, 30.320252268710625], [-94.99876354687082, 30.320005008654764], [-94.99810320646426, 30.319733218184602], [-94.99661851600945, 30.3190526085038], [-94.99606287527207, 30.319807338776556], [-94.99581662577407, 30.320097998850564], [-94.99553683473361, 30.320375078021314], [-94.99511627509116, 30.32070577848521], [-94.99466936537016, 30.320966238577274], [-94.99437140482661, 30.321107179620626], [-94.99410251540293, 30.321213309938816], [-94.99381725501128, 30.321307929878042], [-94.99355966400337, 30.32137503010369], [-94.99300912465647, 30.321474519793323], [-94.99208074423744, 30.32158165000072], [-94.98821813250865, 30.321972500176347], [-94.98282873903807, 30.32250110049168], [-94.96937425224083, 30.32387044183305], [-94.96614681080557, 30.324182492636368], [-94.96489344041785, 30.324262682990014], [-94.96382857937395, 30.324286122397492], [-94.96315676929805, 30.324278792330276], [-94.96238627798972, 30.324249152692364], [-94.96168547897358, 30.324204112306536], [-94.96039418732815, 30.324074653097757], [-94.95947344728086, 30.323944192418633], [-94.95845108636135, 30.323764522227762], [-94.95754045537258, 30.323571423184468], [-94.95660912483065, 30.32333841268689], [-94.95400507437236, 30.32262553265262], [-94.95011027242973, 30.32153260285069], [-94.94957919199753, 30.32138357225688], [-94.94757069182539, 30.320850932755672], [-94.93987770699809, 30.318750402599857], [-94.92982417170785, 30.315977881259254], [-94.92342911738717, 30.31423086057189], [-94.91619054361063, 30.312226230638192], [-94.91520987380306, 30.311970301612917], [-94.91135986159495, 30.310900541112495], [-94.91011904019555, 30.31057136090503], [-94.90294691669502, 30.30859273098887], [-94.87835035308153, 30.301872878908572], [-94.86713615761545, 30.298826169568848], [-94.86615361622644, 30.298544759332906], [-94.86528259562888, 30.298273748978417], [-94.8645418852799, 30.298002048420916], [-94.86193327496376, 30.296933279110302], [-94.86060453373473, 30.29636460862173], [-94.85970737326849, 30.296006878694698], [-94.85777695176073, 30.295197718559127], [-94.85449184981374, 30.29385119740302], [-94.85042520709058, 30.292154438043735], [-94.8492379479236, 30.291694117431778], [-94.84790816666845, 30.29123137706361], [-94.8473509362946, 30.291053337041422], [-94.84580972539244, 30.290607597917482], [-94.84325760387824, 30.289904326830992], [-94.82544000437878, 30.28505547637336], [-94.82463514414464, 30.28482225582417], [-94.81815429101408, 30.283043025695825], [-94.81055012617482, 30.280979995304847], [-94.79652658811102, 30.277139285241255], [-94.79484481814976, 30.276695235271447], [-94.79395990728091, 30.2764308548287], [-94.7917786762203, 30.275837635887985], [-94.791143036526, 30.2756424453038], [-94.79015117540338, 30.275294984890714], [-94.78899786414284, 30.274808054684907], [-94.78804330378878, 30.274329794068386], [-94.78758844475868, 30.274079204988286], [-94.78679763304783, 30.273605264744994], [-94.78602054343091, 30.27308467380407], [-94.7853275430257, 30.272568773866897], [-94.78474696224316, 30.27208681429803], [-94.78409315195518, 30.271492033476168], [-94.78361307141824, 30.27101573368209], [-94.78306015221355, 30.270410223815468], [-94.78217470132319, 30.269378033298246], [-94.7718661238784, 30.257122788784255], [-94.77124541404804, 30.256436397751205], [-94.77085814406209, 30.2560494682653], [-94.77025881275868, 30.25549751797773], [-94.7695794126723, 30.25493070802699], [-94.76895673240377, 30.254451077475103], [-94.76819677234452, 30.253931937382635], [-94.76711681188098, 30.25327882771244], [-94.7661323308851, 30.252757678276705], [-94.75646902533599, 30.247851635880213], [-94.75588030518534, 30.24758710560792], [-94.75537678448742, 30.247392345862504], [-94.75475400517954, 30.247200765623095], [-94.75424875446045, 30.247079465845474], [-94.7534878633503, 30.246929396365243], [-94.75273619310602, 30.246852796511845], [-94.75206946275728, 30.246831265978162], [-94.75082986284153, 30.246843636626917], [-94.74456119842148, 30.246951996000742], [-94.74296546761754, 30.24695885700064], [-94.74212994781425, 30.246975367264056], [-94.74108343829614, 30.246996037148108], [-94.73903860634914, 30.24705549754862], [-94.73418550441407, 30.247128597975905], [-94.718125785285, 30.247561689247], [-94.71754953609317, 30.247550298737615], [-94.7169239749823, 30.247497158826082], [-94.7140768636989, 30.2470946983778], [-94.7134425026288, 30.247039359170763], [-94.71272152270923, 30.247012748957918], [-94.69927913561037, 30.247194279676975], [-94.69397702271657, 30.247275699611965], [-94.69281882199732, 30.247310870227945], [-94.69166822125536, 30.247396230650367], [-94.69019018026219, 30.24760290038129], [-94.68388929888077, 30.248633730797597], [-94.6796663161248, 30.249301632723096], [-94.6635734180761, 30.25189938445479], [-94.66143912699651, 30.252256724507248], [-94.65955927556226, 30.252546084626264], [-94.65498468350567, 30.253286405166914], [-94.65390543236998, 30.253425205666172], [-94.65342874276321, 30.253467185192186], [-94.65302440276155, 30.25348277584203], [-94.65184634251017, 30.253459005253465], [-94.64724523170636, 30.253166807325133]]]}, "properties": {"OBJECTID": 18, "Road_Category": "State", "Shield_Category": "State", "Route_No": "105", "Route_Name": "SH 105", "Tollway_Owner": null, "Shape.STLength()": 274601.6178421738}}, {"type": "Feature", "id": 19, "geometry": {"type": "LineString", "coordinates": [[-95.80884808367767, 29.55824937220345], [-95.80883328277929, 29.5572196210858], [-95.8087731722884, 29.553041860372918], [-95.80872950218246, 29.55145978897827], [-95.80872686203953, 29.550285058773014], [-95.8086728317843, 29.54783576734046], [-95.80861489153999, 29.546427657553096], [-95.808476241494, 29.540929164789148], [-95.80846633053271, 29.539785714496468], [-95.80833112102154, 29.534139842056526], [-95.8083133898042, 29.532555852049246], [-95.80829334069631, 29.53213664158472], [-95.80829752004888, 29.531957351374512], [-95.8082000711368, 29.53002989032413], [-95.8079366788955, 29.52100104650793], [-95.80784477782694, 29.511277733011664], [-95.80764593750783, 29.502850119525238], [-95.80732671623416, 29.491667185013814], [-95.8073375363565, 29.49100631504506], [-95.80739418717818, 29.490493234665152], [-95.8076037267993, 29.489570233930586], [-95.80779908641556, 29.48897677424534], [-95.80785790610142, 29.48882662283766], [-95.80858071670224, 29.487002672488035], [-95.80892699648047, 29.4861810621742], [-95.81326330830454, 29.476068757848637], [-95.81573524878435, 29.470345875276703], [-95.81652395885673, 29.46847097448703], [-95.8191039292628, 29.46248300172979], [-95.82147413050944, 29.456983159332626], [-95.82532802214672, 29.447951105738802], [-95.82591105234121, 29.44662800477539], [-95.83071788373123, 29.435388130326857], [-95.8311952935317, 29.434309629927395], [-95.83361246404075, 29.428677527438584], [-95.83415567483661, 29.42738929679189], [-95.83429557430394, 29.427027386560233], [-95.83441862451797, 29.426650396429256], [-95.83451082488867, 29.426310936647905], [-95.83459407419654, 29.425898355500326], [-95.8346607939386, 29.425409325900308], [-95.83469214464276, 29.42499746521686], [-95.83483225499033, 29.420745513789704], [-95.83485269485027, 29.419670903587992], [-95.83490656435475, 29.418614182241512], [-95.83499535434703, 29.415761732177028], [-95.8350969739185, 29.41190777088065], [-95.83517261278978, 29.41011726973051], [-95.83530519320286, 29.406008187776877], [-95.83530609276643, 29.405202797373256], [-95.83523427313433, 29.404240797569255], [-95.83514652338464, 29.403527066982495], [-95.83501686217357, 29.402817087052902], [-95.83490477281636, 29.40233735594943], [-95.83484118237325, 29.402107295968875], [-95.83331247090474, 29.396583683730473], [-95.83313378128663, 29.395980494011557], [-95.83296969093277, 29.395613814252922], [-95.83291338092283, 29.395517913853094], [-95.83272321146792, 29.395206203991016], [-95.83241309001214, 29.394803683430197], [-95.8320661605733, 29.394456254016223], [-95.8228057358648, 29.38673303087855], [-95.81988348378574, 29.38432488004147], [-95.81893688311189, 29.38352044933389], [-95.81316524997293, 29.37873630852903], [-95.81219001897723, 29.37793580814383], [-95.81072432884373, 29.376738387388837], [-95.8100423185281, 29.37615707789578], [-95.80535694543809, 29.372287916334944], [-95.80384519472965, 29.3710098753793], [-95.80120049299983, 29.368853454620055], [-95.79783646088627, 29.36606138385829], [-95.7967098704223, 29.365145113947673], [-95.79427103833146, 29.36310209315522], [-95.78136341121811, 29.352423269551227], [-95.78114813096055, 29.352229409283474], [-95.77945896001623, 29.350831759277792], [-95.77803390961435, 29.349625788288638], [-95.77768106882876, 29.34933870910673], [-95.77551412772497, 29.347586108149255], [-95.77345670648769, 29.3458614769801], [-95.75779978772906, 29.332886832561453], [-95.75664354658731, 29.331943962734908], [-95.75115913377334, 29.327380690749365], [-95.75060375368099, 29.326893110847145], [-95.74991939323392, 29.32623994148128], [-95.7495068320857, 29.325806470460424], [-95.74897604250616, 29.325199809826167], [-95.74869604228532, 29.324852169739252], [-95.74815298177747, 29.324118000272648], [-95.74766867160899, 29.32336737056168], [-95.74732195120524, 29.32277759025938], [-95.74491724917007, 29.31869213776405], [-95.74393841862401, 29.317073536855645], [-95.73949471563363, 29.309571824812945], [-95.73896659625146, 29.308631464508263], [-95.73798648597689, 29.30676563359804], [-95.73355936292442, 29.298223819877627], [-95.72530049681912, 29.282298494368842], [-95.70978980559681, 29.25107896276795], [-95.69793109819929, 29.22724245299106], [-95.66819252744368, 29.166055870162577], [-95.66730665801245, 29.164265439725767], [-95.66027555235898, 29.151163404560403], [-95.6596401318979, 29.150004013886164], [-95.65847372142264, 29.147792733490732], [-95.65812426075452, 29.14714077306363], [-95.6576487307624, 29.14625359257431], [-95.65737121067436, 29.145766082531164], [-95.6570870401997, 29.145212082351538], [-95.65342075793083, 29.138370429906217], [-95.6532737578742, 29.138097759478946], [-95.65008459546677, 29.132181857501827], [-95.64938261530854, 29.13076626718645], [-95.64830562367243, 29.128311345548553], [-95.64774171447355, 29.12717567597576], [-95.64112260030474, 29.114842200465624], [-95.64042341984074, 29.113559950211986], [-95.64021329946785, 29.11317959013008], [-95.63826301760666, 29.109518738850447], [-95.63251048329897, 29.098805895386086], [-95.6319865029156, 29.09787021423047], [-95.63142318303359, 29.096950843851847], [-95.6309452728772, 29.096221713611985], [-95.63038006232698, 29.095411822929744], [-95.62955025215139, 29.094319303234744], [-95.62887446171217, 29.09349513300843], [-95.62827646182394, 29.092805252889114], [-95.62742336065646, 29.09188654210438], [-95.62684024943516, 29.091287421896848], [-95.62579388915539, 29.090303232063434], [-95.62493749922339, 29.089552461130424], [-95.62419324941303, 29.088939000459412], [-95.62329212862785, 29.088240040742825], [-95.62247190839717, 29.087652531141106], [-95.62137333765655, 29.086918681071058], [-95.62060896744813, 29.086439789916955], [-95.6193324456794, 29.085688860025275], [-95.61055216140973, 29.08074512881838], [-95.60633026886512, 29.078359387439388], [-95.60591973778523, 29.078106257978074], [-95.60496586808962, 29.077589097702752], [-95.58355734584352, 29.065486664364656], [-95.5829946657943, 29.06514938398807], [-95.58169663467066, 29.064298514085237], [-95.58083265474328, 29.063694194263764], [-95.5800374837784, 29.06309897338847], [-95.57937258325282, 29.062571182526398], [-95.57864001305894, 29.06195375251671], [-95.57772230256968, 29.061158332650905], [-95.57722273243947, 29.06069266233747], [-95.57615772137356, 29.059624771387988], [-95.57531332162065, 29.058704481496193], [-95.57426373085113, 29.057463601173453], [-95.57366422013729, 29.05673215122856], [-95.57332982030394, 29.056297701509845], [-95.57275791928853, 29.05548417061773], [-95.57220637908334, 29.054579370200834], [-95.5719194285515, 29.054042929830782], [-95.5716573786975, 29.053497620061727], [-95.57131938825039, 29.05269322938425], [-95.57115963922513, 29.052259869576048], [-95.57085291838462, 29.051286378696133], [-95.57064646872395, 29.050360468731338], [-95.57051750744536, 29.049667548750595], [-95.57044082803453, 29.049104747859616], [-95.57041988782464, 29.048841867611944], [-95.57039484780357, 29.04852758856845], [-95.57020768806912, 29.046967187253404], [-95.56944522672295, 29.03998737501224], [-95.56923450680411, 29.038870953566644], [-95.5691335861706, 29.038455823940797], [-95.56894874665336, 29.037768213620357], [-95.5686998359099, 29.037094132608733], [-95.56838112546518, 29.03630052277513], [-95.56833365549957, 29.036193443189223], [-95.56788903553183, 29.035267892603976], [-95.56724942490945, 29.03419431192133], [-95.56661437539825, 29.033269562362143], [-95.56639427443959, 29.032987701910283], [-95.56549559339868, 29.031916540804485], [-95.5637604633129, 29.029918240242242], [-95.56253712197197, 29.02848296993849], [-95.55797172940964, 29.023200438533035], [-95.55674872836424, 29.02180438716791], [-95.55274283644631, 29.017152396495412], [-95.55226474574535, 29.01661625517413], [-95.55151607535181, 29.01581375567233], [-95.55063400492476, 29.014935515583446], [-95.54997327556325, 29.014319495081832], [-95.5492711748434, 29.013698294827986], [-95.5196362873051, 28.987830646187426], [-95.51857219656637, 28.986934375557414], [-95.51803857578629, 28.98656285623548], [-95.51766584637397, 28.98633894563271], [-95.51711003539064, 28.986040875400395], [-95.51673445584777, 28.98586440612353], [-95.51603287489034, 28.98559752563681], [-95.51587400485617, 28.98554495603155], [-95.51563253537827, 28.98546791500793], [-95.51504478457028, 28.985313455339078], [-95.51453095388918, 28.985211864457636], [-95.51400273362658, 28.985133075031545], [-95.51333727361441, 28.985075645001263], [-95.51291496343478, 28.985060205215387], [-95.51226388309726, 28.985070965686347], [-95.49792346637732, 28.985449156072157], [-95.49685035489671, 28.98545619665811], [-95.49560725424449, 28.985437526888283], [-95.49453788418644, 28.98537833680705], [-95.49355831343388, 28.985303066541], [-95.49227086340849, 28.9851653166425], [-95.4915336726372, 28.985068386497115], [-95.48982913202481, 28.98478865673656], [-95.48906524128147, 28.984639076262024], [-95.48787125089905, 28.984378796671397], [-95.48648213030098, 28.984019836949386], [-95.48528411856861, 28.9836783070765], [-95.48419023822565, 28.983315267111998], [-95.48297103778118, 28.98287735647966], [-95.47373831246755, 28.979290755413253], [-95.47171705194934, 28.97848871530546], [-95.45695267363202, 28.97273936411836], [-95.4554826426712, 28.972100263532823], [-95.45385541128874, 28.971497633581595], [-95.45194243093471, 28.970877983517223], [-95.4502244998952, 28.970422193365383], [-95.44867791989459, 28.970053892667927], [-95.44712421913079, 28.969765403300457], [-95.44602173754168, 28.969592503180568], [-95.44535412796361, 28.969504653182877], [-95.44380113702509, 28.969335932874095], [-95.44243607638302, 28.9692384435828], [-95.44082358530314, 28.969184882982432], [-95.43963288420385, 28.96918435266308], [-95.42656370811548, 28.969446084933374], [-95.42491647728451, 28.969419644260366], [-95.42416738708738, 28.96938849394977], [-95.4232903463278, 28.969328094337445], [-95.42186912587148, 28.96919059525754], [-95.42090218536244, 28.969069344846808], [-95.41974391441349, 28.968890514878883], [-95.41854928304951, 28.968669415219253], [-95.41675362204967, 28.968275084705585], [-95.41247743084017, 28.967279033648147], [-95.41111403078047, 28.966954534429], [-95.41054978911222, 28.966820234154643], [-95.40962092919234, 28.966565154245124], [-95.40863043814394, 28.966223674160872], [-95.40805669762773, 28.96598652461709], [-95.40745087770591, 28.965710924178833], [-95.40677241753374, 28.965358124209484], [-95.40622866739739, 28.965025133599266], [-95.4057095975924, 28.964707973598802], [-95.4051845267225, 28.964338403994272], [-95.40471869644807, 28.963970983212434], [-95.40373936542792, 28.96320298356669], [-95.4032930155025, 28.962821383725917], [-95.40291251541663, 28.96247028307456], [-95.40175363473416, 28.961400952539822], [-95.39115199851729, 28.951486438605052], [-95.39046710834545, 28.95086068958804], [-95.38987139732079, 28.950383478600582], [-95.3891432670587, 28.949873588361847], [-95.38820993619633, 28.949314288551037], [-95.38807135574612, 28.949240188535715], [-95.38785612622475, 28.949125108434657], [-95.387359316519, 28.948866908247584], [-95.38671437547202, 28.948590008445386], [-95.38568066606985, 28.94827169774185], [-95.38031168272886, 28.946790237621457], [-95.37619022053845, 28.945702197420683], [-95.373386188706, 28.944961857707234], [-95.37012556678354, 28.944082217096593], [-95.36670604522874, 28.943159607175556], [-95.36587949452742, 28.94292672707212], [-95.36432208403589, 28.942487916724772], [-95.35176925659081, 28.93911372712287], [-95.35086900666506, 28.938924586745312], [-95.34936882496437, 28.938667337147113], [-95.34833166503556, 28.938446226504386]]}, "properties": {"OBJECTID": 19, "Road_Category": "State", "Shield_Category": "State", "Route_No": "36", "Route_Name": "SH 36", "Tollway_Owner": null, "Shape.STLength()": 303471.07358764583}}, {"type": "Feature", "id": 20, "geometry": {"type": "LineString", "coordinates": [[-95.26272833359229, 29.66903447370989], [-95.26094235274529, 29.66994103393653], [-95.26041008276515, 29.670123044900304], [-95.25984995251076, 29.67021190511818], [-95.25596431028201, 29.67027909475574], [-95.249843027635, 29.670372225243486], [-95.249413456942, 29.670345045119515], [-95.24846739636044, 29.67016738550236], [-95.24782864646664, 29.670143015983804], [-95.2421544930513, 29.670224526351713], [-95.24166981310687, 29.669701705122815], [-95.24023649217513, 29.668039265155514], [-95.23959669186321, 29.667322255613158], [-95.23672580920379, 29.664239163615363], [-95.23557248871363, 29.66303521376512], [-95.23222826706761, 29.65945885159792], [-95.23117303624572, 29.658293411656928], [-95.22998434615015, 29.657018891583473], [-95.22923235525708, 29.656154230499947], [-95.22792592376311, 29.654819250354706], [-95.22667313385567, 29.653487550269904], [-95.22511481370175, 29.65198520979896], [-95.22455211344486, 29.651411759742246], [-95.2013985980014, 29.6266537705169], [-95.1982772563757, 29.62329431919667], [-95.19685975570641, 29.62179030860064], [-95.19621662492409, 29.62110738830138], [-95.19581115503863, 29.620669128573066], [-95.19493536402123, 29.619452908557154], [-95.19364562338762, 29.617911507454775], [-95.19205778331721, 29.616266976597], [-95.19083212252822, 29.614924146115026], [-95.18966177179504, 29.613793005685775], [-95.18830018035348, 29.612595455965167], [-95.18780803030539, 29.612121075983296], [-95.18690866962726, 29.611196745254347], [-95.18529844835643, 29.609473904687462], [-95.17890568449621, 29.602655812417648], [-95.17699564314559, 29.600625631453852], [-95.16072689374272, 29.58331249550852], [-95.15783233100053, 29.580222144447166], [-95.13183261627813, 29.552425824021302], [-95.12944767460533, 29.54985344437246], [-95.12274814097823, 29.54269132083487], [-95.1214011596377, 29.54121567060338], [-95.12117403006249, 29.54098722013738], [-95.1180575981641, 29.53764258952524], [-95.11526765632115, 29.534655418086857], [-95.10822196187377, 29.527107985813178], [-95.10453838996345, 29.52316825446666], [-95.10395064914626, 29.522501894528197], [-95.1021530175604, 29.520574583734426], [-95.10189002836059, 29.52027532366467], [-95.10167122714395, 29.519964553856138], [-95.10150935828099, 29.519634932831536], [-95.10144848855786, 29.51946760366604], [-95.10136563773267, 29.519129932998865], [-95.10105290767301, 29.51586227145463], [-95.10102731721399, 29.515739841924034], [-95.10101539805129, 29.515626011202126], [-95.10092318649575, 29.515084500950476], [-95.10076251696374, 29.5144751314931], [-95.10061417761123, 29.5140002711299], [-95.10038235590733, 29.51347192040152], [-95.10006792655531, 29.512873330534802], [-95.09975837549462, 29.512367100082724], [-95.09945288593114, 29.51196991048773], [-95.09666476475097, 29.508971728783493], [-95.09526100359908, 29.507523538290393], [-95.09449332328631, 29.506787958084836], [-95.09370216273602, 29.505912458378376], [-95.09206911133322, 29.50416186746074], [-95.08906670033748, 29.500970076576944], [-95.08159807460032, 29.492960283997462], [-95.08114563458678, 29.49246944346999], [-95.08018262469928, 29.49146429292514], [-95.07503965132942, 29.48593229126121], [-95.0699285185778, 29.48045835910726], [-95.05969037262551, 29.469491045597426], [-95.05938764096474, 29.46913593555452], [-95.05863085120805, 29.468059575509386], [-95.05834431183594, 29.467708764770396], [-95.05183564696272, 29.460753191976714], [-95.05100837745164, 29.45986902239122], [-95.0507019458257, 29.459617541770434], [-95.05046439608671, 29.4594652221755], [-95.05019618614624, 29.459330181784395], [-95.04944308527266, 29.459008051661655], [-95.0490018158113, 29.45878120188596], [-95.04861018497502, 29.458523621068228], [-95.0483278049163, 29.458295280942096], [-95.0479369041322, 29.45790902120724], [-95.04579986289616, 29.455624039737977], [-95.0453578032703, 29.45523981975861], [-95.04493744378142, 29.4549389103219], [-95.04469220299063, 29.454786890111247], [-95.04427629268196, 29.454561770401284], [-95.03911593936631, 29.45195056910427], [-95.0374987586137, 29.45100494959014], [-95.03711826844844, 29.450789938689663], [-95.03674144823255, 29.450459208872548], [-95.03401820669515, 29.4475734075923], [-95.03095704506573, 29.444282666891752], [-95.02882817406666, 29.441989356104553], [-95.02182882924532, 29.434470803320004], [-95.0172744172985, 29.429573591786443], [-95.01008777246892, 29.421879698541982], [-95.00608850035898, 29.417528317003764], [-95.00199230727986, 29.413073315861155], [-94.99766503505059, 29.408499584112597], [-94.99596467375481, 29.40665149353236], [-94.99478326331491, 29.40533588256094], [-94.99071183043334, 29.401036451370654], [-94.98981024975582, 29.400113650864135], [-94.98631014776504, 29.39632730956627], [-94.98353651657175, 29.39333518895338], [-94.98311705547225, 29.392839018494044], [-94.97327576995532, 29.382312144540375], [-94.97020665758369, 29.37910621376191], [-94.9701372081496, 29.379031153639215], [-94.96743472580378, 29.376110532933428], [-94.96613671580828, 29.374728792021845], [-94.9610083625, 29.369204580137193], [-94.95995740279567, 29.368034179627465], [-94.95894758100039, 29.366942508848844], [-94.9509786365505, 29.358363786037497], [-94.94437487286784, 29.35125320363302], [-94.94372882236885, 29.35054097363625], [-94.94307805151252, 29.349779652854213], [-94.94288992215779, 29.349511712993078], [-94.942734131565, 29.349307563279325], [-94.94243977073893, 29.34902494254069], [-94.94191124094205, 29.34857269367371], [-94.94025969054677, 29.346833482712036], [-94.93918273922732, 29.345509881552086], [-94.93796892828823, 29.344047880844656]]}, "properties": {"OBJECTID": 20, "Road_Category": "State", "Shield_Category": "State", "Route_No": "3", "Route_Name": "SH 3", "Tollway_Owner": null, "Shape.STLength()": 160290.94854505738}}, {"type": "Feature", "id": 21, "geometry": {"type": "LineString", "coordinates": [[-95.55142590984006, 30.723779841643797], [-95.55144465949223, 30.722581291535196], [-95.55144265956277, 30.71708360899465], [-95.55142547942478, 30.71594487846136], [-95.55143821887626, 30.715618148262802], [-95.55141815909458, 30.715291308451985], [-95.55138455922562, 30.71511490845148], [-95.55128580860043, 30.714790358710985], [-95.55112159844985, 30.71436031789006], [-95.55109177842836, 30.71413152890124], [-95.55108785854185, 30.713951398222815], [-95.55125327820646, 30.712439427183337], [-95.5512783685629, 30.711867886803326], [-95.55124953843041, 30.710481916887897], [-95.55122956867262, 30.71016756649138], [-95.55115520825443, 30.709717206485966], [-95.55103918769532, 30.709414536202402], [-95.55096518815512, 30.709280266129973], [-95.55028306815004, 30.70823821535311], [-95.55010757743554, 30.70800852637288], [-95.54989527736419, 30.707790515762806], [-95.54957993792424, 30.707551676004236], [-95.5492646665227, 30.7073767659053], [-95.5489255873095, 30.707243645915124], [-95.54867459688688, 30.707177046259513], [-95.5474076162344, 30.706886944978827], [-95.54698033602473, 30.706775605600225], [-95.54649380596769, 30.706610145379926], [-95.54623674586718, 30.70650633482783], [-95.5446809149274, 30.70577248512543], [-95.54383297371113, 30.70535751460878], [-95.54343904416679, 30.705166885641155], [-95.54286976393105, 30.70492376499419], [-95.54114112288778, 30.704078654430198], [-95.54085280216057, 30.703919295530252], [-95.5379295308383, 30.701943574695694], [-95.5374168206978, 30.701577914177392], [-95.53686090942941, 30.701122864465106], [-95.53642613957525, 30.70070136399353], [-95.53472075937636, 30.698822933657905], [-95.53436873826827, 30.698456643387594], [-95.53377937866743, 30.69778848293193], [-95.5329648878997, 30.696926912803505], [-95.53182628641777, 30.69565671256433], [-95.52970536489569, 30.69334309152723], [-95.52940180564978, 30.693042371238686], [-95.52744327408634, 30.69086664087002], [-95.5269779033023, 30.690243340270655], [-95.52681643388962, 30.68998211001476], [-95.526151133644, 30.68879818944643], [-95.52513546249386, 30.686978479398476], [-95.52499700278165, 30.686694278837734], [-95.52417304178424, 30.685249828823522], [-95.52248612131143, 30.68218476717717], [-95.5196803291632, 30.677158715235265], [-95.51901615888366, 30.675936125561], [-95.51784536749307, 30.67385184399872], [-95.51489484567821, 30.66852131237509], [-95.51420907446055, 30.667250981818025], [-95.51407276508036, 30.667034772213043], [-95.51349484508656, 30.66598933183786], [-95.51336187450971, 30.665789741803444], [-95.51269782475056, 30.664939081628436], [-95.50520836983677, 30.655651288569764], [-95.50236641842925, 30.652093306349368], [-95.5013876568456, 30.650903715719497], [-95.49964172568346, 30.64872344517834], [-95.49742307462017, 30.64599079426261], [-95.49718442367757, 30.645676024694644], [-95.49685169504937, 30.64514594501913], [-95.49657514381926, 30.644542394279874], [-95.49639244363576, 30.644059624308497], [-95.49112087973931, 30.6298761386562], [-95.49001430895926, 30.62694264723798], [-95.4877275171394, 30.620756175369905], [-95.48382587446675, 30.61031780083122], [-95.47990355035756, 30.59981594783538], [-95.478509020206, 30.596131436088015], [-95.47758423903687, 30.593642515307614], [-95.47727128923572, 30.59273730415439], [-95.47711540950795, 30.59212057493402], [-95.47700248921015, 30.591313373347415], [-95.47699325876621, 30.59056596421497], [-95.47704842840665, 30.589967723040218], [-95.4771259790981, 30.589519123726216], [-95.47751364837474, 30.587637282221703], [-95.47825391867288, 30.584176711153596], [-95.47882917845665, 30.581378319777787], [-95.47896613975578, 30.580485289977993], [-95.47902189939694, 30.579726409812395], [-95.47902400946974, 30.57887108881344], [-95.47896171882559, 30.57818033836386], [-95.47888157895697, 30.57755592820517], [-95.47887143864587, 30.577479688660976], [-95.47868337797652, 30.576665618893742], [-95.47794577694232, 30.573937976834983], [-95.4756389050426, 30.56557041388022], [-95.47551418527061, 30.565062933115215], [-95.4754397953689, 30.564675553738883], [-95.47535003555502, 30.563988273063977], [-95.47531185511701, 30.5635379733805], [-95.47530246571331, 30.56297588285823], [-95.47532879577588, 30.562441362290294], [-95.47537903509289, 30.561954192584576], [-95.47543979468244, 30.56155832260267], [-95.47551754438977, 30.561167012275156], [-95.47561644484385, 30.56079264207514], [-95.47784450602808, 30.5532805493992], [-95.47813821621747, 30.55255217836469], [-95.48070806641331, 30.547097615487093], [-95.48096451641133, 30.54645729618353], [-95.48136619676727, 30.54509689507898], [-95.48149939612826, 30.54469477465799], [-95.48201384650538, 30.542913934160875], [-95.48212839678251, 30.542565204114926], [-95.48289347591988, 30.53996888331008], [-95.48359710681771, 30.537596811855813], [-95.48400069707573, 30.536229411593585], [-95.4844697268631, 30.534627631010373], [-95.48547308802947, 30.53128191960138], [-95.48562598804493, 30.530731089458314], [-95.48568428666383, 30.530448488849338], [-95.48572269774424, 30.530010848450427], [-95.48568846750143, 30.529414868936566], [-95.4839621542663, 30.514275183257677], [-95.4836997747275, 30.512089361799795], [-95.48339066364339, 30.50923830064084], [-95.48338428453621, 30.508888819921225], [-95.48337967371921, 30.508636820654644], [-95.48342587414038, 30.50825037008261], [-95.48357935354892, 30.50774101004308], [-95.48369799398439, 30.507472649699398], [-95.48384751475992, 30.507194448984812], [-95.48573779523076, 30.504375728390652], [-95.4888607257467, 30.49963351594028], [-95.49133047723197, 30.49593549484487], [-95.49161108714918, 30.495448734192642], [-95.49178349640438, 30.495042554492777], [-95.49189728753066, 30.494603143669465], [-95.49193610673056, 30.494301264130062], [-95.49194436744807, 30.493988863784555], [-95.49162348596602, 30.489702522102686], [-95.49146311678618, 30.487765271326673], [-95.49146144618398, 30.487285571332503], [-95.49152394709903, 30.486833640357517], [-95.4917125759382, 30.48619805084241], [-95.4933782863566, 30.481850909022494], [-95.4938681266856, 30.4806140783087], [-95.49448972697323, 30.47897183696665], [-95.49465662762783, 30.478487886966846], [-95.49476067686581, 30.478061887194492], [-95.49490976667079, 30.477196986723985], [-95.4950810260511, 30.476675666743496], [-95.49543226704796, 30.475836376386763], [-95.49557628704538, 30.47533080601833], [-95.49573168706638, 30.474453965682677], [-95.49586973719916, 30.473462025459558], [-95.4958890171181, 30.473187034871138], [-95.49586770745795, 30.47284171435769], [-95.49581970707264, 30.47260123489587], [-95.49564278734582, 30.472013154362752], [-95.49465187664799, 30.469323624303115], [-95.49428873568836, 30.468266083546634], [-95.49351494486085, 30.466192392342915], [-95.49316554412431, 30.46540351266981], [-95.49131093416912, 30.461519030802727], [-95.4911435034116, 30.461107810962993], [-95.49103618267895, 30.460693220280884], [-95.49099078314005, 30.460263760796597], [-95.49100717321947, 30.45982426057308], [-95.49108253425179, 30.459381519844815], [-95.49117922293419, 30.459094819443628], [-95.49130279286287, 30.45881142934359], [-95.49255339388988, 30.45628644848841], [-95.49285552335449, 30.455641538312992], [-95.49304594397938, 30.4551132484351], [-95.49311517405754, 30.454737207662046], [-95.49312624404205, 30.454448338301354], [-95.49311391379575, 30.454149918086316], [-95.49304783398962, 30.453698307384453], [-95.49202137306536, 30.449074406064383], [-95.49191636278267, 30.448630596050187], [-95.49181073254314, 30.448282875080412], [-95.49168624330092, 30.447982324695644], [-95.49157006199248, 30.447752175046336], [-95.49129692201856, 30.447315714938398], [-95.48593979869864, 30.439592522900394], [-95.48488209865866, 30.438021711913656], [-95.48425329799537, 30.436980311613674], [-95.48401111793488, 30.436484921144178], [-95.48370034801928, 30.435757060736037], [-95.48351268691967, 30.435272630874575], [-95.48304288591855, 30.433901210136582], [-95.48221954632594, 30.431376399000836], [-95.48038988455791, 30.425945567670812], [-95.48008706396803, 30.424986236894714], [-95.47976868412935, 30.42403651651915], [-95.47872577327122, 30.42089746552452], [-95.47857021373169, 30.42046832519957], [-95.47823322296263, 30.419562754970475], [-95.47770524166415, 30.418295264834455], [-95.47727569241874, 30.41713241411516], [-95.4742189392001, 30.40840682036364], [-95.47359898885614, 30.406375389591712], [-95.47327680933213, 30.405229369242946], [-95.47300393973688, 30.404149918785322], [-95.47291772883823, 30.40370369918476], [-95.47284130914393, 30.4030718085601], [-95.47281008885118, 30.40263676918549], [-95.47280294834574, 30.40211514841248], [-95.47282732868374, 30.401504347781444], [-95.47287550815125, 30.401050897635617], [-95.47292243836554, 30.400710447711887], [-95.47307095858328, 30.40003001773244], [-95.47323198883473, 30.399438267212638], [-95.47355342892588, 30.398385466923855], [-95.47510585962804, 30.39345388493877], [-95.4754404985432, 30.392459323677684], [-95.47611162883841, 30.39056051320198], [-95.47635927927072, 30.38985095257064], [-95.47672571875623, 30.38870045188542], [-95.4788431189204, 30.38174364921248], [-95.47931650019339, 30.380080388834557], [-95.47944852001756, 30.37944698863703], [-95.47954199007206, 30.37889944792972], [-95.47961943973753, 30.378146098203374], [-95.47967365939743, 30.377347668116464], [-95.47968114973908, 30.37646481718724], [-95.47963189032029, 30.375706376312376], [-95.47949470888699, 30.374630937044582], [-95.4793318292687, 30.37384343585843], [-95.47916920816296, 30.373200376225498], [-95.47849596857867, 30.370828785460017], [-95.47813215822389, 30.369753774954155], [-95.47725472726722, 30.367306193736187], [-95.47648129743173, 30.365088932728867], [-95.47622922639039, 30.364433432812774], [-95.47519969566778, 30.36142369214751], [-95.47378111452292, 30.3574103501177], [-95.47323713457008, 30.35577610987823], [-95.47158934333207, 30.349956927189428], [-95.46767134896311, 30.33611756226601]]}, "properties": {"OBJECTID": 21, "Road_Category": "State", "Shield_Category": "", "Route_No": "75", "Route_Name": "SH 75", "Tollway_Owner": null, "Shape.STLength()": 152130.98817168685}}, {"type": "Feature", "id": 22, "geometry": {"type": "LineString", "coordinates": [[-94.38842677298457, 29.549593763508685], [-94.39022776346708, 29.54892755266404], [-94.39061668321382, 29.548778552031806], [-94.3945734653758, 29.547390311220155], [-94.40408443049077, 29.54413064952375], [-94.41191686435809, 29.541259388303835], [-94.41532332612272, 29.540018937584367], [-94.41638264604872, 29.539596486782532], [-94.41698258653638, 29.539329696551526], [-94.42004781710685, 29.537856185677462], [-94.42050195847312, 29.53762484598597], [-94.42112002840992, 29.53737560595596], [-94.42168026873465, 29.537132185950796], [-94.44494587963875, 29.52862945054301], [-94.45531914430515, 29.52484500721294], [-94.46147504759247, 29.52258437728853], [-94.46947795282132, 29.5196836843397], [-94.48170362775288, 29.515210312933373], [-94.4820486482877, 29.515080211729416], [-94.4825335485582, 29.51491027159658], [-94.48334369785897, 29.514610281217337], [-94.48396347875922, 29.514390491229854], [-94.48514360935796, 29.513960231741937], [-94.48531864939423, 29.513905391334614], [-94.48849351185956, 29.512750220228895], [-94.48862371104737, 29.512710261348055], [-94.48979844197474, 29.512285410504116], [-94.49078365231507, 29.51192027040273], [-94.49202354285804, 29.51148030030337], [-94.4928937133375, 29.511160199281548], [-94.49353349340132, 29.510935269880168], [-94.4965536350213, 29.509840428716785], [-94.4980035556642, 29.509320428473504], [-94.4987335756545, 29.50905023840823], [-94.50091345651397, 29.508260347450776], [-94.50166344808589, 29.50798030835492], [-94.50300360774794, 29.507500197720635], [-94.5072616303189, 29.50587204623683], [-94.5140313130222, 29.50338429557004], [-94.5146782641228, 29.503109414618667], [-94.51520967392717, 29.502874055064638], [-94.51580193477159, 29.50256460405613], [-94.51643099404068, 29.50228187463843], [-94.51776363522353, 29.501753164030195], [-94.51855652529648, 29.501452413719747], [-94.51949845531968, 29.50112032337369], [-94.51964359663741, 29.501060493539292], [-94.52028355597922, 29.500830373008988], [-94.52099369669337, 29.500560454046767], [-94.52137354646149, 29.500425313315375], [-94.52276347745305, 29.499900373398262], [-94.52350340798935, 29.499630493346494], [-94.52387348780606, 29.49949034293787], [-94.52430339822962, 29.49934022336837], [-94.52475370931074, 29.499210243363414], [-94.52540360951313, 29.499050312087512], [-94.5265336800338, 29.49879043313509], [-94.52683370883777, 29.498700512749824], [-94.53875343519955, 29.494390209459088], [-94.54181339775394, 29.493140228949915], [-94.54937355086358, 29.490400297984305], [-94.57088369113775, 29.48257030322401], [-94.57262864245783, 29.48194037259017], [-94.58240369641456, 29.47838038082844], [-94.58255374629016, 29.47833048090524], [-94.5944136830825, 29.474010217470486], [-94.59552357220917, 29.473610347924527], [-94.59571859284031, 29.473530356978703], [-94.59618370345073, 29.473360247616846], [-94.59854343439325, 29.472510406910033], [-94.60613361769687, 29.469740274517804], [-94.61041377992842, 29.468190194322514], [-94.61531372303877, 29.466400343017245], [-94.61601359273035, 29.466150303388616], [-94.61692353366936, 29.46581033315576], [-94.62492371744497, 29.46290020148087], [-94.62561367736629, 29.462640211049358], [-94.62732360833202, 29.462010270482267], [-94.63072354015691, 29.460740289531717], [-94.63825374408793, 29.45795031825729], [-94.63859376408415, 29.457815348010037], [-94.63975853462664, 29.457390197613265], [-94.64061369444772, 29.45707041751656], [-94.6412135949235, 29.456840207259265], [-94.64191361620186, 29.456540197562298], [-94.64238376569132, 29.456300257072023], [-94.64276353539704, 29.456090157207008], [-94.64288357596295, 29.45603035745814], [-94.65293350065323, 29.450130423953645], [-94.65655349275706, 29.448010382992962], [-94.6566836331953, 29.447930172358475], [-94.6588936140027, 29.446640162174933], [-94.66360866510854, 29.443870251253387], [-94.66441360703563, 29.44340535980866], [-94.66531349639139, 29.44287024023437], [-94.66606374774051, 29.44243043951457], [-94.6661737165427, 29.442370179946288], [-94.68336374415605, 29.43229046393555], [-94.68644364663716, 29.430480243949585], [-94.68658360671405, 29.430390343609474], [-94.68954371722651, 29.428660412121168], [-94.70576370589725, 29.419140228003243], [-94.70628352574431, 29.41882015776406], [-94.7064834558685, 29.418690206799997], [-94.70677377581721, 29.418490307048945], [-94.70732350568156, 29.418090427536864], [-94.70774378598723, 29.417760406894118], [-94.70817344663361, 29.417390386931856], [-94.70876350649495, 29.416840126419217], [-94.70927379669237, 29.416330315527265], [-94.71052351723749, 29.41510024561486], [-94.72870380572286, 29.397070286865972], [-94.72882365612973, 29.396940366703937], [-94.72892381558205, 29.396790337107024], [-94.72902377499203, 29.39656015626762], [-94.72990360547246, 29.393990385515846], [-94.73001350529145, 29.393710125273675], [-94.7300637259194, 29.39360025602884], [-94.73015372586413, 29.393420135358724], [-94.73031365603984, 29.39313036491132], [-94.73050352641035, 29.392850385053006], [-94.73071383600873, 29.392590204806268], [-94.73101373573053, 29.39226034532893], [-94.73118365611784, 29.392100364934535], [-94.73137370627853, 29.391940294889285], [-94.73431367701583, 29.389490412984998], [-94.74903379390487, 29.377250127832717], [-94.75338370615911, 29.37366024525998], [-94.75424372613571, 29.37294017542021], [-94.75506375647758, 29.372210214707597], [-94.75530376754166, 29.372020384317313], [-94.75591366722678, 29.37151022420106], [-94.75622357708491, 29.371230284126057], [-94.75673369734099, 29.370630373623722], [-94.75778364795711, 29.369100153105727], [-94.75793380734304, 29.368920383558745], [-94.75811356835429, 29.368730182674945], [-94.758303538797, 29.368550202780987], [-94.75852361824423, 29.36839011344258], [-94.75940360867247, 29.36780025244635], [-94.75951382869432, 29.36772038243166], [-94.7596735583142, 29.367620202676516], [-94.75998364828956, 29.367440272889933], [-94.76031383880122, 29.367280142393255], [-94.76064358899274, 29.367140182419067], [-94.7609837497083, 29.367020222977157], [-94.7611837394625, 29.366970362368612], [-94.76130858888632, 29.36693038175186], [-94.76211943961603, 29.366770931584007], [-94.76234901010265, 29.3667334221999], [-94.77537442685593, 29.36431362088004], [-94.77602608632452, 29.364132099620342], [-94.7764503971572, 29.363991090188065], [-94.77676291733434, 29.363896320315128], [-94.77706163818907, 29.363803959897222], [-94.77735125712668, 29.363690279601375], [-94.7776973474823, 29.363543029738867], [-94.7780528375764, 29.363375790061976], [-94.77831812864409, 29.363219219657147], [-94.77862000788107, 29.362992348950154], [-94.77879779830381, 29.362836939119937], [-94.7789470386874, 29.362704279245403], [-94.77913074864611, 29.36252355928629], [-94.77938045876998, 29.362267429851315]]}, "properties": {"OBJECTID": 22, "Road_Category": "State", "Shield_Category": "State", "Route_No": "87", "Route_Name": "SH 87", "Tollway_Owner": null, "Shape.STLength()": 144183.92884395784}}, {"type": "Feature", "id": 23, "geometry": {"type": "LineString", "coordinates": [[-96.15281772566739, 29.764537352903268], [-96.15252866596161, 29.763908472471336], [-96.14931134376941, 29.756932609778048], [-96.14887123364943, 29.755856089121007], [-96.14860889318037, 29.755165888861598], [-96.14830815351712, 29.75429669798344], [-96.14804476357726, 29.75345194837611], [-96.14780513283065, 29.752577287549343], [-96.14701890236577, 29.749466556002034], [-96.14505216011445, 29.7417008141242], [-96.13573688174982, 29.70474803932376], [-96.13494484095277, 29.701745688184435], [-96.13251778982126, 29.692102934595244], [-96.13235170883601, 29.691493914017784], [-96.1322212393512, 29.691084234445857], [-96.13203263974992, 29.690563143678165], [-96.13176452893742, 29.689900083499282], [-96.13120364827736, 29.688766923202753], [-96.13076965813859, 29.68801917291027], [-96.13041997766658, 29.68748009265454], [-96.13012560738484, 29.68706175277751], [-96.12918591680075, 29.685854952252605], [-96.1221908731895, 29.67724700920542], [-96.09867298782603, 29.648209458954973], [-96.09807987730562, 29.64750592837298], [-96.09743772818064, 29.646820088942707], [-96.09683835726341, 29.646240259004372], [-96.0960960371132, 29.645599328027767], [-96.09510276563522, 29.644844328204663], [-96.09410108495612, 29.64418792707632], [-96.09306924496899, 29.643599147324217], [-96.09217246467674, 29.643161987499063], [-96.07369041432749, 29.635196225251384], [-96.07336407474907, 29.635055065643876], [-96.07155858287554, 29.634308615449907], [-96.06944665177544, 29.633399544996163], [-96.06725415104748, 29.632443255030626], [-96.06516888966719, 29.631463514685834], [-96.06509101998897, 29.631428044653955], [-96.06356433897105, 29.630768644856264], [-96.05779879601783, 29.628273513914266], [-96.05396882332158, 29.62662350406638], [-96.05385988360895, 29.626578032637624], [-96.05046677128428, 29.625163222887807], [-96.04952953112824, 29.62479917325105], [-96.04851363149615, 29.624464632925896], [-96.02493978771189, 29.61767356207345], [-96.02461910882678, 29.617581131612038], [-96.02356662730773, 29.617259651839706], [-96.02202000698989, 29.616726251280156], [-96.02063773572085, 29.616321171993203], [-95.98154609550936, 29.60502967921353], [-95.97789821384188, 29.603951219123864], [-95.97706990267828, 29.60370631996471], [-95.9730021606642, 29.602591438939346], [-95.96986647815494, 29.60169420904995], [-95.96812663800718, 29.601231948713572], [-95.9644433853345, 29.60016812888042], [-95.96290935485219, 29.599707608529027], [-95.96023233280536, 29.598860137987984], [-95.9582138728351, 29.5982698073941], [-95.90076823150142, 29.58162654505804], [-95.89934308130951, 29.581255765545517], [-95.88862970558685, 29.57865086475629], [-95.8732639276867, 29.57491960485028], [-95.87019598533995, 29.57414855385851], [-95.86728319394828, 29.573464094311404], [-95.826075632434, 29.563423902383473], [-95.82414251163334, 29.562939782439667], [-95.82310862107613, 29.56266306250528], [-95.82259211131132, 29.562490263097505], [-95.82229365010834, 29.562362693351467], [-95.82201817018701, 29.562221652389617], [-95.82148215991087, 29.561875993049973], [-95.82124431933916, 29.561689772160527], [-95.82099989982282, 29.56146624210745], [-95.82072255993181, 29.561148192016674], [-95.82052096959058, 29.560869862644907], [-95.81973336926355, 29.559565151489682], [-95.81968192931986, 29.559446031929998], [-95.81971141869398, 29.559280151894413]]}, "properties": {"OBJECTID": 23, "Road_Category": "State", "Shield_Category": "State", "Route_No": "36", "Route_Name": "SH 36", "Tollway_Owner": null, "Shape.STLength()": 141504.60339467833}}, {"type": "Feature", "id": 24, "geometry": {"type": "LineString", "coordinates": [[-96.310079645189, 28.941033352478012], [-96.30665037320705, 28.941069836125315], [-96.30452490172637, 28.94109245703901], [-96.30366496102495, 28.941101756960833], [-96.3021276307491, 28.941118367025908], [-96.30153534042103, 28.941124616911434], [-96.30032280016275, 28.941137397498668], [-96.29994086041904, 28.941141427033543], [-96.27890368950226, 28.94133226915279], [-96.27725706831016, 28.941348738295027], [-96.27382808614944, 28.94138739910869], [-96.26899342421666, 28.941431728609814], [-96.26164087052457, 28.941509488948522], [-96.26080069026193, 28.941498290059812], [-96.26007313926974, 28.94148859957371], [-96.25950029981534, 28.941466989830825], [-96.25889023948238, 28.941443960232128], [-96.25855568827664, 28.941428290627215], [-96.2580583485377, 28.941390380175058], [-96.25728853782157, 28.94132267031556], [-96.25662643781214, 28.941250700106323], [-96.25621855732172, 28.941206360280336], [-96.25580362715245, 28.941155199877812], [-96.25533413717336, 28.941086669466227], [-96.25506012723389, 28.941046669631273], [-96.25470637685481, 28.940995030705682], [-96.25279490637953, 28.940642649813878], [-96.2496727345655, 28.939943159772675], [-96.24793981426352, 28.939560769932587], [-96.24621950221444, 28.93917539977499], [-96.2450344816058, 28.938918930019668], [-96.2437717214615, 28.938682490065887], [-96.24305297157943, 28.938558649489586], [-96.24188758061132, 28.938397579421224], [-96.24137875007794, 28.93834923967088], [-96.24095995977312, 28.93830944972308], [-96.2405629696737, 28.938271729364494], [-96.24030104870029, 28.938246849871586], [-96.23987574919322, 28.93820857039777], [-96.23848696850507, 28.9381305794321], [-96.23758056743203, 28.93810316042978], [-96.23460475584291, 28.938130589476476], [-96.23191732474591, 28.938148729846812], [-96.23038126352884, 28.938161050221595], [-96.22479130110057, 28.93798544053181], [-96.22036042947127, 28.937834500266256], [-96.21776336772082, 28.937762430595914], [-96.21619726645818, 28.937793110549098], [-96.21510257622427, 28.937804520644242], [-96.21394714564171, 28.937812981541654], [-96.2135871967922, 28.937815620714016], [-96.21254390559146, 28.937823290757503], [-96.21179350486877, 28.937828810675512], [-96.21141436500719, 28.937831601031835], [-96.21075779455661, 28.937836410904463], [-96.21045449370051, 28.93784262126385], [-96.21007018440096, 28.937837651547277], [-96.20895371406375, 28.93784963160542], [-96.20816000294032, 28.9378554419376]]}, "properties": {"OBJECTID": 24, "Road_Category": "State", "Shield_Category": "State", "Route_No": "111", "Route_Name": "SH 111", "Tollway_Owner": null, "Shape.STLength()": 32725.82258773769}}, {"type": "Feature", "id": 25, "geometry": {"type": "LineString", "coordinates": [[-94.59988352448882, 30.0287876275125], [-94.59989621446022, 30.028339817411815], [-94.59990399392743, 30.02797412604617], [-94.5999012739885, 30.02775137572168], [-94.59856511189243, 30.01043126905143], [-94.59714648983959, 29.99122983129494], [-94.59653853864799, 29.98212198762925], [-94.59640112854824, 29.975311415592476], [-94.59636834761659, 29.97284286453415], [-94.59635385577899, 29.959062858279246], [-94.59629949582899, 29.9528857458332], [-94.59630499561656, 29.952062975256542], [-94.59635094545192, 29.95117374514955], [-94.59644613547854, 29.950384165390382], [-94.5966263351759, 29.94937524368851], [-94.59676442570198, 29.948798414259358], [-94.59705203518845, 29.947862624203957], [-94.59739503628876, 29.94696337356384], [-94.59772683617366, 29.94622860310818], [-94.59813208554674, 29.945450242807187], [-94.59855863605819, 29.944728352362986], [-94.59919447602806, 29.94380225250387], [-94.5993045461451, 29.94366475241902], [-94.59993200695126, 29.942895632114453], [-94.60979447995864, 29.931429036531487], [-94.61046569065812, 29.930632916297895], [-94.61084921056589, 29.930145176204615], [-94.61117946140853, 29.92969671540157], [-94.61159849149348, 29.92906464498225], [-94.6119261718524, 29.928518594628336], [-94.61231357213691, 29.92779380457728], [-94.61261414130223, 29.92716080478505], [-94.61287485152961, 29.926556474049363], [-94.61307938216683, 29.92598724434252], [-94.61333156188607, 29.92518873400781], [-94.61351015154322, 29.924464862692286], [-94.61370087297456, 29.923376892327354], [-94.61378866219985, 29.92260502243204], [-94.61382779207041, 29.921965682429118], [-94.6138349010331, 29.920796641775627], [-94.61376525172807, 29.917832570982487], [-94.61378756172925, 29.916834429947027], [-94.61396389137758, 29.911995777788047], [-94.6139686604956, 29.911373318451503], [-94.61394937006953, 29.910722357603543], [-94.61380041074702, 29.908928486093046], [-94.61355057987855, 29.906251975037065], [-94.61345403031298, 29.905552135045085], [-94.61327028041546, 29.904484015419524], [-94.61323823978279, 29.904123454744877], [-94.61323770926656, 29.903609934371733], [-94.61326186938183, 29.90316492424353], [-94.61340534990731, 29.901308734319255], [-94.6134127799745, 29.90100666338888], [-94.61338304982358, 29.90070374310868], [-94.61329329998996, 29.900197163060042], [-94.61321256999751, 29.899858822868758], [-94.61303501933499, 29.899423583218745], [-94.61286197945009, 29.898923253198163], [-94.61193462860177, 29.89615287157206], [-94.61183077903942, 29.895623550920973], [-94.61180649887788, 29.895296921637254], [-94.61182270892186, 29.894917901002028], [-94.6118663889017, 29.894620321260867], [-94.61191391886246, 29.89441695049707], [-94.61252235927506, 29.8926365795896], [-94.61273208929641, 29.891877668981145], [-94.61286249903006, 29.890945909870872], [-94.61295266830706, 29.88974969877019], [-94.61310866880281, 29.88858770861423], [-94.61324320864645, 29.88769829809492], [-94.61339457872306, 29.886842867694767], [-94.61344958859894, 29.886626287584974], [-94.61352770797319, 29.886415377225955], [-94.61384627877608, 29.885885777214003], [-94.61562249927947, 29.883391975732998], [-94.61577487954658, 29.883159275461455], [-94.61595564950065, 29.88283581567293], [-94.61624452025376, 29.882195645481804], [-94.61792495025058, 29.87802057400765], [-94.61829486023453, 29.87701355298784], [-94.61852307012887, 29.87620850319251], [-94.61860818115707, 29.87562199270558], [-94.61874919001619, 29.87408405112546], [-94.61884673926619, 29.873695581504162], [-94.61897565052014, 29.87340012147767], [-94.61912068049003, 29.87315507211871], [-94.61955901025341, 29.872508041782858], [-94.62024727137455, 29.8715738903667], [-94.62049096060542, 29.87125628080878], [-94.62132235128882, 29.87025402993985], [-94.62177559085053, 29.869665789886866], [-94.62656245323647, 29.862797116523403], [-94.62680837336167, 29.862422926599873], [-94.62694473363952, 29.862182856214165], [-94.62703689295137, 29.861926356490226], [-94.62708493385169, 29.861714525989335], [-94.62710852356074, 29.861429586485787], [-94.62710476328282, 29.861203765773308], [-94.62691021320903, 29.858508854376474], [-94.6268974329254, 29.858328404783403], [-94.62685423275313, 29.85745934464347], [-94.62670334183728, 29.854013053378942], [-94.62673551248497, 29.85349659307094], [-94.62678662245831, 29.853231272557437], [-94.62688657304356, 29.852850653377104], [-94.62875512284435, 29.84677819028175], [-94.62889270285203, 29.84642218943432], [-94.62903070307291, 29.84619621914047], [-94.62919678295938, 29.845982399821672], [-94.62936635285052, 29.845797929807297], [-94.63027495306902, 29.844933679623797], [-94.63061527324138, 29.84471580854397], [-94.63099490323415, 29.84453151924267], [-94.63153264470346, 29.84435695925887], [-94.63492409588159, 29.843551167926815], [-94.63599122628986, 29.84331578790405], [-94.63722073669847, 29.843081957825056], [-94.63767907716515, 29.84297537772502], [-94.63791616694196, 29.842902367190394], [-94.63835711716386, 29.84274595755301], [-94.63947378826977, 29.842302617709233], [-94.64201070946352, 29.8413414566333], [-94.64309052970182, 29.84095857702157], [-94.64327309972317, 29.840893836983398], [-94.64340344910867, 29.84081673659553], [-94.64359485038351, 29.840641786686387], [-94.64369984988186, 29.840531307015052], [-94.64379619019475, 29.840477916703616], [-94.64387435992055, 29.840454886149416], [-94.6440508998426, 29.840440796042593], [-94.64432632995313, 29.840426096429677], [-94.6448633604226, 29.84039849618722], [-94.6450833915074, 29.84039293620062], [-94.64634835135914, 29.840450486882222], [-94.64807988180401, 29.840529246599605], [-94.64809090187048, 29.84003560515253], [-94.64812817214941, 29.83943730572075], [-94.64819655215638, 29.838659915462905], [-94.64833227167065, 29.837575214708195], [-94.64895225222027, 29.833399593210903], [-94.64899731139576, 29.832994952960753], [-94.64899903212213, 29.832691392728353], [-94.64897260198488, 29.832439272646685], [-94.6489043621409, 29.832136033091768], [-94.64878412158825, 29.831809182231858], [-94.6486475724424, 29.831555102408764], [-94.64834619119542, 29.831112681661814], [-94.647584191162, 29.830082272492064], [-94.64681841977168, 29.829091571683687], [-94.64614350053442, 29.828239871369554], [-94.64517107962091, 29.827060330373495], [-94.64474496918587, 29.826520460421722], [-94.64454902945394, 29.82624111037195], [-94.64443853919069, 29.826054760584473], [-94.64420413879643, 29.825574960344348], [-94.64412875921892, 29.82536196063145], [-94.64403650896419, 29.824957910560194], [-94.64398102944149, 29.824485729569023], [-94.64397401822183, 29.824083959559143], [-94.64400151810709, 29.82382647890369], [-94.64410700874132, 29.823280589878788], [-94.64455571949846, 29.82159295847266], [-94.64473958924833, 29.821099088222503], [-94.6449691389823, 29.82065691774338], [-94.64545256948134, 29.819876877695076], [-94.645732200221, 29.819353587244475], [-94.64592587907747, 29.818878416729802], [-94.64605611913905, 29.818429386702416], [-94.64633490866743, 29.81666312644612], [-94.64636564969851, 29.816113866662437], [-94.64636919858005, 29.81603719605606], [-94.64635258937112, 29.815682015503768], [-94.64631559907842, 29.815365396080672], [-94.64626203908163, 29.815081345705362], [-94.64610008885344, 29.81452525576092], [-94.6457191480304, 29.813554845456352], [-94.64500455735946, 29.811834894368747], [-94.64485976843676, 29.811545254430733], [-94.64468941826567, 29.81125873461523], [-94.64414614702879, 29.81048284404599], [-94.64396388748061, 29.810182954084286], [-94.64375470728908, 29.80977194341947], [-94.64361867671303, 29.80944289280093], [-94.64348557720722, 29.808983183570792], [-94.64296624624791, 29.80672939306548], [-94.64288477732794, 29.806103011712274], [-94.64285538657926, 29.805279681491402], [-94.64279868556632, 29.7966112280114], [-94.64277505602516, 29.795854327415906], [-94.642735755924, 29.795566628080408], [-94.64264996554616, 29.795148856909023], [-94.64134618390345, 29.789259145045303], [-94.64085177396721, 29.786833564365665], [-94.65394748975885, 29.77799619950418], [-94.65450052096416, 29.777639649689185], [-94.65485934963145, 29.77744122943143], [-94.65537642039352, 29.77720320905996], [-94.65585413168537, 29.77702974930572], [-94.65660766158074, 29.776834989294713], [-94.66831729722658, 29.774377757776087], [-94.6705779281093, 29.773891156805337], [-94.67177787837541, 29.77363284675608], [-94.67258355924447, 29.77344789628507], [-94.67367010985427, 29.773242536472146], [-94.67430007071677, 29.773170205734335], [-94.67452357022135, 29.773158616229395], [-94.68438837588113, 29.77289939564258], [-94.68425056393356, 29.768537924472188]]}, "properties": {"OBJECTID": 25, "Road_Category": "State", "Shield_Category": "State", "Route_No": "61", "Route_Name": "SH 61", "Tollway_Owner": null, "Shape.STLength()": 113072.00113758726}}, {"type": "Feature", "id": 26, "geometry": {"type": "LineString", "coordinates": [[-95.39843461972012, 30.859579967537872], [-95.39843739389659, 30.85957625828302], [-95.39981308591359, 30.85773699748166], [-95.401555856784, 30.855602086259246], [-95.40342127724331, 30.853102114507205], [-95.40344279626984, 30.853074554547426], [-95.40701014839237, 30.848504492005183], [-95.40770524786173, 30.847645171690434], [-95.4077700386471, 30.847560192501103], [-95.41038481972406, 30.84439850080729], [-95.41578798098053, 30.837864037684895], [-95.41622130154377, 30.837339937676674], [-95.41639839155567, 30.83712581673067], [-95.4165867120871, 30.836925067559797], [-95.41695367241596, 30.8365078672797], [-95.41754505250474, 30.83591003679922], [-95.41855636262885, 30.834910656249246], [-95.42181608440214, 30.831615144576066], [-95.42628837493477, 30.82710461293013], [-95.43008147698764, 30.823278801016393], [-95.43286888911132, 30.820467579440805], [-95.4353484293366, 30.817956878690545], [-95.43544634944472, 30.81785797822958], [-95.43760933089487, 30.815667657225603], [-95.4405086715131, 30.812751075330105], [-95.44059104143041, 30.812668185757193], [-95.44363005365801, 30.80961057451669], [-95.44484872309602, 30.80835678411963], [-95.44603982410504, 30.807165603081497], [-95.44613445452322, 30.80707115302114], [-95.44712685433771, 30.80607862311183], [-95.44742513480354, 30.805798692865682], [-95.44767413530934, 30.805571571817165], [-95.44790987530018, 30.805373152598303], [-95.44842257499435, 30.804949032128775], [-95.45000390566915, 30.803747141359548], [-95.45115552528662, 30.80283069077105], [-95.45265131665839, 30.801659970998337], [-95.45648483916965, 30.79867176875557], [-95.45712631858686, 30.798161118731567], [-95.45765096893803, 30.797743768558234], [-95.46136064114785, 30.794835217671903], [-95.46151341134822, 30.794729807071516], [-95.46446823154267, 30.792425535838856], [-95.46478544213034, 30.79218307575524], [-95.46532448272255, 30.791771144915135], [-95.46801329310244, 30.789641444574425], [-95.46902282428752, 30.788842643675185], [-95.46915572474413, 30.788737214403962], [-95.47391461535207, 30.78502538217338], [-95.474538467114, 30.784538731915855], [-95.47479004575712, 30.784361122200192], [-95.47567647682233, 30.783747711465903], [-95.4763600073448, 30.78336399129724], [-95.4771150079703, 30.78303861159698], [-95.4779594183736, 30.782748371217824], [-95.47879501875981, 30.782525111382125], [-95.48063852911383, 30.781952540910513], [-95.48161189076707, 30.781646640052674], [-95.48228667031304, 30.78143048986944], [-95.48289669108391, 30.781193509844165], [-95.48340858120322, 30.780932779802896], [-95.48401962078006, 30.78061768939254], [-95.48459835151785, 30.78020710929546], [-95.48694979182919, 30.778376749130615], [-95.48704013235728, 30.778306198471224], [-95.49167653470246, 30.774666186712118], [-95.49183382436941, 30.774568506731647], [-95.49665393698307, 30.770778405426963], [-95.49685778623824, 30.770645014676987], [-95.49801614739947, 30.769713224080117], [-95.50116316875786, 30.76716412348566], [-95.50154288822759, 30.766901542322596], [-95.50320652897199, 30.76558723250977], [-95.50397992033378, 30.76498537214908], [-95.50683341996273, 30.762722571073517], [-95.50715740126651, 30.762488910993902], [-95.50848400111242, 30.761438260790555], [-95.50898185266486, 30.761036379633858], [-95.5094160114489, 30.760624139744184], [-95.5104021324825, 30.759681619605658], [-95.51291380384302, 30.757281018465786], [-95.51503157476026, 30.755198736602146], [-95.51596611419745, 30.754313127262996], [-95.51662971456769, 30.753779156487248], [-95.51771126633447, 30.75293351584406], [-95.51774184713268, 30.752913008642228], [-95.5192696166672, 30.751888485058014], [-95.51996278687997, 30.75143789575526], [-95.52077452609329, 30.750975404723587], [-95.52357630888271, 30.74938850451667], [-95.52539451910889, 30.748358163270527], [-95.52807860989554, 30.746867173286788], [-95.52871703029385, 30.74646006271943], [-95.5292027599405, 30.74609301229632], [-95.5296588114517, 30.74571625262599], [-95.53013482136923, 30.74524465202686], [-95.53044121160576, 30.744897341554953], [-95.53068469047318, 30.74456575190156], [-95.53095081082274, 30.744193181937693], [-95.53117943146744, 30.743852951403873], [-95.53141184170346, 30.743379990826202], [-95.53164723064924, 30.742843320953046], [-95.53188973161261, 30.742154720469593], [-95.53194701210296, 30.741925380960758], [-95.53202360105527, 30.741543190365093], [-95.53212533244428, 30.740543180051397], [-95.53210328197187, 30.739791789688677], [-95.53206431108954, 30.739409989712588], [-95.53203917137367, 30.73918821021208], [-95.53200550139795, 30.738996809131343], [-95.53193415164051, 30.738699789984356], [-95.53187556108394, 30.738433888673715], [-95.53180191172727, 30.738185879170288], [-95.53171350127063, 30.737949619361032], [-95.53162091082619, 30.73769000862132], [-95.53148433076367, 30.73742219867671], [-95.5313627313616, 30.737178608946767], [-95.53114526054223, 30.736785698504896], [-95.53089263094228, 30.736329247803525], [-95.5305440110566, 30.735750208643022], [-95.53031952073071, 30.73545514768828], [-95.53007118065429, 30.735094668037252], [-95.52987616028274, 30.73476555738354], [-95.52944342966583, 30.73402163806867], [-95.52918559969116, 30.73364538795071], [-95.52860213981444, 30.73267843750774], [-95.52834222869227, 30.73226486713955], [-95.52800029933691, 30.7317070774786], [-95.52760497868084, 30.731104286636892], [-95.52713404852953, 30.73037761650097], [-95.52682765745854, 30.729826875581498], [-95.52650491767908, 30.729225885348665], [-95.52601411768732, 30.72795256551423], [-95.52591037636043, 30.727607275832963], [-95.52583134721893, 30.727257045326404], [-95.5257774066403, 30.726903495130912], [-95.52574920756004, 30.726547675125083], [-95.52561159711058, 30.723676634264397], [-95.5255105459033, 30.719955041987404], [-95.52544158628524, 30.7161152410002], [-95.52541585625282, 30.71504491091945], [-95.52548464522148, 30.71407038942817], [-95.52553889551055, 30.713663629707934], [-95.52560195534927, 30.71325484944232], [-95.52577957531335, 30.71256137992449], [-95.5260162058107, 30.711894228171847], [-95.5265612359044, 30.710699208799095], [-95.52730704598339, 30.709262817799264], [-95.52764118649654, 30.70859960763583], [-95.52887739634855, 30.706245206648], [-95.52940206666392, 30.70523010534257], [-95.52969823609257, 30.704630656480575], [-95.52996913712727, 30.704023095276348], [-95.53021250626168, 30.703308375266992], [-95.5304278868767, 30.702677834792865], [-95.53055370724664, 30.702195884323537], [-95.53072058708614, 30.701426445008224], [-95.53108238718781, 30.69937893366364], [-95.5314251266727, 30.69726720249792], [-95.53168935650045, 30.69560603167221], [-95.53199367711937, 30.693961341665418], [-95.53202370739015, 30.693760462031413], [-95.53210052711994, 30.69324894060775], [-95.53212266701733, 30.693100230960283], [-95.53220720714098, 30.69253229147571], [-95.53233820750873, 30.69158556979351], [-95.53240415773224, 30.69095823037128], [-95.53239850667751, 30.690448169879783], [-95.5323472657679, 30.689809048911137], [-95.53221622689651, 30.68914164950758], [-95.53187600644347, 30.688059048309878], [-95.53143144595539, 30.68715762846102], [-95.53104682571269, 30.68655147914386], [-95.53060889558243, 30.685981707905633], [-95.53023097527249, 30.685547858177134], [-95.52979015568988, 30.685153617776553], [-95.52966169495775, 30.685043237566784], [-95.52935982439438, 30.684764748123083], [-95.52895565424802, 30.68440595789881], [-95.52844623380219, 30.683893767087532], [-95.52814389382795, 30.68353533702546], [-95.52790882405863, 30.683214037254782], [-95.5271500337223, 30.681799056748055], [-95.52677556338685, 30.681070867031377], [-95.52658641279876, 30.680733946445695], [-95.5263534633107, 30.680385916166067], [-95.52604863269865, 30.68003537620224], [-95.52577849174484, 30.679772216198156], [-95.52551097251535, 30.679571385632933], [-95.52507913225593, 30.679331286106937], [-95.52391627127211, 30.67873530608238], [-95.52328501136995, 30.678378116240925], [-95.52132355044172, 30.677129185279117]]}, "properties": {"OBJECTID": 26, "Road_Category": "State", "Shield_Category": "State", "Route_No": "19", "Route_Name": "SH 19", "Tollway_Owner": null, "Shape.STLength()": 86258.08089299234}}, {"type": "Feature", "id": 27, "geometry": {"type": "LineString", "coordinates": [[-96.53980166603208, 29.69293169717238], [-96.53807676445378, 29.688881335592264], [-96.53681709348213, 29.685755094543623], [-96.5349323629596, 29.68117556276689], [-96.53452565127682, 29.68011044189222], [-96.53426912090633, 29.67926861243766], [-96.53409798143358, 29.678586211638294], [-96.53389874057545, 29.677487541291594], [-96.53301041088221, 29.671772139940252], [-96.53243645953611, 29.668208448160918], [-96.53236841024788, 29.667693646755882], [-96.53220766008108, 29.666745517728444], [-96.5321298096792, 29.666145367019162], [-96.53191705825805, 29.664872365752924], [-96.53167804912863, 29.663265615239446], [-96.53143857918808, 29.66185158448962], [-96.5313246685552, 29.661345805229026], [-96.5311264481727, 29.66072387446771], [-96.530816958335, 29.66001296475439], [-96.53051642836886, 29.659448444494487], [-96.53003738698001, 29.658759843531232], [-96.52970625709662, 29.658343124191507], [-96.52948769769185, 29.65811001329299], [-96.52890218665505, 29.65754708395192], [-96.52829425711256, 29.657073363759316], [-96.52800469714538, 29.65686865283654], [-96.52746158536111, 29.65653850355894], [-96.52694759532064, 29.65626601284111], [-96.52627361554045, 29.655952993717477], [-96.52419851398632, 29.655031133052145], [-96.52325660320324, 29.654579722679358], [-96.52240474353425, 29.65410047246429], [-96.52164599321162, 29.653594342299286], [-96.5209054728719, 29.653005802272432], [-96.52049626191327, 29.65263483200229], [-96.52014137283727, 29.652281101923418], [-96.51951494166175, 29.651567992256346], [-96.51890837121037, 29.650740021263726], [-96.51708860027762, 29.647904209736012], [-96.51600095001537, 29.646250729849715], [-96.51562144954303, 29.645635829187594], [-96.509470225089, 29.636079266671793], [-96.50600151253863, 29.6307181044372], [-96.50391437203224, 29.627450193377953], [-96.49691315675173, 29.61659225932283], [-96.48985029290426, 29.605586005299095], [-96.48945492284764, 29.604924044977466], [-96.48923529271687, 29.604627665428477], [-96.4879412314423, 29.60262221410301], [-96.48720905033396, 29.601482413651], [-96.48707205103601, 29.601242713214358], [-96.48682832071732, 29.60088577340656], [-96.48520881007747, 29.59834950271333], [-96.4836462793024, 29.595947931818735], [-96.48193340787262, 29.593258320797773], [-96.48163643764155, 29.592819570079623], [-96.48020108640151, 29.59056657999743], [-96.47874768553832, 29.588329639118047], [-96.4782971456749, 29.587607298849345], [-96.47701786433421, 29.585643318352215], [-96.47580342379388, 29.583721436938212], [-96.47249138156668, 29.578606785440364], [-96.46816222806174, 29.571863263242037], [-96.46622231766906, 29.568711632187146], [-96.46562024673848, 29.567733451094462], [-96.46274112521564, 29.562989509002524], [-96.4622070743691, 29.562078659850503], [-96.4619919243808, 29.561748289752053], [-96.46018599283953, 29.558769998340743], [-96.45923049306116, 29.55722473751491], [-96.4573271718295, 29.554053976727854], [-96.45479453952801, 29.549879505305956], [-96.4543740705149, 29.549213634850723], [-96.452229148516, 29.54564315331391], [-96.45023412653204, 29.542383471833432], [-96.45000613703162, 29.541983881392003], [-96.44873097574217, 29.539879941942512], [-96.44835259592597, 29.53928285115168], [-96.4472069352836, 29.53736016112646], [-96.44633403539223, 29.536049179353483], [-96.42504818087595, 29.50545620909378], [-96.4244770009754, 29.50453306856816], [-96.42382516039622, 29.503398488337446], [-96.42248339942286, 29.501017147177823], [-96.4216973086092, 29.49965681658163], [-96.4207863378785, 29.498011996593497], [-96.42029791725628, 29.496956695833347], [-96.41996724741108, 29.49612047595544], [-96.41932089656434, 29.494404575103776], [-96.41697586568353, 29.488332042809468], [-96.41318105266775, 29.478400508726867], [-96.40709900833001, 29.4625688636794], [-96.40649810857217, 29.46082120147055], [-96.4046244564602, 29.455143539904263], [-96.40365089529372, 29.452190798976858], [-96.40331831531074, 29.451221978477985], [-96.40305705518807, 29.450532437918135], [-96.40296595520613, 29.450312737545133], [-96.402831444621, 29.449992288819885], [-96.40178139457372, 29.44730668661729], [-96.39760002078899, 29.436858782996552], [-96.39663898103844, 29.434479681757317], [-96.39610567100904, 29.433163911577257], [-96.39551390018705, 29.431649661119767], [-96.3946231083509, 29.429447940197527], [-96.39242437718873, 29.42391801875092], [-96.39184714617512, 29.422506267627654], [-96.39041458587246, 29.418881566659618], [-96.39024708613685, 29.418374956471578], [-96.3900149259164, 29.417569285549074], [-96.38757174315543, 29.408327232167505], [-96.3872085532052, 29.406893891076457], [-96.38607834241114, 29.40270240996012], [-96.38261851044551, 29.389575425007155], [-96.3825931396419, 29.389487335077444], [-96.3823423592031, 29.388616334912086], [-96.37948269697326, 29.377768580563103], [-96.37931804607983, 29.377214919634223], [-96.37919380692516, 29.37686114013997], [-96.37886910649009, 29.37617899959774], [-96.37727591567298, 29.37327729825968], [-96.35361289909446, 29.330577723150903], [-96.34661622537628, 29.31794894775289], [-96.34179238153767, 29.309212465056785], [-96.33139290509949, 29.290401138113282], [-96.32901672417232, 29.286110176493857], [-96.32035228795638, 29.27046030093129], [-96.31486840378457, 29.26052030628517], [-96.31428937402868, 29.259497116732376], [-96.30759880954191, 29.24736452248481], [-96.30695294851415, 29.246187102070614], [-96.30542048824333, 29.24345341101769], [-96.30112569484787, 29.235665386927003], [-96.30087994481795, 29.235223237206803], [-96.30057897381627, 29.234736797252154], [-96.30028677469261, 29.234300836936026], [-96.29943660408178, 29.233162746391354], [-96.29255163932095, 29.224688163647492], [-96.2875569672418, 29.218441031484083], [-96.28712675660066, 29.21796281197947], [-96.28678299673157, 29.217549670643958], [-96.2855861358109, 29.216112170721484], [-96.2823680135508, 29.21215132877096], [-96.2783974410133, 29.207219077296394], [-96.27822208092654, 29.20699262729733], [-96.27582348002623, 29.204063996035288], [-96.27165934696365, 29.198905494659442], [-96.26990229694354, 29.196752983675097], [-96.26984596621803, 29.196694322899926], [-96.26835101577916, 29.194858602901416], [-96.26779250455321, 29.194215553263934], [-96.26728692455339, 29.19359851302695], [-96.26625679311285, 29.19234375168513], [-96.26447552272128, 29.19012236084758], [-96.2624910220533, 29.18768808033382], [-96.26189115127414, 29.186922850361448], [-96.26162040072143, 29.18649694028596], [-96.26148801069466, 29.18623922024578], [-96.26125641043043, 29.185679619754453], [-96.26122022070166, 29.185563989360027], [-96.26111884099717, 29.185220200018534], [-96.26103350058649, 29.184739059063947], [-96.26101106000799, 29.18427397898145], [-96.26092227093176, 29.18063191816634], [-96.26085097931745, 29.177804865925996], [-96.26084391951464, 29.177309006863815], [-96.26083998964278, 29.177154893618813]]}, "properties": {"OBJECTID": 27, "Road_Category": "State", "Shield_Category": "State", "Route_No": "71", "Route_Name": "SH 71", "Tollway_Owner": null, "Shape.STLength()": 209660.79739848207}}, {"type": "Feature", "id": 28, "geometry": {"type": "LineString", "coordinates": [[-94.77938045876998, 29.362267429851315], [-94.77983511802988, 29.361209588129142], [-94.78015330919504, 29.360469228034532], [-94.78030304865653, 29.359968787767507], [-94.780442628384, 29.35919173733509], [-94.78047357886825, 29.358840927765605], [-94.7805106989672, 29.358131177202104], [-94.78053519854014, 29.356837896633163], [-94.78047803852438, 29.355746616128545], [-94.78031409848013, 29.354487536266085], [-94.7800449778651, 29.352929785654748], [-94.77962737721428, 29.351423395108142], [-94.77923944708574, 29.350297383951183], [-94.77877012645317, 29.349272664199702], [-94.77817418583913, 29.348063173498588], [-94.77719739556437, 29.34651957260218], [-94.77578576510112, 29.344225522061794], [-94.77514693456945, 29.342985501325717], [-94.77480794515778, 29.342060791074314], [-94.7745886341149, 29.34118882077928], [-94.77443420394985, 29.340607960989175], [-94.77433163424215, 29.339876069804504], [-94.77430273298528, 29.3389940294542], [-94.77451541365926, 29.3368493396176], [-94.77501676327087, 29.33359400750814], [-94.77537844361419, 29.33194874680226], [-94.77549097368453, 29.331153956442886], [-94.77549923388675, 29.33074738580811], [-94.77549259418409, 29.33036413664464], [-94.77539120418844, 29.329965005253307], [-94.77525617401723, 29.329657815645398], [-94.7750831025295, 29.32932153490259], [-94.77484576357, 29.328910785637817], [-94.77440725254972, 29.328431855494536], [-94.7738512928803, 29.327977985854524], [-94.77307097270989, 29.32749173528068], [-94.77284850255337, 29.327340194982025], [-94.77269858198683, 29.327120204367763], [-94.77253368207714, 29.32670016521439], [-94.77249370183856, 29.326580134596032], [-94.77225377099143, 29.32595022415128], [-94.77199380181601, 29.325237884709914], [-94.77192206117373, 29.32510473383998], [-94.77185715113117, 29.324931184019135], [-94.77177149053189, 29.324712023475605], [-94.77154672118233, 29.32405995331543], [-94.7713215107024, 29.323415992987854], [-94.7710927809094, 29.32275155370682], [-94.77086889147094, 29.322083243080215], [-94.77064413046776, 29.32143117285461], [-94.77041606011376, 29.320754541940946], [-94.77019196946709, 29.320090292726555], [-94.76995066036501, 29.319400921635253], [-94.76974710009655, 29.31878634123169], [-94.7696358203024, 29.318440001782093], [-94.76956888966538, 29.318132121337907], [-94.76953393968691, 29.317833700907272], [-94.76952790939973, 29.31760157084507], [-94.76955672914222, 29.317411570550608], [-94.76958689911254, 29.31728263154439], [-94.76963027919665, 29.317081031075226], [-94.76970406925868, 29.316831870982305], [-94.76982348954535, 29.316511380915625], [-94.7701114703236, 29.3157341101437], [-94.77018815029675, 29.315517610217], [-94.77029146973769, 29.31523712986507], [-94.77040031965224, 29.314940610399262], [-94.77046882011908, 29.314703429898604], [-94.77051762981657, 29.314343059829167], [-94.7705236192559, 29.314130219580306], [-94.77050372947342, 29.313860229933052], [-94.77040371921034, 29.31345019948917], [-94.77011454965755, 29.31258147951792], [-94.76980363928895, 29.311700288001795], [-94.7695014994304, 29.310782387835694], [-94.76919354957136, 29.309866508203733], [-94.76914805877709, 29.309677477873148], [-94.76911792908659, 29.309289767635324], [-94.76918459837606, 29.308925446981206], [-94.76934351793041, 29.308600147133962], [-94.77029409983406, 29.307410076691248], [-94.77065349977158, 29.306960106632317], [-94.77194821915845, 29.305412376700236], [-94.77237592069521, 29.30525040657519], [-94.7727964405134, 29.305138905776417], [-94.77366077091403, 29.304897365767506], [-94.7748036415681, 29.304580345639494], [-94.77940668375274, 29.303393004846928], [-94.78053227375104, 29.303099724036993], [-94.78168917497791, 29.302803824377662], [-94.78736730646642, 29.30131194397699], [-94.78849325806323, 29.301010793248896], [-94.78963211859548, 29.30071797275875], [-94.79299288971389, 29.299821992117778], [-94.81825793257191, 29.293198218521823], [-94.82274577481988, 29.292026806940672], [-94.82522877620555, 29.29135015729709], [-94.82633366757442, 29.291065175901853], [-94.82747853677192, 29.290790825605406], [-94.82862160754438, 29.29049784590371], [-94.82977925801659, 29.29018200522895], [-94.83090876898707, 29.289892356379063], [-94.83307780033275, 29.289328875103436], [-94.8334521407579, 29.289236554808507]]}, "properties": {"OBJECTID": 28, "Road_Category": "State", "Shield_Category": "State", "Route_No": "87", "Route_Name": "SH 87", "Tollway_Owner": null, "Shape.STLength()": 42483.27587816553}}, {"type": "Feature", "id": 29, "geometry": {"type": "LineString", "coordinates": [[-95.5116557224321, 30.229632495134744], [-95.50987609111839, 30.226153233834413], [-95.50173753545974, 30.21252934931124], [-95.50030838444762, 30.210131688690506], [-95.49972040414136, 30.20915351826907], [-95.49900862397193, 30.208170967809203], [-95.49781343284053, 30.206919997098563], [-95.49623032187337, 30.2057151466155], [-95.4951419207036, 30.205126126316735], [-95.49352859017134, 30.204404417284437], [-95.49100632903647, 30.20341198598908], [-95.48963950841718, 30.20288486615224], [-95.48825503740596, 30.20244087630512], [-95.48735002684306, 30.202348976732235], [-95.48650762681, 30.20239090625802], [-95.48553635616537, 30.20253598605395], [-95.48455779606968, 30.20283635667987], [-95.48369796489276, 30.203248636435674], [-95.48288286510994, 30.20374786678841], [-95.48032478341267, 30.205247148337495], [-95.47948960357701, 30.205720127615933], [-95.47847955306693, 30.20610311803205], [-95.4771873825274, 30.206332458689257], [-95.4755927919358, 30.206476569086465], [-95.47204562958453, 30.206676239246853], [-95.46813427780225, 30.20693197954116], [-95.46401995529756, 30.207108569431586], [-95.46082250386006, 30.207126240618976], [-95.45717302213596, 30.207379019963987], [-95.45622716131842, 30.207449680118103], [-95.45550128100082, 30.207474920921374], [-95.45378317016437, 30.20767686135196], [-95.44992109814372, 30.208053481193573], [-95.44816396766402, 30.20820608146185], [-95.44679424642528, 30.208324641221513], [-95.44329130483199, 30.208390782109227], [-95.44162519518747, 30.208367031978533], [-95.42710499771759, 30.208600223044833], [-95.41676970158598, 30.208623474186485], [-95.41401450957359, 30.208570943855726], [-95.41253833956533, 30.208542783604013], [-95.4054323157374, 30.20857879402656], [-95.4046268357316, 30.208621985413036], [-95.40384611472649, 30.208709014375955], [-95.40301316422773, 30.20883459491265], [-95.40217374446262, 30.209010314574567], [-95.40158475451847, 30.20916014570093], [-95.40106262386982, 30.209313225747913], [-95.40022716377882, 30.20959962566931], [-95.38922797763492, 30.213763997556025], [-95.38890233721773, 30.213875857971622], [-95.38530275647531, 30.215250778544018], [-95.38425813540715, 30.21563204863978], [-95.38364653483302, 30.215812688719016], [-95.38313388538431, 30.215935779434883], [-95.38245515454886, 30.216052648985716], [-95.38171115389872, 30.21613045881016], [-95.38110828398801, 30.2161494796871], [-95.38032901421933, 30.21612671908081], [-95.37950124272696, 30.21603382877692], [-95.37887004312773, 30.21591787928882], [-95.37781350226805, 30.215652408835343], [-95.3651349449328, 30.212264538411198], [-95.36454841436594, 30.212137998387718], [-95.36383500397787, 30.212036338938674], [-95.36324848487457, 30.211986558670592], [-95.36244482434196, 30.211973799026275], [-95.3617726841231, 30.21200756848506], [-95.36120344268757, 30.212074799338936], [-95.36068199326706, 30.2121637187873], [-95.36002376331898, 30.212315378965645], [-95.35784602240814, 30.21300106949781], [-95.35725136138431, 30.213188309879406], [-95.35679327113932, 30.213344529139196], [-95.35612657031128, 30.21359195026267], [-95.35455178036997, 30.21424205015075], [-95.35412929968082, 30.2143945705094], [-95.35374292028389, 30.214513310222543], [-95.35317280909906, 30.2146572204612], [-95.3524988887448, 30.214781980752065], [-95.3518070387485, 30.214864160650155], [-95.35119299753467, 30.21489678090677], [-95.34481030446359, 30.214918001164303], [-95.34338601470351, 30.214913500812], [-95.34275146453382, 30.21488427180927], [-95.34206615429297, 30.21480762157685], [-95.34148604365434, 30.214701911679935], [-95.33849080178155, 30.213966951840916], [-95.33790004201553, 30.213846411239253], [-95.33741761075822, 30.213777151397533], [-95.33700282145868, 30.21373554192344], [-95.33619334013561, 30.213707511664005], [-95.31113054798425, 30.21386206377467], [-95.31057512732053, 30.213895853600285], [-95.30995633746168, 30.213965902710417], [-95.30277278364024, 30.214986904482927], [-95.30210992274276, 30.215051094530818], [-95.30166361395041, 30.21506947393181], [-95.30098406251896, 30.21505731442066], [-95.30030877177145, 30.21499952426425], [-95.29486551002019, 30.214187824541447], [-95.29420459932297, 30.214108655272202], [-95.29376562896523, 30.214077554426627], [-95.29146493781579, 30.21404461400394], [-95.28468150370918, 30.21399892591929], [-95.28385030428635, 30.213996615317846], [-95.28338564292282, 30.21401347528134], [-95.28290743336878, 30.214054434728713], [-95.2824535727798, 30.21412542558811], [-95.28187569187874, 30.214257246092256], [-95.28148920316615, 30.214387965726672], [-95.28103602231158, 30.21457773555485], [-95.28069599164057, 30.214745715470293], [-95.28011273143944, 30.21506666513541], [-95.27774903129826, 30.216367296580128], [-95.27733395008023, 30.21657114676884], [-95.2769192008635, 30.216741947390155], [-95.27643181987469, 30.216902876587135], [-95.27595877048124, 30.217019997493903], [-95.27549182957854, 30.21710167676926], [-95.27500693960499, 30.217147626937905], [-95.27441494909046, 30.217164627094977], [-95.2669652447093, 30.217170137997375], [-95.26607569531132, 30.21720562733561], [-95.26525386474498, 30.217303698522514], [-95.26273743322116, 30.217731238268804], [-95.26201657259054, 30.217811888541153], [-95.2612758626873, 30.217840199122275], [-95.25766277091856, 30.217824028661365], [-95.25697071973897, 30.217858418404653], [-95.25638898079504, 30.21792056879521], [-95.25578661996552, 30.218023648655894], [-95.25520119966689, 30.21815884950964], [-95.25163403778893, 30.219148519383936], [-95.25094341779631, 30.21928598047545], [-95.25022072644815, 30.21938541924208], [-95.24975237634808, 30.219417449684453], [-95.24093076260112, 30.21963641000547], [-95.23993300171097, 30.219650520241885], [-95.2392051220992, 30.219621940331677], [-95.23867743165134, 30.219576780574293], [-95.23813295049008, 30.219500140513755], [-95.23769718092089, 30.219423570718686], [-95.23708684124212, 30.219284331288804], [-95.23660605933007, 30.219147291285257], [-95.23613401968146, 30.218990941025456], [-95.23556012021463, 30.2187707704875], [-95.23508639892768, 30.218560671048472], [-95.23454300886223, 30.21828186010356], [-95.23394865857681, 30.217929340105307], [-95.23340208833959, 30.217559599492162], [-95.23294593818983, 30.217202860057373], [-95.23248672811594, 30.21680174038488], [-95.23213994725334, 30.216464219988442], [-95.23181303680502, 30.2161029796639], [-95.23157592731411, 30.215815469459272], [-95.23116695721856, 30.215256819997183], [-95.2309375462121, 30.214901019049766], [-95.23069929658323, 30.214478328937354], [-95.22343671059838, 30.200142243823237], [-95.22299759124121, 30.19936114364298], [-95.22266678038916, 30.198839142592853], [-95.22204387078696, 30.197971672848382], [-95.22158464049978, 30.197412043326608], [-95.22081583927343, 30.196584433218373], [-95.22016765972634, 30.195973122108477], [-95.21934978869393, 30.195281412018463], [-95.21869263887832, 30.19479851190043], [-95.21802266791343, 30.19434908166195], [-95.21699809797035, 30.19374202168458], [-95.21599291760191, 30.193240921293594], [-95.21509423637819, 30.1928581014227], [-95.21452933701867, 30.192643321436687], [-95.2140811765709, 30.192493171566355], [-95.21296625496792, 30.1921530015098], [-95.21198937514748, 30.191921901094123], [-95.21095170341862, 30.191740861446405], [-95.21008102313287, 30.191629491591335], [-95.2095273535657, 30.191578611651035], [-95.2089173628832, 30.191542290776233], [-95.20834375271681, 30.191525311597548], [-95.20744408321299, 30.19152371159442], [-95.20420249089453, 30.191549801997287], [-95.20324664012846, 30.19160967194129], [-95.20250332992649, 30.19171907181921], [-95.20205027998229, 30.191813681593445], [-95.20159182029256, 30.191929372003646], [-95.20112427975323, 30.192070282368153], [-95.20067504916858, 30.192228772985157], [-95.1999803788087, 30.19252556242436], [-95.19785653804936, 30.193530493415775], [-95.19725821825233, 30.193773963005178], [-95.19676547749157, 30.19392745311665], [-95.19637057706346, 30.19401892359324], [-95.19583020688327, 30.19410676309553], [-95.19541228578674, 30.1941441937804], [-95.1948318456896, 30.194153403407398], [-95.1942835658322, 30.194114433492732], [-95.19367899558047, 30.194020373776837], [-95.19307758523334, 30.19386671347652], [-95.19247296509303, 30.193649393121973], [-95.19208093550596, 30.193475973502935], [-95.1908680149275, 30.192853813115107], [-95.19024171379522, 30.192540163230216]]}, "properties": {"OBJECTID": 29, "Road_Category": "State", "Shield_Category": "State", "Route_No": "242", "Route_Name": "SH 242", "Tollway_Owner": null, "Shape.STLength()": 114509.63446494497}}, {"type": "Feature", "id": 30, "geometry": {"type": "LineString", "coordinates": [[-94.99661851600945, 30.3190526085038], [-94.99585142524755, 30.318633818528607], [-94.99478385556968, 30.317935087205147], [-94.9943275646513, 30.317612218080235], [-94.9937346443809, 30.317160297185534], [-94.99320208400025, 30.316719707619697], [-94.99257843422426, 30.31615424732836], [-94.9916946126542, 30.315244857705416], [-94.99112134235794, 30.314568596771426], [-94.99058928171175, 30.31386394646975], [-94.98988053148351, 30.3128234166006], [-94.98802012106135, 30.31001822560949], [-94.98733394984427, 30.30898501504726], [-94.98669320985333, 30.308004224184316], [-94.98628276925017, 30.30732469485655], [-94.97900628459436, 30.29443650950772], [-94.9786776447796, 30.293818339485625], [-94.97840032387224, 30.293194669204233], [-94.97829755461582, 30.29292545871932], [-94.97815768400292, 30.29247342807996], [-94.97803143387253, 30.2919257085051], [-94.97706299370101, 30.286830366255852], [-94.97656483237624, 30.2845771250155], [-94.97089231662748, 30.259759665399145], [-94.9700284568192, 30.255894494169343], [-94.96880890540596, 30.250589932356235], [-94.96850806530787, 30.249203471393532], [-94.96788724414975, 30.246508221211972], [-94.96768667398315, 30.245697909673666], [-94.96566775258944, 30.236843847168608], [-94.96521779222711, 30.23482444607056], [-94.96474967129349, 30.23271801520324], [-94.9643718212887, 30.231116894389814], [-94.96254097981424, 30.223025341816182], [-94.96228396875355, 30.22194898094943], [-94.96200222930631, 30.22105348142815], [-94.96142596851894, 30.2195642699389], [-94.95770920641003, 30.21034980662898], [-94.95732903508463, 30.209517156146205], [-94.95680299512523, 30.20855069615151], [-94.95650902508551, 30.208081446335125], [-94.95603279417057, 30.20737230575947], [-94.95082049134741, 30.200331193173206], [-94.94748791940354, 30.195663761165154], [-94.94533099798643, 30.192676460048286], [-94.94502681744807, 30.192237830158984], [-94.94460960660415, 30.191569330121137], [-94.94430291716428, 30.191039029949405], [-94.94402148712183, 30.1904964795316], [-94.94379471664647, 30.19000914935506], [-94.94357816697898, 30.18949297956296], [-94.94142148447392, 30.18392282717893], [-94.9410117247338, 30.183001026571368], [-94.93914723290482, 30.17897551545632], [-94.9384438428617, 30.17729283472069], [-94.92957179625267, 30.155153336329732], [-94.92874247562196, 30.153072675169597], [-94.92851344575146, 30.152453265587962], [-94.92823085528066, 30.151553894016782], [-94.92798360580423, 30.15050590418876], [-94.92782172467015, 30.149450053931325], [-94.92775536467231, 30.148568753551924], [-94.92774219456855, 30.148184133217104], [-94.92776672510182, 30.146857273274883], [-94.92830010346304, 30.133687027473417], [-94.92831785343394, 30.13281476631917], [-94.9283071741602, 30.1319869769445], [-94.92823913401696, 30.13069950662035], [-94.92809575247594, 30.12929008524873], [-94.92790473276759, 30.128012704978033], [-94.92567273056072, 30.115805099759058], [-94.92543608047512, 30.11476484979465], [-94.92511681992455, 30.113586039161294], [-94.92467281034696, 30.112197578867455], [-94.9243164890002, 30.11123730798302], [-94.92054136715272, 30.102094595352746], [-94.91976210570999, 30.100186074595467], [-94.9193361363751, 30.099134523722967], [-94.91669419345945, 30.092756041914537], [-94.91664217459773, 30.092630451405196], [-94.91605182360082, 30.09107556140082], [-94.9150620025394, 30.08848503005427], [-94.91402864245266, 30.086183509093615], [-94.91363843129659, 30.08532667914677], [-94.91336203046632, 30.084665187933197], [-94.91041080924346, 30.07742892575016], [-94.91005069946911, 30.076578884682426], [-94.90720363651646, 30.07000825270276], [-94.90685366668926, 30.069283313296623], [-94.90647255660376, 30.068555721712904], [-94.90582833591867, 30.06752977158458], [-94.90275930395299, 30.062926930747977], [-94.90234184324768, 30.06232261019502], [-94.90220577978573, 30.062115471273845], [-94.90091234292372, 30.06014638945619], [-94.90043245234673, 30.05948273954192], [-94.89626181949114, 30.05334618605769], [-94.89227870698298, 30.04735267471941], [-94.8918254861093, 30.046694803634015], [-94.89168409686724, 30.046462134475334], [-94.8915373969054, 30.046217364478906], [-94.89005427635196, 30.043998522496608]]}, "properties": {"OBJECTID": 30, "Road_Category": "State", "Shield_Category": "State", "Route_No": "321", "Route_Name": "SH 321", "Tollway_Owner": null, "Shape.STLength()": 107115.91754069312}}, {"type": "Feature", "id": 31, "geometry": {"type": "LineString", "coordinates": [[-96.25289590396028, 29.948647750357104], [-96.25229709318226, 29.948407649777195], [-96.2515927431146, 29.948095799901054], [-96.25147900252016, 29.9480597903033], [-96.25128794193314, 29.94800667959114], [-96.25098667345021, 29.947974459541015], [-96.2507654927531, 29.947983679399393], [-96.2505374831067, 29.948014929923062], [-96.24891658186573, 29.94829762088007], [-96.24847530195913, 29.948416590853224], [-96.24791899184254, 29.94863475022153], [-96.24759802119179, 29.948793640362826], [-96.24739214141397, 29.94891519047855], [-96.24630967036681, 29.94963490066629], [-96.23815364622816, 29.95513788322608], [-96.23750084591862, 29.955586993720523], [-96.23704360570972, 29.9559337540496], [-96.23655586601708, 29.95635948479785], [-96.23638630582921, 29.95652631505007], [-96.23606141611268, 29.956872334206544], [-96.2358106755043, 29.957173844289464], [-96.23131212429205, 29.963107537531243], [-96.2308870229703, 29.963646757029732], [-96.23050579376569, 29.964096248285923], [-96.22967732338147, 29.96497375790876], [-96.22686706250394, 29.967806040190922], [-96.22578548087516, 29.96887042037504], [-96.22421740187286, 29.9704803010701], [-96.22357232023717, 29.97117694155305], [-96.22016009874513, 29.97502415292622], [-96.21903595902725, 29.97626788398313], [-96.2184639782368, 29.97687163345612], [-96.21787923822893, 29.977432473894545], [-96.21736775757816, 29.97787724449754], [-96.21672565781388, 29.978392664598452], [-96.19846659082081, 29.99250951133342], [-96.18928608604125, 29.999629475312275], [-96.18831257567737, 30.000347304931186], [-96.18767455506872, 30.000782665530977], [-96.18691893497838, 30.001244205396024], [-96.17036320833279, 30.010771781339272], [-96.16899816677359, 30.011544141741293], [-96.16839035691447, 30.011853321459643], [-96.15958585265025, 30.01577654348852], [-96.1423550946756, 30.02340628862111], [-96.12970127885741, 30.02900945162834], [-96.1282533073879, 30.029650201255905], [-96.12740741755988, 30.030077731861585], [-96.12691472717387, 30.030360402238294], [-96.12646445679698, 30.030647712183356], [-96.12610824666748, 30.030892452468088], [-96.12576361732098, 30.03115764212374], [-96.11020008955185, 30.04409160771272], [-96.10858039948602, 30.04543732895807], [-96.10788473953629, 30.046053369223173], [-96.10765309889412, 30.046299709478564], [-96.1074373491278, 30.0465652799747], [-96.10710123918288, 30.04707894921783], [-96.10682933907782, 30.04762019987545], [-96.10663886828665, 30.048171580133772], [-96.10651118936855, 30.048752470191914], [-96.1063224588693, 30.050608731349566], [-96.10611871891416, 30.052943431743763], [-96.10599189976162, 30.054388422183607], [-96.10590818884036, 30.055120423761302], [-96.10581387800126, 30.055618393101476], [-96.10563976839855, 30.056260203604907], [-96.10545459781166, 30.05676229471631], [-96.10517494837922, 30.057362794748915], [-96.10481476794872, 30.05798081455234], [-96.10435407859214, 30.05860815509934], [-96.10354953861192, 30.05955102528471], [-96.09543459434396, 30.068662279595305], [-96.09386904451095, 30.07039825103378], [-96.09322099333968, 30.07106398048643], [-96.08451884075647, 30.07975543446232], [-96.08423824077644, 30.080059974789258], [-96.083960319929, 30.080412655220687], [-96.08375426015449, 30.080703334781813], [-96.08359054980176, 30.08096805598427], [-96.08324823992723, 30.081639835105396], [-96.08307759989528, 30.082118616450398], [-96.08287178034695, 30.082845185884853], [-96.08280519972332, 30.083364936299866], [-96.08238295957882, 30.0925438598423], [-96.08226845008913, 30.094747260772433], [-96.0821503209798, 30.09753569229181], [-96.08086861995922, 30.09750196207301], [-96.08018774009041, 30.0974726227006], [-96.07889886879961, 30.09742220204117], [-96.07847661823695, 30.097418502811845]]}, "properties": {"OBJECTID": 31, "Road_Category": "State", "Shield_Category": "State", "Route_No": "159", "Route_Name": "SH 159", "Tollway_Owner": null, "Shape.STLength()": 81555.04810422627}}, {"type": "Feature", "id": 32, "geometry": {"type": "LineString", "coordinates": [[-95.48359710681771, 30.537596811855813], [-95.48325233695547, 30.53751077235259], [-95.48232436643723, 30.537337512797784], [-95.48116530508582, 30.537094582189038], [-95.48046894556752, 30.53695081205848], [-95.47986834519986, 30.536807151757472], [-95.47952932487276, 30.536682302032265], [-95.47820192383874, 30.53604811117263], [-95.47556970276936, 30.534843662255195], [-95.47487392286845, 30.53450250122578], [-95.47422586161039, 30.53410383108526], [-95.47250677038248, 30.53280463094593], [-95.4721093802595, 30.532535421034712], [-95.47178222996135, 30.53235439108154], [-95.47144494047502, 30.532200861142137], [-95.47121834964805, 30.53211472002634], [-95.47017666006681, 30.53178598056138], [-95.46971129875725, 30.531664150348213], [-95.46887241862116, 30.531510380476718], [-95.46817522881038, 30.53143603079494], [-95.46763587795155, 30.531422329890486], [-95.46730074759405, 30.531440020891974], [-95.46701480795137, 30.531478890488202], [-95.4665219774354, 30.531593991132475], [-95.46614658777371, 30.531724461241875], [-95.46504170660698, 30.532188440388765], [-95.45987544356657, 30.534422453227478], [-95.4579527434012, 30.535229473226956], [-95.45749301365129, 30.53537556297705], [-95.45704453308178, 30.53545839263106], [-95.45660217341789, 30.53550518387872], [-95.45638680270477, 30.535511602658797], [-95.45599507253031, 30.535485062982595], [-95.45561354227938, 30.535426453533592], [-95.45527261262977, 30.535338053027807], [-95.45480280215719, 30.53515878346985], [-95.4535564105497, 30.534523202456597], [-95.4524358404896, 30.533972372765948], [-95.45148123006679, 30.533570932255444], [-95.45079557928993, 30.533330962506227], [-95.45038921945019, 30.533217462132008], [-95.44989398861945, 30.533085352134844], [-95.44933986965607, 30.53298939224219], [-95.44884947876288, 30.532940742973793], [-95.44870737824178, 30.532938432410393], [-95.4483988285197, 30.53294699214811], [-95.44802758827055, 30.532995382613326], [-95.44773279826103, 30.533060312766413], [-95.4473388382831, 30.53318084289335], [-95.44645174775208, 30.533554913076465], [-95.44621862763752, 30.533635392402243], [-95.44584577715848, 30.533728992920995], [-95.44523201746982, 30.533816913480948], [-95.443700436199, 30.533916283089216], [-95.443347826043, 30.533899573434976], [-95.44314136578775, 30.533867522882204], [-95.44046681462721, 30.533235783117977], [-95.43984739439533, 30.533051983167184], [-95.4393335335454, 30.532833782836097], [-95.43894919282273, 30.532612683408768], [-95.43731917266305, 30.53157124270154], [-95.4339800710985, 30.529807652355405], [-95.43361979053893, 30.529639152456664], [-95.43326069049922, 30.529500072159436], [-95.43308046037359, 30.529443673004227], [-95.4327183602407, 30.529359731890498], [-95.43217032002951, 30.529299352286287], [-95.43143478002432, 30.529295561859055], [-95.42575388685474, 30.52950770375005], [-95.42442817645993, 30.529572382751464], [-95.42340341530276, 30.52959250333761], [-95.42278083475044, 30.52954623337897], [-95.42261339555552, 30.529511963034608], [-95.4221743355011, 30.52938184308621], [-95.42120072408552, 30.529054503318648], [-95.41553534104439, 30.527014222353717], [-95.41514656133825, 30.526897783191803], [-95.41486257000425, 30.526842022275375], [-95.41436704055748, 30.526796812515617], [-95.4138539300053, 30.52681108280988], [-95.41329693989972, 30.52687008268382], [-95.40934218736926, 30.527386792944128], [-95.40841986685429, 30.527485363581203], [-95.40806863711242, 30.527487353751027], [-95.40778755741192, 30.52746285338974], [-95.40719282617296, 30.527354533533057], [-95.40683816641155, 30.527286903443862], [-95.40292641415941, 30.5264810329303], [-95.40142695316203, 30.526152243596453], [-95.38951259674731, 30.523651882726686], [-95.38822432700084, 30.52338872348337], [-95.38710981681422, 30.523180572661353], [-95.38640374645891, 30.523086403160068], [-95.38579392530451, 30.52304882284746], [-95.37582915082149, 30.52283967405528], [-95.37356967894615, 30.522791804375284], [-95.37294486837143, 30.52279994416493], [-95.3723693487818, 30.52283830424988], [-95.37168638742394, 30.522928703865553], [-95.37118660809483, 30.523027543606023], [-95.35750047095517, 30.526173226606165], [-95.35693883161036, 30.526245406335587], [-95.35680400085853, 30.52626688635156], [-95.35680224285974, 30.526267133106995]]}, "properties": {"OBJECTID": 32, "Road_Category": "State", "Shield_Category": "State", "Route_No": "150", "Route_Name": "SH 150", "Tollway_Owner": null, "Shape.STLength()": 42078.852741704555}}, {"type": "Feature", "id": 33, "geometry": {"type": "LineString", "coordinates": [[-95.39602431483353, 29.006515921802187], [-95.39483574478243, 29.006014221399], [-95.39373675340683, 29.00551340164463], [-95.39303655378876, 29.005212591081712], [-95.39279712417037, 29.005096161168503], [-95.39245580343484, 29.004975991106555], [-95.39210017361526, 29.00487903136927], [-95.39184949287086, 29.00483812113257], [-95.39160762279742, 29.00480150111628], [-95.39136931285668, 29.004784840983593], [-95.39116685337078, 29.00477345134204], [-95.39094994248751, 29.00478137136077], [-95.39069662296689, 29.00479588083019], [-95.39004869296815, 29.004855411096585], [-95.38904115193597, 29.004946201426872], [-95.3880165316455, 29.00499506221246], [-95.38757426103965, 29.004998670619777], [-95.38713218082026, 29.00499832135448], [-95.38668934034698, 29.0050138117172], [-95.38625195119292, 29.005009661714237], [-95.38593726944777, 29.00498622130139], [-95.38562860984575, 29.004931271747747], [-95.3853426503795, 29.004873191921376], [-95.38501765979765, 29.004781952383386], [-95.38430820926999, 29.00452193160227], [-95.38379315973715, 29.00425319185812], [-95.38295482876283, 29.003857571411928], [-95.38208605784872, 29.003403391218306], [-95.37624207531131, 29.000555810650855], [-95.37558391397255, 29.00025726014924], [-95.37405356361784, 28.999600210202328], [-95.37271605353641, 28.998977000281375], [-95.34030144433412, 28.983199065357994], [-95.33785491298606, 28.98209273498537], [-95.33449737152553, 28.98061350509547], [-95.31431371154407, 28.971580832756356], [-95.31353150078688, 28.971213502054905], [-95.31314496942244, 28.971015282335216], [-95.31250320975398, 28.970639662399797], [-95.31183332983463, 28.970189221891054], [-95.30150818357825, 28.962325649426074], [-95.2991152327795, 28.960590908550454], [-95.298244141519, 28.95998164799843], [-95.29721336115324, 28.959211447874274], [-95.28970000583375, 28.95349179646978], [-95.28880814688003, 28.95277887610127], [-95.28774611495821, 28.951901485200217], [-95.28749752614193, 28.951704075861578]]}, "properties": {"OBJECTID": 33, "Road_Category": "State", "Shield_Category": "", "Route_No": "332", "Route_Name": "SH 332", "Tollway_Owner": null, "Shape.STLength()": 40526.41649195707}}, {"type": "Feature", "id": 34, "geometry": {"type": "LineString", "coordinates": [[-95.38439426034375, 28.996461451303208], [-95.38205395691514, 28.992130076454664], [-95.37954394639559, 28.98749008485579], [-95.37855394467584, 28.98567007377086], [-95.37653231329315, 28.981679842559792], [-95.37527598191593, 28.97935472170843], [-95.37461518184912, 28.97812812147816], [-95.37404367207579, 28.977067250840467], [-95.37372267114327, 28.976471380302563], [-95.37265459014411, 28.974488619940768], [-95.3722963013535, 28.973823469889435], [-95.37185118095317, 28.972997139452296], [-95.37136630947616, 28.972096989036952], [-95.3711860700201, 28.971762368165283], [-95.37100931926456, 28.97140758837429], [-95.37089351969215, 28.971141368266274], [-95.37079215940038, 28.970821187623606], [-95.37071207991053, 28.970432878134897], [-95.37066394933407, 28.970160068521306], [-95.3706762099068, 28.96983211811948], [-95.37069846965433, 28.969491307938252], [-95.37073485022945, 28.969283718275413], [-95.3708494291793, 28.96884250768733], [-95.37094472950577, 28.968557867121458], [-95.37110224966406, 28.968239747137766], [-95.37135101988298, 28.967834677405097], [-95.37145686925439, 28.96769177651386], [-95.37167260900628, 28.96740052727457], [-95.37226661003061, 28.966598606786413], [-95.37288824041346, 28.965737246669406], [-95.37305025969542, 28.96547814652024], [-95.37321865982587, 28.96514100615952], [-95.37334467021904, 28.964894415374772], [-95.37348454038201, 28.96455623551808], [-95.37360461061506, 28.96423406518406], [-95.37371875084045, 28.963836304878615], [-95.37379527991865, 28.963428795024715], [-95.3738409003454, 28.963070394646763], [-95.37385799980049, 28.962710934636597], [-95.37384658095918, 28.962350434931192], [-95.37379187034776, 28.958697333905622], [-95.373792029528, 28.957893432874936], [-95.37384873946021, 28.95750194208038], [-95.37394898999666, 28.957195792455085], [-95.37411394929823, 28.956570061602502], [-95.37427234036446, 28.956202802292232], [-95.37445301085407, 28.955807501665102], [-95.3749371103336, 28.955038151444874], [-95.37558393031088, 28.954250061212996], [-95.37627756097284, 28.953278680925564], [-95.37638532105653, 28.953014670343453], [-95.37650099085604, 28.952784460490054], [-95.37657825065955, 28.952561200358094], [-95.37665631072954, 28.952321219964322], [-95.37670705082124, 28.95205512043477], [-95.3771557312017, 28.949626419514484], [-95.37739902047728, 28.9487142288193], [-95.37747671097173, 28.94828163819513], [-95.37749394100892, 28.947860058575937], [-95.37746394151876, 28.94765005805883], [-95.37743394143973, 28.947470058667655], [-95.377393940876, 28.94732005779658], [-95.37732394177694, 28.947160058951628], [-95.3772239402907, 28.94695005802761], [-95.37701394135628, 28.946580058324695], [-95.37656233033763, 28.94608752800927], [-95.37619022053845, 28.945702197420683], [-95.37589996011444, 28.945401616893516], [-95.37517342043152, 28.944864078178107], [-95.3733074681081, 28.943611236146666], [-95.37240671829699, 28.94298016658613], [-95.37232470821976, 28.942942546504703], [-95.37212322781012, 28.94286955719513], [-95.37198730803946, 28.942836557387015], [-95.37175895787122, 28.942833816997883], [-95.37148121777908, 28.94286917669292], [-95.37121356799881, 28.943003526752204], [-95.37107003715407, 28.94310582649289], [-95.37093064684602, 28.943214536937283], [-95.37054145694273, 28.943591267042336], [-95.37039604756555, 28.943801767248537], [-95.37016585709998, 28.94409308730185]]}, "properties": {"OBJECTID": 34, "Road_Category": "State", "Shield_Category": "", "Route_No": "288", "Route_Name": "SH 288", "Tollway_Owner": null, "Shape.STLength()": 22531.392773070565}}, {"type": "Feature", "id": 35, "geometry": {"type": "LineString", "coordinates": [[-95.3874044003469, 29.51241213403077], [-95.38740640386823, 29.512393310572545], [-95.38825223376591, 29.505030868223052], [-95.38838693311409, 29.504152707292782], [-95.38862903366368, 29.502968876690634], [-95.38880885406634, 29.502117736743102], [-95.38899686338804, 29.50133795645178], [-95.389467723611, 29.49985796627728], [-95.39007118336254, 29.498191425577254], [-95.39071899341097, 29.49673193496673], [-95.39132154505887, 29.495530503475923], [-95.39185096429904, 29.494524633202182], [-95.39345161482089, 29.4920602925395], [-95.39425129604527, 29.490997211963343], [-95.39897453779811, 29.485088339641862], [-95.39972039820674, 29.484155179039977], [-95.40105582840985, 29.482484327880726], [-95.40378995913636, 29.47904520699135], [-95.40718079079403, 29.4747873845472], [-95.41074463149592, 29.47032902225124], [-95.41268145270155, 29.46788113078542], [-95.41480396389474, 29.465198360600297], [-95.41601527406011, 29.463719749217056], [-95.42059826511644, 29.457953306703264], [-95.42189164627877, 29.456256796061353], [-95.42237508680559, 29.455592685346165], [-95.42271901716909, 29.45504605597069], [-95.42362208729094, 29.453607024429147], [-95.42446045767333, 29.452064143427773], [-95.42539532762255, 29.449951283322893], [-95.42567317787179, 29.449225462592672], [-95.42593604796106, 29.448448362355144], [-95.4262208175861, 29.44757563213281], [-95.42642703883601, 29.4468720917053], [-95.42659899826295, 29.446198771861873], [-95.42674181798486, 29.445630470920722], [-95.42690314894497, 29.44491566080743], [-95.42707191812113, 29.44404381020603], [-95.42721358831692, 29.443008569895394], [-95.42731919807365, 29.44224606930369], [-95.42738978792806, 29.441365579860896], [-95.42743508790369, 29.439269818005673], [-95.42745479801853, 29.437658137934214], [-95.4273360771226, 29.42789979383508], [-95.42728259714475, 29.425262942372324], [-95.42714590626466, 29.411866437723834], [-95.4270608654357, 29.405270414672522], [-95.42682535245171, 29.382882195528403], [-95.42679799336817, 29.38113036409403], [-95.42678193161296, 29.378694483532232], [-95.42675356268748, 29.37472788176637], [-95.42665709082169, 29.368164139269755], [-95.4266892020317, 29.366719209237765], [-95.4268934408066, 29.35972313562507], [-95.42693948145728, 29.35837998512627], [-95.42693512005599, 29.357613535241363], [-95.42687082085466, 29.35655046481351], [-95.4267437304261, 29.354449413539214], [-95.4266469194774, 29.352160702158365], [-95.42630217925722, 29.34795382165173], [-95.42620154871275, 29.346725780799638], [-95.42614783872968, 29.346070299716096], [-95.42596919951865, 29.343597489898883], [-95.425869438703, 29.34141678876657], [-95.4257630987232, 29.337535816046433], [-95.4255450370076, 29.328784102699768], [-95.42536472655597, 29.321315020448516], [-95.42528163734552, 29.31829523896879], [-95.42523375554983, 29.316243308214894], [-95.42519494576679, 29.31440487746903], [-95.42512885601113, 29.311274086053032], [-95.42504138620477, 29.30768544460165], [-95.42507350511727, 29.306808063396318], [-95.42511328524932, 29.30591698431665], [-95.42522499541192, 29.305102623048658], [-95.42529927445707, 29.304280952878564], [-95.42540604520266, 29.303522682537356], [-95.42554883540113, 29.30270020219434], [-95.42573712585839, 29.301900161642568], [-95.42595139557615, 29.300991601620808], [-95.42614546591103, 29.300240311659866], [-95.42635246562641, 29.29963740099074], [-95.42655754537242, 29.298991660420306], [-95.42679209555783, 29.298315080642297], [-95.42703654483905, 29.297674390493672], [-95.4272533158654, 29.29712911030298], [-95.42760679574356, 29.296369879575938], [-95.42795519554042, 29.295627069082087], [-95.42835315679001, 29.29484154836802], [-95.42874257692633, 29.29410906856], [-95.42909654596261, 29.293521858112808], [-95.43010050742421, 29.29187344762873], [-95.43193378761529, 29.28904822626744], [-95.43634312929707, 29.282215772790043], [-95.44800398289266, 29.26414597474852], [-95.44978429421741, 29.261386513326133], [-95.45115847416905, 29.259233742660967], [-95.4514775850787, 29.25872257244839], [-95.45174858508278, 29.258250272290567], [-95.45202289475307, 29.257707042096673], [-95.45227409460934, 29.257162971660712], [-95.45248344561341, 29.256647852109488], [-95.45267592536152, 29.256121951514373], [-95.45285898545013, 29.255550060951194], [-95.4530266152784, 29.254937020816893], [-95.4531291152273, 29.254478930861282], [-95.45324363515883, 29.254011130254447], [-95.45333086569212, 29.253385029511133], [-95.45340819564599, 29.25272305946221], [-95.45346218531998, 29.251685659985142], [-95.45353431509018, 29.24787765734347], [-95.45380781311736, 29.23107430097093], [-95.45380734358149, 29.230327711031144], [-95.45378045365968, 29.22976681987923], [-95.45369269279114, 29.228612710674952], [-95.45337720307171, 29.226171199189913], [-95.45233522133195, 29.218106764852525], [-95.45226025172494, 29.217484975254273], [-95.45221953112961, 29.216996365469033], [-95.45215669109153, 29.216116214656246], [-95.4521356818173, 29.215207133982645], [-95.45222948052168, 29.211793492358293], [-95.45249846092187, 29.20171424903268], [-95.45267124032415, 29.197453536904245]]}, "properties": {"OBJECTID": 35, "Road_Category": "State", "Shield_Category": "State", "Route_No": "288", "Route_Name": "SH 288", "Tollway_Owner": null, "Shape.STLength()": 120257.72397986728}}, {"type": "Feature", "id": 36, "geometry": {"type": "LineString", "coordinates": [[-95.57041987822522, 29.048841878197294], [-95.56836664636268, 29.049031128288046], [-95.56610659613004, 29.049156438547236], [-95.56376580512288, 29.04934714883019], [-95.56292582406962, 29.049447508952245], [-95.56220816379593, 29.049632248461975], [-95.56132717378675, 29.049978378417507], [-95.56030237287813, 29.05052965921931], [-95.56011738324999, 29.05069088932427], [-95.559279492128, 29.05140888959532], [-95.55852038235007, 29.05220659990538], [-95.55817420232869, 29.05255917028189], [-95.55783407156117, 29.05300485066028], [-95.55770912124339, 29.053199830317503], [-95.55671478090846, 29.05489087123331], [-95.55527083157804, 29.057230412845232], [-95.55477182980529, 29.05788720274437], [-95.55447516120535, 29.05816200278597], [-95.55410256022498, 29.0584468828696], [-95.55364921948251, 29.0587169829836], [-95.55326092991405, 29.058899962914147], [-95.55279812960158, 29.05908031372327], [-95.55235213966931, 29.0591897338191], [-95.55183950991373, 29.05927294352247], [-95.55130223913793, 29.059301643844407], [-95.5507075482111, 29.059250814104423], [-95.54972518786573, 29.05907301299531], [-95.54836706780229, 29.058804433420818], [-95.54581178618507, 29.0583086834339], [-95.54408361548437, 29.057973302882928], [-95.54328443485889, 29.057795983381563], [-95.54257166418533, 29.05765748394824], [-95.54201385482935, 29.057542354229735], [-95.54143903420879, 29.05745033328052], [-95.54075711337619, 29.05732105376726], [-95.54002970366021, 29.05716804389309], [-95.53834902175791, 29.056812643563383], [-95.5370051719822, 29.0565960535647], [-95.52855789665122, 29.0555208938655], [-95.5167126610745, 29.053985903794413], [-95.51477356969447, 29.053764192881403], [-95.51432353936752, 29.05374754335081], [-95.51154632852045, 29.0537804834512], [-95.50463022496184, 29.05389096443424], [-95.50259479375117, 29.053937554959045], [-95.49777669179596, 29.054005494831195], [-95.49737169148216, 29.054000324933217], [-95.49697211061384, 29.053964004580475], [-95.49659315120404, 29.05389071505222], [-95.49629964108641, 29.053803675097072], [-95.49590086954333, 29.05364555527925], [-95.4956346505307, 29.053509874847055], [-95.48996021702386, 29.05022810434219], [-95.48870345614097, 29.04952883378228], [-95.48838675577555, 29.049383804117205], [-95.48815987650926, 29.049305043698066], [-95.48780847612721, 29.049214083165094], [-95.48746015598277, 29.049153963266768], [-95.48698594523567, 29.049116983622675], [-95.4865043856803, 29.049109153887155], [-95.4769853907407, 29.04926610368937], [-95.47636863022929, 29.049268653615087], [-95.47600583957447, 29.049252303714887], [-95.47575509974176, 29.049222204540037], [-95.47543707983223, 29.049161624204977], [-95.47489899935091, 29.049007103580895], [-95.47262357781226, 29.048111184091056], [-95.47180070669909, 29.047820104124558], [-95.47145606799339, 29.04773165433532], [-95.47120413653084, 29.047684073666424], [-95.47105097689575, 29.047655154198036], [-95.47040316693187, 29.04760672463607], [-95.46975653622182, 29.047613773895225], [-95.46913054605832, 29.047698984676938], [-95.46855040563052, 29.047852574329937], [-95.46741586545416, 29.04823870375557], [-95.46682203508158, 29.04841086412432], [-95.46637466404981, 29.048498054490175], [-95.46581126358326, 29.048568504562418], [-95.46555051375597, 29.048601094459862], [-95.46504405394298, 29.048644334567584], [-95.46445504387626, 29.04866411394924], [-95.46368975326767, 29.048661124369247], [-95.46299312299504, 29.04858679459648], [-95.46195323300542, 29.048467285082932], [-95.46047138164188, 29.04821696454082], [-95.4591666004925, 29.0479730350512], [-95.4570750798198, 29.047585834718415], [-95.4550820793381, 29.047190264756114]]}, "properties": {"OBJECTID": 36, "Road_Category": "State", "Shield_Category": "", "Route_No": "332", "Route_Name": "SH 332", "Tollway_Owner": null, "Shape.STLength()": 39455.53665343138}}, {"type": "Feature", "id": 37, "geometry": {"type": "LineString", "coordinates": [[-95.45267124032415, 29.197453536904245], [-95.45271544935042, 29.194998055913267], [-95.45282777985649, 29.19184482473516], [-95.45288255939491, 29.18989750340888], [-95.4531339994855, 29.186136312755217], [-95.4533240091115, 29.182844191018123], [-95.45328519949366, 29.180935470498746], [-95.45328048875368, 29.180242050758434], [-95.45325661866113, 29.176732858592384], [-95.45315667877722, 29.16799729497395], [-95.45310608753311, 29.163573872985143], [-95.45307261704649, 29.16090325237043], [-95.45301352722264, 29.159516910853412], [-95.45292377744163, 29.158417710589404], [-95.45280951706391, 29.157203370694134], [-95.45234845686176, 29.15230298875877], [-95.45215970521926, 29.150296607913596], [-95.45208358547134, 29.14679913636762], [-95.45205101541531, 29.145303135457244], [-95.45167876423784, 29.130165369645017], [-95.45153603355321, 29.12563636708192], [-95.45143093303629, 29.121441325541483], [-95.451360792857, 29.118413644518967], [-95.45138043256989, 29.117994434015923], [-95.45135575332321, 29.117386993718068], [-95.45141853187206, 29.11642500364202], [-95.45151157260536, 29.115572973701898], [-95.45160898332304, 29.114627773273664], [-95.45171898219962, 29.113791921973153], [-95.45181504212955, 29.113120312481346], [-95.4521624432279, 29.110514570479108], [-95.45301280255421, 29.104324318573358], [-95.45308947313838, 29.103550728340796], [-95.45313136217848, 29.102902747587052], [-95.45316291304908, 29.102229027392532], [-95.4531752727403, 29.1012247870915], [-95.45304156143315, 29.09579438462103], [-95.45287213206839, 29.091438062547766], [-95.45263645999377, 29.084724450449645], [-95.45232400928101, 29.075112915947816], [-95.4522018794084, 29.071429764904966], [-95.45209450964973, 29.06739103315613], [-95.45209865849269, 29.06721960297572], [-95.45211897880534, 29.066662182831685], [-95.45217405880265, 29.0659791825577], [-95.45234653895129, 29.06480234216009], [-95.4523771795433, 29.064601291918226], [-95.45255254904015, 29.063916901406454], [-95.45282109951276, 29.06301392134014], [-95.4531180199044, 29.0622229409038], [-95.45394300002938, 29.060390550341403], [-95.45435274967373, 29.059532620484514], [-95.45462144019659, 29.058974019793947], [-95.45540881979376, 29.057087738597662], [-95.45554399050687, 29.056460098969552], [-95.45575350981211, 29.055143398048543], [-95.45585399018493, 29.054080097582368], [-95.45588863924371, 29.05345966712754], [-95.4558489505576, 29.05241624732766], [-95.455724539817, 29.05129200652733], [-95.45562459960394, 29.050653965621947], [-95.4550820793381, 29.047190264756114], [-95.45500304870353, 29.046662554399795], [-95.45455799859911, 29.043691592859822], [-95.45426037746125, 29.041759942473064], [-95.45413467834204, 29.04123785289933], [-95.45400542851574, 29.0407917420528], [-95.45389259738252, 29.040488302562384], [-95.45369393727077, 29.040044752126175], [-95.4533191271697, 29.039417252259923], [-95.45276531784573, 29.038666581130943], [-95.45208139739131, 29.0379822316762], [-95.45126325569541, 29.03732855064979], [-95.45048577639508, 29.036793040532533], [-95.4498221955594, 29.036386851102467], [-95.44893826417915, 29.035902680609148], [-95.44802937348463, 29.035428360168666], [-95.44680397379612, 29.034782459666808], [-95.4461779727796, 29.034413879934753], [-95.44500798200598, 29.033682349565503], [-95.44343325180415, 29.032666329452276], [-95.44258164217523, 29.032112858990704], [-95.44208893032588, 29.031785488356785], [-95.44185375036318, 29.03162982932448], [-95.44161904145179, 29.03146402910906], [-95.44124595060971, 29.031171438813985], [-95.44086831966561, 29.030862358892232], [-95.44043725010282, 29.03044191876236], [-95.44007373954467, 29.030068478184987], [-95.43980005962396, 29.029749048821717], [-95.43952228946279, 29.029393947805122], [-95.43929519920236, 29.02906604784503], [-95.43911643004948, 29.02877470819831], [-95.43884461919579, 29.02830188798196], [-95.43830704855655, 29.02722725679944], [-95.43772711835187, 29.026011117412903], [-95.43736442817232, 29.025307226553448], [-95.43645759684016, 29.023473056550184], [-95.43574628671425, 29.022020175011573], [-95.43469783649077, 29.02024231484972], [-95.43256397503787, 29.01679007347197], [-95.4321139743139, 29.01611008394858], [-95.43187397436922, 29.01577008293299], [-95.43160360380185, 29.015467662993107], [-95.43131224383211, 29.015157712675645], [-95.4309968646171, 29.014867182895063], [-95.43067549408326, 29.014581512708187], [-95.43034164382448, 29.014315682634987], [-95.43002294354692, 29.014096072680296], [-95.42966390280876, 29.013874992679913], [-95.42930438290817, 29.0136640521927], [-95.4289213528565, 29.013462392728233], [-95.42854889257163, 29.01328141209263], [-95.42811832310183, 29.013108462643586], [-95.42763613201906, 29.0129285723767], [-95.42530041087446, 29.012073141706903], [-95.42178519919298, 29.010797771681226], [-95.42051374863502, 29.0103404923674], [-95.42001396825367, 29.010180081294838], [-95.41956866802829, 29.01006253219666], [-95.41911149714308, 29.009964691667147], [-95.4186010475785, 29.00989536147906], [-95.41811867734174, 29.009842271590205], [-95.41775061714706, 29.00981364174384], [-95.41735829669206, 29.009809491324198], [-95.41678086598338, 29.00981382207784], [-95.41590285633639, 29.009827491299834], [-95.41432568506293, 29.009856262338058], [-95.41304286444351, 29.00988560130757], [-95.40661941062513, 29.00998606257502], [-95.4060581604037, 29.009989652814983], [-95.40558079010182, 29.00998298166783], [-95.4050119705104, 29.00992228249768], [-95.40448542993677, 29.009835302192837], [-95.40407366940289, 29.009745922532808], [-95.40367434000422, 29.009633393043128], [-95.4032158089295, 29.009487432351374], [-95.40279944902944, 29.009349252315857], [-95.40234917843637, 29.009165062071784], [-95.39926228710232, 29.007878601840336], [-95.39450866393513, 29.005878031253346], [-95.39413463501792, 29.005720611606034], [-95.39335621373186, 29.00534756177789], [-95.39327321389878, 29.005303191128853], [-95.39290230337232, 29.005104841289135], [-95.39268832329229, 29.00496780137738], [-95.3925295831975, 29.00487798045503], [-95.39234242397792, 29.00477209093544], [-95.39039131279897, 29.00355932029448], [-95.38822627141003, 29.002097860926636], [-95.38744303031415, 29.00154980021934], [-95.3866409395941, 29.00105796011045], [-95.38644807968024, 29.000858799337625], [-95.38632725990877, 29.000676519582886], [-95.38609941027585, 29.000362239846698], [-95.38598631976758, 29.00018735948557], [-95.3858685289871, 28.99994114940308], [-95.38574232931639, 28.99970174960506], [-95.38560670982014, 28.999319719676073], [-95.38530283900809, 28.998143028229954], [-95.38439426034375, 28.996461451303208]]}, "properties": {"OBJECTID": 37, "Road_Category": "State", "Shield_Category": "State", "Route_No": "288", "Route_Name": "SH 288", "Tollway_Owner": null, "Shape.STLength()": 86846.82949146892}}, {"type": "Feature", "id": 38, "geometry": {"type": "LineString", "coordinates": [[-94.7836963103505, 30.48897422899695], [-94.78369350155567, 30.48896895244449], [-94.77423475549519, 30.471625186272302], [-94.77383279507913, 30.47082958607931], [-94.77352649480572, 30.470133585865167], [-94.77334804479099, 30.469670385279944], [-94.77308763541281, 30.468892434788117], [-94.77295254470458, 30.468419894937767], [-94.77251485420676, 30.466653544553882], [-94.76672865849766, 30.44287610470708], [-94.76651589819915, 30.441846454419025], [-94.76642403893531, 30.44120055428135], [-94.76636898957052, 30.440597694375235], [-94.76635598898757, 30.440455373630847], [-94.766321737612, 30.438776893249827], [-94.76622191768757, 30.424685967739972], [-94.76620360528935, 30.41074515168647], [-94.76621874650921, 30.409021611261505], [-94.7662009149012, 30.406908079991016], [-94.76618541413153, 30.393154294669664], [-94.76616176349098, 30.391606404136457], [-94.76612631374442, 30.391066723815324], [-94.76606150354986, 30.390441813316627], [-94.76590049380165, 30.389437233185348], [-94.76577519345071, 30.38890462246981], [-94.76555036289967, 30.388087033464288], [-94.76408487217462, 30.38309142076198], [-94.7633925520168, 30.38078794967477], [-94.76208234971872, 30.376284778380214], [-94.75890031718146, 30.365595534299562], [-94.75706367621606, 30.359333672016838], [-94.75561087497971, 30.354239669252483], [-94.75270977252313, 30.344185476054744], [-94.75253216169243, 30.34349001538137], [-94.75241081229447, 30.342844015168573], [-94.75235032185023, 30.342377295457926], [-94.75225103216145, 30.34128405470441], [-94.751512840907, 30.332911951021195], [-94.75126073106613, 30.329886140252746], [-94.75087963003216, 30.325722208594524], [-94.75032758878676, 30.319315466084625], [-94.75020389875327, 30.318067375512015], [-94.74875115640876, 30.301345448687297], [-94.7481025851779, 30.294152425454303], [-94.747192283329, 30.283584330926285], [-94.74649593312141, 30.275776868484268], [-94.74518425135085, 30.26510814425586], [-94.74481595067637, 30.261968532207707], [-94.7446107108368, 30.260536702310525], [-94.74376841036171, 30.25525378022334], [-94.74260068827802, 30.24886047713239], [-94.74246774777741, 30.248290007844794], [-94.74212994781425, 30.246975367264056]]}, "properties": {"OBJECTID": 38, "Road_Category": "State", "Shield_Category": "State", "Route_No": "146", "Route_Name": "SH 146", "Tollway_Owner": null, "Shape.STLength()": 89670.57292364756}}, {"type": "Feature", "id": 39, "geometry": {"type": "LineString", "coordinates": [[-95.36086496999522, 29.74381548765705], [-95.36206346055131, 29.743722448345533], [-95.36251866165573, 29.74365784729538], [-95.3633024219358, 29.7432853575006], [-95.3638693315663, 29.74283542754044], [-95.36428253216987, 29.74237595668899], [-95.36503030245218, 29.74141682658894], [-95.3660207333527, 29.740227076148454], [-95.36699933348106, 29.738986124973426], [-95.36882643350874, 29.736657054466605], [-95.3696164341267, 29.735683434336597], [-95.3705275253695, 29.73450018342457], [-95.37104401471383, 29.733667073568345], [-95.37136612452292, 29.73301393320524], [-95.37175389507057, 29.731840421968013], [-95.37199969528285, 29.731031452681485], [-95.372241375119, 29.730127331506036], [-95.37251444529896, 29.7294467214378], [-95.3728584554917, 29.728848990693574], [-95.37313953491005, 29.728447881623225], [-95.37344715588245, 29.72800890125708], [-95.37508168585656, 29.725988039836864], [-95.37574943596796, 29.725037909044456], [-95.37633349732992, 29.724013668990594], [-95.37675548759582, 29.72297335915281], [-95.37710298711464, 29.72191002789803], [-95.37791487705212, 29.719163336685657], [-95.37842908797064, 29.71741074634831], [-95.37863067759143, 29.716600936075327], [-95.37877129680304, 29.715849815391323], [-95.37883769654067, 29.714948795273106], [-95.37879407768148, 29.713916874954094], [-95.37855347623025, 29.712710524402056], [-95.37823375663008, 29.71165776401688], [-95.37807554628442, 29.711263953535695], [-95.37767905613387, 29.710277043220366], [-95.37544112527048, 29.706110162022345], [-95.37511073425195, 29.705118521264115], [-95.37486553325817, 29.703805160537705], [-95.37483935384088, 29.70282776009998], [-95.37485420425693, 29.702342999874165], [-95.37497453361453, 29.701530230284718], [-95.37515880420258, 29.70089992941774], [-95.3754818835726, 29.699552529485583], [-95.37597503447667, 29.69796895844293], [-95.37626869378866, 29.69701506790382], [-95.3765718438921, 29.696030276519522], [-95.37667209502872, 29.69570463729324], [-95.37829637434878, 29.690024574983465], [-95.37846440532896, 29.689413275117712], [-95.3791593246178, 29.686884963989538], [-95.37990303465806, 29.68492041200467], [-95.38039164466493, 29.683090761982605], [-95.38066501537335, 29.682260631203782], [-95.38090245482806, 29.681525851164317], [-95.38115883557214, 29.680662220011424], [-95.38128074546857, 29.68011535043886], [-95.38141764488942, 29.67962612047244], [-95.38148779575198, 29.679253100470348], [-95.38155142577612, 29.67889506022959], [-95.38160490493546, 29.678506199694166], [-95.38166438516082, 29.678036029588466], [-95.38169601493817, 29.675853818522807], [-95.38170122546492, 29.67549474884113], [-95.38170835537098, 29.675004459047855], [-95.38172923505168, 29.67468255834007], [-95.38181911496406, 29.672251317290005], [-95.38186098467024, 29.67169412740957], [-95.38193722507772, 29.67121454673248], [-95.38202403495393, 29.670715446701625], [-95.38215824437921, 29.67021786672926], [-95.3823195350227, 29.669761876662534], [-95.38251805511241, 29.669256505403315], [-95.38272514481444, 29.66877821577112], [-95.38379439498821, 29.666699615104935], [-95.3851168667671, 29.66412863356461], [-95.38545553546211, 29.663540752828325], [-95.38573311623377, 29.662892733287908], [-95.38601014616712, 29.66225664353626], [-95.38622459624487, 29.661742952466625], [-95.38651408615475, 29.660913762285052], [-95.3866849071619, 29.660379222267576], [-95.38687421666079, 29.659700931746563], [-95.38700914643798, 29.659017631017914], [-95.38715062672318, 29.65833559101143], [-95.38724277668287, 29.65780014088435], [-95.38726956629333, 29.65764286122509], [-95.38736149644684, 29.65696130062275], [-95.38739529620534, 29.656334610627], [-95.387418056485, 29.655614739683656], [-95.38741737601912, 29.65507914969061], [-95.38740822659742, 29.654238939391558], [-95.38738529585062, 29.653745789743024], [-95.38735692655555, 29.651176598639434], [-95.38730319602352, 29.647382356362304], [-95.38729012460202, 29.64645914639342], [-95.38725586508332, 29.64404069512178], [-95.3872579757877, 29.64364654558961], [-95.38722910553449, 29.642782305293405], [-95.38718860496711, 29.64119730455182], [-95.38702753398975, 29.631553279329943], [-95.38699981330055, 29.627733749050886], [-95.38699716435187, 29.62758187877745], [-95.3870134326165, 29.625279607477992], [-95.38699602311397, 29.621629776614757], [-95.38698947352925, 29.61916361543934], [-95.38698354291535, 29.616928044234104], [-95.38695470201708, 29.614101523135645], [-95.38691593218165, 29.612237462819387], [-95.38686903259013, 29.608962150461554], [-95.38668523093952, 29.601449557683484], [-95.38664234147012, 29.599696327448793], [-95.38660355119261, 29.597326756036928], [-95.38658558153085, 29.596870255440816], [-95.38631164955606, 29.584948910677678], [-95.38620006893431, 29.580255048549716], [-95.3861512885366, 29.577577097747966], [-95.38613029860132, 29.576583157731992], [-95.38613606877716, 29.57560215774826], [-95.386610728148, 29.57024673509105], [-95.38765284724647, 29.55940412046843], [-95.3876973175016, 29.558868820068128], [-95.38770553855251, 29.55862506012733], [-95.38771636779701, 29.558304339871494], [-95.3877130982147, 29.557745239828186], [-95.38773256777267, 29.555916858569834], [-95.3876868677082, 29.55444520874072], [-95.38765425750393, 29.55339534790712], [-95.38729848602826, 29.541938392624715], [-95.38707469525446, 29.53397735997594], [-95.38677240353485, 29.524013856201616], [-95.38668579380565, 29.51986934350339], [-95.38679273361778, 29.518157284174695], [-95.3874044003469, 29.51241213403077]]}, "properties": {"OBJECTID": 39, "Road_Category": "State", "Shield_Category": "State", "Route_No": "288", "Route_Name": "SH 288", "Tollway_Owner": null, "Shape.STLength()": 86920.61374435922}}, {"type": "Feature", "id": 40, "geometry": {"type": "LineString", "coordinates": [[-96.57906124024524, 29.977347384634296], [-96.57882033068101, 29.977533098863784], [-96.57831464106117, 29.9779144890797], [-96.57789674107816, 29.978174699413007], [-96.57740664081986, 29.978403559334133], [-96.5769195102531, 29.978571048984044], [-96.57637377965995, 29.97869835933979], [-96.57608509964297, 29.978740569223334], [-96.57578849048286, 29.9787653993331], [-96.57548855965773, 29.978774020131397], [-96.5751902295275, 29.978764260036073], [-96.57459282927034, 29.97869840976624], [-96.57429536926797, 29.978635439260405], [-96.5740113486453, 29.978553859542977], [-96.5737414093362, 29.978461489545044], [-96.57334678946903, 29.978298519600354], [-96.57008023687405, 29.976698279213736], [-96.56889995646573, 29.976134469414347], [-96.56807864553326, 29.975765778743746], [-96.56749397526467, 29.97554656861112], [-96.56719043508288, 29.975449638627328], [-96.56672265522721, 29.975325228804707], [-96.56624607466898, 29.975223198062906], [-96.56576424442731, 29.975140668959856], [-96.56478270374059, 29.975040188557273], [-96.56430407333264, 29.975026478846544], [-96.56382384353076, 29.97503213930199], [-96.5633743632964, 29.97505598904473], [-96.56293868249655, 29.975107408638824], [-96.56199050206375, 29.975280839147494], [-96.55230862795908, 29.977480280284553], [-96.54947271659324, 29.978141611853], [-96.54834870592232, 29.978376781440424], [-96.54755129592945, 29.978505291717248], [-96.54694554582052, 29.978582022319333], [-96.5455512846375, 29.978704621645058], [-96.54444139391329, 29.978729871379446], [-96.54365319289239, 29.978714921323473], [-96.54299766347945, 29.9786729421229], [-96.53948552141965, 29.978334702448898], [-96.53636853007754, 29.978019332013343], [-96.53549945945451, 29.97791890221153], [-96.53484086995084, 29.977820962034617], [-96.5339100588675, 29.977633141913053], [-96.53246953776338, 29.977251761945748], [-96.53192425783199, 29.977081692362304], [-96.53125763742045, 29.976846481446593], [-96.53065233674633, 29.97660364243074], [-96.53005609747751, 29.976340521310497], [-96.52913175579494, 29.975894512329234], [-96.52247581299363, 29.97257100065142], [-96.52197904228655, 29.972343730232915], [-96.52122773138746, 29.97205603057282], [-96.52049239154704, 29.971831670381484], [-96.51994793074624, 29.97171418085472], [-96.5195203205206, 29.971639279970628], [-96.5188965301327, 29.97156670034566], [-96.5182595498938, 29.971530260554417], [-96.51768527005773, 29.97152502120501], [-96.51709419876542, 29.971551791159587], [-96.51632174955884, 29.971629611379463], [-96.51335816756014, 29.971986000869876], [-96.50997814584854, 29.972369031763286], [-96.50939072564744, 29.97241456174635], [-96.5088413354626, 29.972431062167477], [-96.50766656433012, 29.972409662183217], [-96.5021812421682, 29.97225546191652], [-96.49481196861147, 29.97204793306686], [-96.48998009668237, 29.971930243672627], [-96.4884511851857, 29.97188191354826], [-96.4877478348401, 29.97183773318526], [-96.48650281425257, 29.97169639368933], [-96.48590111429648, 29.971600393556713], [-96.48536144374691, 29.971495893038988], [-96.48001766098012, 29.970262392738764], [-96.47884204003999, 29.97001293308904], [-96.47751828923812, 29.96978834343709], [-96.47155853620461, 29.96884157370556], [-96.47041660601181, 29.968643753225724], [-96.46845468416647, 29.968202813309517], [-96.46478590282724, 29.96732251309744], [-96.46408195209364, 29.967204252449516], [-96.46374571211774, 29.96716531234025], [-96.46322816198158, 29.96712503213218], [-96.46270334130189, 29.967110142857702], [-96.46202763112592, 29.967133103113923], [-96.46122332048057, 29.96722142342542], [-96.46052249052251, 29.967349022924], [-96.45968514944016, 29.967552242894598], [-96.45281543616318, 29.969360994148694], [-96.44981840530518, 29.970218045123453], [-96.44840191556152, 29.970606215410093], [-96.44650417379293, 29.971096355268322], [-96.44414176244364, 29.971653826837283], [-96.44201116161577, 29.97218649654485], [-96.43781757876616, 29.973299287376364], [-96.43307038779109, 29.974636627999164], [-96.4329578376775, 29.97468129818892], [-96.43107164573155, 29.975185298220083], [-96.42313236312941, 29.97743655962644], [-96.42242460262392, 29.977613639268935], [-96.42182610163167, 29.977708989597435], [-96.42123815104215, 29.97775201085165], [-96.42067275123928, 29.977746600019533], [-96.42013613093125, 29.977696090421038], [-96.41964229118962, 29.977613600499016], [-96.4191099898877, 29.97748501015348], [-96.41748309961838, 29.97703760931293], [-96.41349876673895, 29.975912489376032], [-96.4122149861838, 29.97557416040687], [-96.41154468692773, 29.975412710097736], [-96.4107842358875, 29.97526567940338], [-96.40964995454684, 29.97509826002416], [-96.40862736477249, 29.974998099071254], [-96.4079920642437, 29.974961790248685], [-96.40710174503978, 29.974951500208356], [-96.40639887420218, 29.974963979278662], [-96.40621261383903, 29.974969029931746], [-96.40253959162192, 29.975178350414442], [-96.39851276998236, 29.975432860417808], [-96.39802269001014, 29.97545549034143], [-96.39764048873374, 29.975456450547142], [-96.39720616916786, 29.97542701048594], [-96.39657981868743, 29.97535905141591], [-96.39203004719168, 29.97476068127512], [-96.39045849555302, 29.974569200895562], [-96.38963936598437, 29.974517180828602], [-96.38901265473116, 29.974523520421393], [-96.38820303393288, 29.974590271130957], [-96.38731757406781, 29.974737270824043], [-96.38262203194469, 29.975628722417955], [-96.38031944995564, 29.976049302103934], [-96.37997522104749, 29.976097602151917], [-96.37953629963539, 29.976133622128575], [-96.37918617047919, 29.976141892021154], [-96.37873745008378, 29.97613159215012], [-96.37800537976801, 29.976037432296593], [-96.37763510898867, 29.975962302413194], [-96.37727612965449, 29.97587010295634], [-96.37672559962894, 29.97568198232268], [-96.37619374845951, 29.975446882688406], [-96.37541339897678, 29.97500571282948], [-96.37199571652856, 29.97288015155527], [-96.371089365655, 29.972346611727062], [-96.37028110435153, 29.971904090963772], [-96.36773004391347, 29.970627450879984], [-96.35972218954656, 29.966664020250263], [-96.35466913670224, 29.96419625954123], [-96.34759368347515, 29.96115062800568], [-96.33781313800334, 29.95700100777181], [-96.33725884778451, 29.956789827812813], [-96.33678334712613, 29.95663465782041], [-96.33628662661945, 29.956506647359994], [-96.335795905564, 29.95640853723257], [-96.33531472587218, 29.956330576863078], [-96.33483404573414, 29.956273347635925], [-96.33435531628056, 29.956237777171793], [-96.33374521488334, 29.956221397919684], [-96.33338036480355, 29.95622992809328], [-96.3328932246233, 29.956269827308912], [-96.33238824439935, 29.956330908212806], [-96.33201340421796, 29.956397318134385], [-96.33151317428403, 29.956507747384645], [-96.33078472327183, 29.95670605804905], [-96.32729655173324, 29.957735528548362], [-96.3189716577624, 29.959945989395283], [-96.3186106979429, 29.96003378021413], [-96.31812881771373, 29.960125500050946], [-96.31764684825318, 29.960180879833146], [-96.31718962757294, 29.96020597012715], [-96.3166389464204, 29.960186800482674], [-96.31610424621842, 29.960135070359065], [-96.31567502682319, 29.960058810124], [-96.31524273681914, 29.959955410198212], [-96.31119453424373, 29.958764469644546], [-96.30242883973845, 29.95613849921642], [-96.30062577860372, 29.955621080110316], [-96.29977261826971, 29.955424738997564], [-96.29900265741749, 29.955286828930554], [-96.2980037671753, 29.95514935975444], [-96.29705089695244, 29.95506067912411], [-96.29618001568775, 29.955016449757593], [-96.29538034531974, 29.955008879482182], [-96.29467095545084, 29.955032769620583], [-96.29386899421205, 29.955082649921934], [-96.28656673169182, 29.955653280489784], [-96.27754521681007, 29.956335721016657], [-96.2742055758291, 29.95657299231036], [-96.27246388462058, 29.956717712403158], [-96.27190563396357, 29.956792291549316], [-96.27099651368637, 29.95698402238464], [-96.27064747400993, 29.957059082184152], [-96.27036210374813, 29.957085371676467], [-96.26995348279323, 29.957063472407732], [-96.26951460321114, 29.95694163238494], [-96.26912743294545, 29.956806442568595], [-96.26824010207048, 29.95641540183417]]}, "properties": {"OBJECTID": 40, "Road_Category": "State", "Shield_Category": "State", "Route_No": "159", "Route_Name": "SH 159", "Tollway_Owner": null, "Shape.STLength()": 103030.61520866893}}, {"type": "Feature", "id": 41, "geometry": {"type": "LineString", "coordinates": [[-95.28177678747869, 29.715699981348486], [-95.28144661711232, 29.71540851104285], [-95.2809743365387, 29.715004361882176], [-95.28026856702718, 29.71434455146615], [-95.27946561632385, 29.713659631423262], [-95.27852657579534, 29.712991120818028], [-95.2778761453252, 29.712709171103295], [-95.27702118446886, 29.71233369085564], [-95.27665284469667, 29.7122208004907], [-95.27623510374988, 29.71213507081934], [-95.27584673496477, 29.712067810710916], [-95.27509866433634, 29.71193894091414], [-95.27429295337828, 29.71178094996561], [-95.27352952305817, 29.71161515046476], [-95.26956423066969, 29.710313060150963], [-95.26906327129227, 29.710159240348265], [-95.26817674004043, 29.709913120449713], [-95.26787728017234, 29.709836440075613], [-95.26701556985756, 29.70964607075484], [-95.2661982884236, 29.709422990088385], [-95.2654785481084, 29.709256070755853], [-95.26393951770693, 29.708940030257207], [-95.26238711735249, 29.708645030679445], [-95.25579058277282, 29.707558010647297], [-95.25021154996382, 29.706605740380475], [-95.24737202968218, 29.706143780028846], [-95.24631732860738, 29.706006990380313], [-95.24488579738352, 29.70595977044829], [-95.2424238263996, 29.706162630008723], [-95.23577695300224, 29.706781081642138], [-95.23007117020522, 29.707293821869538], [-95.22918638983789, 29.707398712240746], [-95.22853911990359, 29.707514351598668], [-95.22793943935812, 29.707692061998806], [-95.22715302868086, 29.707998342108286], [-95.22653248830643, 29.708313972962692], [-95.22557391811343, 29.708845853320007], [-95.22474092765245, 29.709223723601184], [-95.22432496769717, 29.709401912937338], [-95.22359792758975, 29.709632993906084], [-95.22287355661236, 29.70981030295594], [-95.22202285618647, 29.70994984330546], [-95.22136106569823, 29.710042222838734], [-95.2199909457588, 29.710218523574508], [-95.2175646648473, 29.71054437396891], [-95.21632818317808, 29.710683394254897], [-95.21353419282296, 29.710946273921465], [-95.20796710890826, 29.711459435004123], [-95.2059716078161, 29.711638185031997], [-95.20187588641156, 29.71199814593403], [-95.20024129542232, 29.71213194582516], [-95.19532047191203, 29.712558056262164], [-95.19345132200492, 29.71274791692919], [-95.19106585999367, 29.712957276345588], [-95.18942942011408, 29.712973357174715], [-95.18738162915635, 29.712936426843786], [-95.1841898576351, 29.712858187319753], [-95.17964504429982, 29.712696067124362], [-95.17148658104172, 29.712503767669162], [-95.16580612746245, 29.712351708317428], [-95.16151836541515, 29.712231057783814], [-95.15715564284068, 29.71212893851398], [-95.1535088117717, 29.71202174880273], [-95.15165997039234, 29.711983298939337], [-95.14928665922882, 29.711898649017012], [-95.14680860804391, 29.711718958522145], [-95.14487792711174, 29.711644958711922], [-95.14211923541504, 29.711553079232647], [-95.14000001424388, 29.711493319529538], [-95.1384349738182, 29.71145478947425], [-95.13483636233768, 29.71137045949883], [-95.13362185060546, 29.71136292011653], [-95.13239703988583, 29.71136149075526], [-95.1319695204451, 29.71139720990337], [-95.13152677029964, 29.711438870101336], [-95.13106230048875, 29.711466660029355], [-95.13040270990605, 29.711513010354995], [-95.12980374892942, 29.7115421403376], [-95.12908681851381, 29.711540650304254], [-95.12501382574027, 29.711442611230805], [-95.12323127593041, 29.71139355098833], [-95.12096321446415, 29.711345310325992], [-95.11961401338306, 29.711301791017473], [-95.11864062430637, 29.711275040795027], [-95.11783193365034, 29.711265091416113], [-95.11616499278017, 29.71111473086558], [-95.11534899176762, 29.71100502175293], [-95.11470540152139, 29.710882410964473], [-95.11398083030161, 29.710737101231466], [-95.11333528108592, 29.710552561072493], [-95.11316501994492, 29.71051211119319], [-95.1129937403498, 29.71046699053379], [-95.10997719899032, 29.709565470593617], [-95.10250709458013, 29.707386050516174], [-95.09883967316726, 29.706363990131553], [-95.09608219062426, 29.705513970130973], [-95.09308408917033, 29.704550250132215], [-95.08844283721788, 29.703071719452996], [-95.07290585849101, 29.69838130823942], [-95.07149280746653, 29.697974238636675], [-95.06895141749779, 29.697288498875483], [-95.06785521599319, 29.69696544878159], [-95.06646456491987, 29.696559208302144], [-95.06146270257253, 29.694923308234124], [-95.05305325832259, 29.692390137421402], [-95.0490232960426, 29.691249267550866], [-95.04536851303803, 29.690147867223118], [-95.04245637260517, 29.689127596780832], [-95.04074195062503, 29.688537146151717], [-95.04007145100653, 29.688381616025577], [-95.03952241116036, 29.688263167069863], [-95.03894821067584, 29.68815450765507], [-95.03824978080256, 29.688062507429613], [-95.03732667982415, 29.688025967320034], [-95.03641743881084, 29.687981947261132], [-95.03618743932536, 29.687988757453937], [-95.03595764800797, 29.687999657537315], [-95.03572814846427, 29.688014677071724], [-95.03549905862573, 29.688033787051697], [-95.03529511887851, 29.688054276931616], [-95.03509164830058, 29.688078017722997], [-95.03486659740689, 29.688108127298307], [-95.03458475869755, 29.68815161731044], [-95.03446774860653, 29.688167147814863], [-95.03416772797384, 29.688204226842675], [-95.03386710859395, 29.68823741730063], [-95.03355378679493, 29.68826782671248], [-95.03323996701599, 29.688294017353126], [-95.03292573763851, 29.688315977392477], [-95.0326111468892, 29.688333717283225], [-95.0324742266859, 29.688334307483363], [-95.03233743665201, 29.688329367429017], [-95.03220103656722, 29.688318917457288], [-95.03206534724697, 29.688302977006725], [-95.0319306369585, 29.68828158743181], [-95.03179721648551, 29.6882547868343], [-95.03166534644379, 29.68822262717745], [-95.03153531638046, 29.688185187463187], [-95.03140417719331, 29.68814138723656], [-95.03127555667447, 29.688092216935697], [-95.03114974662464, 29.6880377772994], [-95.03102703569004, 29.687978196959783], [-95.03093172630838, 29.687918336457543], [-95.03083975567966, 29.687854617120916], [-95.0307513251988, 29.68778717763413], [-95.03066665652746, 29.687716167212873], [-95.03057280595769, 29.68762898674909], [-95.0304846055681, 29.687537427382352], [-95.0304023164756, 29.68744176679344], [-95.03032618615812, 29.68734228767516], [-95.0302564462997, 29.68723930655751], [-95.03019331499992, 29.687133116997686], [-95.03013697513416, 29.6870240674802], [-95.03008759597817, 29.686912457335872], [-95.03005724574983, 29.686832966809455], [-95.0300304258102, 29.686752506655672], [-95.0300071859056, 29.686671206545082], [-95.02998756580543, 29.686589186824595], [-95.02997156538885, 29.68650655672763], [-95.02995924537505, 29.68642345617979], [-95.0299505962781, 29.686339995941786], [-95.02994564569988, 29.686256316762467], [-95.02994390609602, 29.686047276678625], [-95.02994447535524, 29.685801865643345], [-95.02995237548738, 29.685329626227986], [-95.02996901471072, 29.68486204599472], [-95.0300420951496, 29.684415075827815]]}, "properties": {"OBJECTID": 41, "Road_Category": "State", "Shield_Category": "State", "Route_No": "225", "Route_Name": "SH 225", "Tollway_Owner": null, "Shape.STLength()": 83494.7074243545}}, {"type": "Feature", "id": 42, "geometry": {"type": "LineString", "coordinates": [[-94.76993254093479, 29.331247046816138], [-94.7698750108844, 29.329618956288037], [-94.76980631051256, 29.328586155292754], [-94.76981229026185, 29.328433115487424], [-94.76982518015926, 29.32828939518574], [-94.76988146064919, 29.328054505647113], [-94.76997351073203, 29.3278205959052], [-94.770061580815, 29.32766020541573], [-94.77021086075786, 29.327468485407103], [-94.77055587171576, 29.32710248553877], [-94.77072719097559, 29.326903484763758], [-94.77084720138357, 29.326752694852456], [-94.77094514075611, 29.326582575495724], [-94.77099815070592, 29.326414644271743], [-94.77104081101804, 29.3262099644245], [-94.77105878141548, 29.32595952451813], [-94.7710035616756, 29.325595664518552], [-94.7693452891417, 29.32069984252043], [-94.76926243925283, 29.3204552222433], [-94.76920699907414, 29.320254172430065], [-94.76918741939618, 29.320092611858364], [-94.7692104197218, 29.319924681941767], [-94.76926499026779, 29.319776602413473], [-94.76934503934396, 29.319653052121122], [-94.76949984946268, 29.3194983415947], [-94.76962233007883, 29.319440012110256], [-94.76979553963851, 29.31941803243553], [-94.76995066036501, 29.319400921635253]]}, "properties": {"OBJECTID": 42, "Road_Category": "State", "Shield_Category": "", "Route_No": "168", "Route_Name": "SH 168", "Tollway_Owner": null, "Shape.STLength()": 4644.465507264105}}, {"type": "Feature", "id": 43, "geometry": {"type": "LineString", "coordinates": [[-94.38398671460118, 29.82737705862196], [-94.38406264433928, 29.82046767605777], [-94.3840015627712, 29.81280027225737], [-94.3839499723913, 29.807417830066033], [-94.38392692288414, 29.803855168661066], [-94.38391306272801, 29.803267938053374], [-94.38373645221417, 29.80201144808764], [-94.38351631180298, 29.80117205730773], [-94.38325131113925, 29.80011275718289], [-94.38324820195847, 29.79884720699696], [-94.3832148111421, 29.79661656578487], [-94.3831699505464, 29.792874614839985], [-94.38315751065998, 29.79183727403876], [-94.38323910075549, 29.789800612314252], [-94.38325562040772, 29.78882809266375], [-94.38326531029784, 29.78859978259352], [-94.38325351098995, 29.78770984214023], [-94.38317783092971, 29.786869692116156], [-94.38307500064953, 29.786336261223372], [-94.3829300901942, 29.785805791076218], [-94.38281224050829, 29.78546104104754], [-94.3826323096826, 29.785018871036055], [-94.38238049015565, 29.78451549061112], [-94.38213445989102, 29.78408496056623], [-94.38187128033655, 29.783692500558384], [-94.38158691880825, 29.783328920545298], [-94.38131148978377, 29.783005610482547], [-94.38102679887459, 29.78270498084266], [-94.37973885823027, 29.781502339338157], [-94.37946911832368, 29.781226539207857], [-94.37911616770289, 29.780819329487123], [-94.37892771714098, 29.780577309118723], [-94.37878159724218, 29.780379419067813], [-94.3785364972049, 29.779999549524167], [-94.37835306681022, 29.77968827943481], [-94.37814045716846, 29.779269979393753], [-94.37796491642187, 29.778863988701662], [-94.37781542688224, 29.778452888230863], [-94.37768338607331, 29.77799671821106], [-94.37758237717858, 29.77754325822139], [-94.37753640593048, 29.777266388951396], [-94.37748627667892, 29.77678556803403], [-94.37707217579064, 29.767006784378648], [-94.37668019471518, 29.757087060305626], [-94.37653655433924, 29.753958337899974], [-94.37650416372472, 29.752836767548484], [-94.37538735133985, 29.725376466388663], [-94.37533863114791, 29.72401317599683], [-94.37537043009604, 29.72128133558857], [-94.37533348039955, 29.720119214168776], [-94.37511870008268, 29.714895733001626], [-94.37511164977529, 29.71479456238967], [-94.3750469591109, 29.713976801715305], [-94.3748601786306, 29.71213842145569], [-94.37480123925675, 29.71100466093064], [-94.37382954644328, 29.686384681142577], [-94.37382367612538, 29.685813429908052], [-94.37384018709689, 29.685375370568835], [-94.37387115692442, 29.68494818942831], [-94.37396078670398, 29.68416263928382], [-94.37405543565828, 29.683590669884982], [-94.37450139665886, 29.68137933836621], [-94.37461963643277, 29.680553158645136], [-94.37468928614821, 29.679638857862926], [-94.37470201702534, 29.678998117670524], [-94.37469245622219, 29.678518387314256], [-94.37463497713043, 29.677677827112536], [-94.37452792591539, 29.676846307014866], [-94.37432791646116, 29.675819135771537], [-94.37333429568069, 29.670288243932138], [-94.3732318950952, 29.669678223056227], [-94.37314375513844, 29.668877054274617], [-94.3729967448637, 29.665597111853945], [-94.37223719235136, 29.646614604841634], [-94.37193621118263, 29.638878810984867], [-94.37192624188565, 29.637890260424697], [-94.37197315236881, 29.63713233101917], [-94.37203207089354, 29.63659196974188], [-94.37211611162675, 29.63601846973709], [-94.37223299198732, 29.635396959626686], [-94.37236092223829, 29.63486749996156], [-94.37252718147009, 29.6342822792291], [-94.37275828151186, 29.63360613879204], [-94.37295829189611, 29.633079588470572], [-94.38362637559408, 29.607058336990015], [-94.3840423952995, 29.606081676472414], [-94.38418726539385, 29.605741566640187], [-94.38535207516972, 29.60325900590676], [-94.38834021697461, 29.595953122188998], [-94.38860198565128, 29.595313052166922], [-94.39135825746038, 29.58862902900081], [-94.39207899835196, 29.586873687982735], [-94.3924128880717, 29.586141708052715], [-94.39265131847961, 29.585680587351934], [-94.39449076842156, 29.582341905409518], [-94.39474614842915, 29.581841405696068], [-94.39494543791898, 29.581402695875227], [-94.39881950017855, 29.57218898093054], [-94.39890414027914, 29.571958982284276], [-94.39895920929226, 29.57162379186118], [-94.39900663907656, 29.57121554174305], [-94.39900329039608, 29.57096606140945], [-94.39898363938163, 29.570689890769554], [-94.39891067017496, 29.57044121040755], [-94.39878000915199, 29.570046931327806], [-94.39866452877885, 29.56980870986052], [-94.39620959796765, 29.565142008854398], [-94.39098648415137, 29.555211464851126], [-94.3891609124197, 29.551662613682524], [-94.38908125236601, 29.55146172348115], [-94.38901900317852, 29.551255143564525], [-94.38894014223533, 29.551065533743696], [-94.38888135344625, 29.550856133879655], [-94.38883695290268, 29.55064323366308], [-94.38878311327983, 29.550429922957004], [-94.3887636618672, 29.55027603248269], [-94.38875909243832, 29.550110393749293], [-94.38876436217325, 29.55001964266396], [-94.38879489326872, 29.549901062577245], [-94.38882974231838, 29.549708223107498], [-94.38887962313117, 29.549582233257873], [-94.38896156240429, 29.54939593291464]]}, "properties": {"OBJECTID": 43, "Road_Category": "State", "Shield_Category": "State", "Route_No": "124", "Route_Name": "SH 124", "Tollway_Owner": null, "Shape.STLength()": 103928.326324878}}, {"type": "Feature", "id": 44, "geometry": {"type": "LineString", "coordinates": [[-95.4575469990443, 30.279870710496784], [-95.45955827024889, 30.279214289500278], [-95.46109600056688, 30.27887841940033], [-95.46251269156491, 30.278835869154445], [-95.46358173199035, 30.278892538896386], [-95.46453852306476, 30.279056838950513], [-95.46549091237237, 30.279313978773445], [-95.46779177486596, 30.280065579226086], [-95.4701886157674, 30.28084029918943], [-95.47075148603416, 30.281030568926553], [-95.47219238644499, 30.28147922945454], [-95.4801474506871, 30.284076809673383], [-95.48064683115899, 30.28422410983497], [-95.4814274316198, 30.284395849844298], [-95.48294782206172, 30.28460261946983], [-95.48478758412782, 30.284827760072243], [-95.48555232313839, 30.284970369787427], [-95.48604373447455, 30.285094059632108], [-95.48671520476401, 30.285302770390963], [-95.48722413537364, 30.285501079305753], [-95.48776376522201, 30.285748169882392], [-95.48815653536973, 30.285950049994067], [-95.4885540760435, 30.286179180500884], [-95.4889395467867, 30.28643008938689], [-95.48937030560207, 30.28674603037914], [-95.48975884648662, 30.287065910130902], [-95.49287927798477, 30.28998400187169], [-95.4935252678584, 30.290483412175217], [-95.49425798905608, 30.29095121196807], [-95.49500583877028, 30.291336731832192], [-95.4953265692131, 30.291479041697645], [-95.49580158930915, 30.29165998239769], [-95.49621284014157, 30.291798611504444], [-95.49773020055419, 30.292209631897318], [-95.49815080094221, 30.292336992483612], [-95.49854720058222, 30.29247370128824], [-95.499013331559, 30.29265920219806], [-95.50448440481303, 30.295230062727793], [-95.50504200484498, 30.295523202257673], [-95.50562581592763, 30.295885592522236], [-95.50616239568238, 30.296277113122684], [-95.506630216114, 30.296672673095596], [-95.50704448700763, 30.297068113683437], [-95.50747461562732, 30.297556214065303], [-95.50779741622175, 30.29798069367451], [-95.50805945696376, 30.298373733532955], [-95.50835828652166, 30.298903034266054], [-95.50857901739268, 30.299372804023022], [-95.50870407689442, 30.299685614422778], [-95.5093940378266, 30.30187281522409], [-95.50951316760145, 30.302388905016887], [-95.50959584816822, 30.302935735569864], [-95.50963089709656, 30.303320724836702], [-95.50963731808054, 30.303604315319816], [-95.50961063728427, 30.30429569611067], [-95.5095197880945, 30.304949806311022], [-95.50936991788959, 30.305588707033653], [-95.50911688861382, 30.30637144655903], [-95.50899895868143, 30.306620166941887], [-95.50863110774209, 30.307290527855248], [-95.50772772719876, 30.308698867908607], [-95.50732071679056, 30.30940027792107], [-95.50694603739866, 30.31014148813408], [-95.50561766701212, 30.31288402000076], [-95.5050788265549, 30.313996439900645], [-95.50472828661694, 30.31468725102755], [-95.50450136593824, 30.315181670754733], [-95.50431642680184, 30.31566833052844], [-95.50416925686703, 30.316207541248385], [-95.50370955572673, 30.31880889165027], [-95.50361315632156, 30.31927244208394], [-95.5035089660727, 30.31964995281156], [-95.50318940577421, 30.320334672513283], [-95.50292947650118, 30.32077914362117], [-95.50268044645851, 30.32113163331079], [-95.50233095576885, 30.321533473797253], [-95.5021407560545, 30.321720413430103], [-95.50161912579598, 30.322147973776335], [-95.50109001597272, 30.3225004734593], [-95.49903782445307, 30.32368160457642], [-95.49801836420873, 30.3242881149085], [-95.49750620394516, 30.324718105880613], [-95.49727044358106, 30.324974665383827], [-95.49706046407091, 30.32524258587768], [-95.49674311351852, 30.325731945717845], [-95.49666436335428, 30.32586541584056], [-95.49584933401621, 30.327246766393944], [-95.49545149284941, 30.327800056131508], [-95.49508064286333, 30.328230357015673], [-95.4948078730718, 30.32849818692434], [-95.49452295284506, 30.32874633732977], [-95.49409154163273, 30.32907602656136], [-95.49347343208905, 30.329469757343727], [-95.49312929185167, 30.329648397124526], [-95.4925936813083, 30.329895507333024], [-95.49221596132412, 30.330039497736813], [-95.4918277009002, 30.330162217282812], [-95.49143061079567, 30.330267598160273], [-95.48872346001721, 30.330912508450997], [-95.48602642878865, 30.331557298628354], [-95.48091516583155, 30.332779099746194], [-95.47949287507339, 30.333183879666148], [-95.47819155501651, 30.333563249519234], [-95.47618744410715, 30.33413540021717], [-95.47594837456707, 30.33419051095441], [-95.46834916001602, 30.335941881561467], [-95.46766534943991, 30.336096371600362], [-95.45986333589136, 30.337858693785684], [-95.45956818526096, 30.337925353273278], [-95.4595223562423, 30.337934342701843], [-95.45888027559467, 30.338043302950027], [-95.45862579532914, 30.338088912455955], [-95.45761856522951, 30.33820600302269], [-95.45666389387317, 30.338316983745997], [-95.45582430342832, 30.338414573548704], [-95.45512830338266, 30.33851993333115], [-95.45434925333083, 30.338679794372773], [-95.45412890370436, 30.338728373430893], [-95.45272693191177, 30.339037503836288], [-95.45232591244293, 30.339125913622084], [-95.44854019081635, 30.339987735353542], [-95.4477693803975, 30.34013344495769], [-95.44691224891841, 30.340230904690678], [-95.44635250931297, 30.340249305096297], [-95.44573560889138, 30.340239845168654], [-95.44514168752168, 30.340198515401504], [-95.44135938710373, 30.339860375016826], [-95.44099417540565, 30.33984082445937], [-95.44043081607057, 30.339836615470304], [-95.43829750470847, 30.3399872757149], [-95.43034989122154, 30.34063985559052], [-95.43000458011332, 30.340654426107324], [-95.42977563118599, 30.34065392581384], [-95.42932412060908, 30.34065292630627], [-95.42894292001223, 30.340638446234106], [-95.4284163092873, 30.34059322617553], [-95.42793010031502, 30.340518216944115], [-95.42773169912707, 30.340477286641008], [-95.42730121984175, 30.340388456272866], [-95.42686894847539, 30.34027659587424], [-95.42620930908926, 30.34007115652172], [-95.42559243827046, 30.339826295970084], [-95.42037219470595, 30.33747634630138], [-95.41691889359765, 30.33589413484731], [-95.41566165199623, 30.33533818482098], [-95.41159753059898, 30.33348926492342], [-95.40983634978414, 30.332682764458877], [-95.40936853947494, 30.33242485506499], [-95.40885690932987, 30.33210661427857], [-95.40833288852973, 30.331728324066617], [-95.40777847918784, 30.331263773377337], [-95.40736123827423, 30.330846584025558], [-95.40692290719029, 30.330343863586883], [-95.4044851067853, 30.327387432388527], [-95.40412875583925, 30.326887233113446], [-95.40384129536264, 30.32642387235049], [-95.40352689565653, 30.32578187159959], [-95.40327133530603, 30.325120771739343], [-95.40278325543349, 30.323389281961795], [-95.40249047562808, 30.322350621397202], [-95.4023228453678, 30.321833880454516], [-95.40224184515574, 30.32158418059393], [-95.4020742851622, 30.321143330836954], [-95.40192367540263, 30.320805120352823], [-95.40146998473602, 30.31978627009084], [-95.40123241421158, 30.319147989444634], [-95.40104974382605, 30.318566208996454], [-95.40063108373899, 30.317232789178977], [-95.39960963256385, 30.313979346985295], [-95.39884406197952, 30.311544956552954], [-95.39869124233455, 30.310984706873636], [-95.3985837511704, 30.3104081367828], [-95.39852572170153, 30.309784766452193], [-95.39852224137404, 30.309140936279263], [-95.39856450080426, 30.30859238480088], [-95.39865908168443, 30.30802580571904], [-95.39881035240217, 30.30747469478848], [-95.39906702179461, 30.30677537487299], [-95.39928189209725, 30.306298754168917], [-95.39945506245657, 30.305942313900278], [-95.4002978126891, 30.304207493709118], [-95.40237345249612, 30.299974821540566], [-95.40264602319152, 30.29934565117916], [-95.40324976306813, 30.297748860882447], [-95.40345424317799, 30.29725871133222], [-95.40382090314174, 30.296568010563107], [-95.40414044298687, 30.2960825301552], [-95.40452909405252, 30.295583899483574], [-95.40507411311022, 30.29499247914228], [-95.4053962538197, 30.294690969496944], [-95.40580162444039, 30.294357559313237], [-95.40626975439639, 30.294016629308747], [-95.4067249239033, 30.293726708748018], [-95.40713059422512, 30.293498339036805], [-95.40757631489194, 30.29327605838489], [-95.40808120511656, 30.29305946914506], [-95.40859967521396, 30.292868378716843], [-95.40898945496068, 30.292745648751556], [-95.40948148599752, 30.292616407680438], [-95.41836256941022, 30.29044598654811], [-95.4189979309039, 30.29023427688593], [-95.41952976071795, 30.29001976674993], [-95.4203327101003, 30.28962494653142], [-95.42076582126232, 30.289364745720054], [-95.42210642208975, 30.288507875792504], [-95.42318364149114, 30.287856715113982], [-95.42413659183879, 30.287320025899827], [-95.42497669330086, 30.28690678483246], [-95.42684527395551, 30.28611807464158], [-95.42729699405908, 30.28591120428269], [-95.4276241237897, 30.28573691489445], [-95.42829526420282, 30.285312924182016], [-95.42868266510843, 30.28502834420258], [-95.42978157578106, 30.28416063305953], [-95.43029372624615, 30.28381529288265], [-95.43060838627174, 30.283627373323586], [-95.43113051616709, 30.283349463439855], [-95.43165925679038, 30.283113242636283], [-95.43218636670959, 30.282905612345314], [-95.43286092655714, 30.28270759274965], [-95.433288827698, 30.282596982242747], [-95.43408079743395, 30.28246746259394], [-95.4352315276737, 30.28240030247606], [-95.43630603808421, 30.282454053065592], [-95.43680791829075, 30.282525151832328], [-95.43719668915654, 30.282596621730672], [-95.44217988148075, 30.28367680218419], [-95.44356130229589, 30.28394647203342], [-95.4444925427423, 30.284042202199362], [-95.44541773383179, 30.284088832107866], [-95.446246793761, 30.284067972934327], [-95.44678313454904, 30.283995371684536], [-95.4472211141771, 30.283936082265324], [-95.44836975517924, 30.28372635189954], [-95.44978890603464, 30.283181741979146], [-95.45165009633186, 30.282355240818692], [-95.45346668679, 30.281564320722058], [-95.45632751857472, 30.280370929539743], [-95.45753184605003, 30.27987692536372]]}, "properties": {"OBJECTID": 44, "Road_Category": "State", "Shield_Category": "Loop", "Route_No": "336", "Route_Name": "SH 336", "Tollway_Owner": null, "Shape.STLength()": 92014.03007510694}}, {"type": "Feature", "id": 45, "geometry": {"type": "LineString", "coordinates": [[-95.0616420649876, 30.39009138882631], [-95.06164316583512, 30.390089582525313], [-95.06451433683745, 30.385327840248802], [-95.06883332935654, 30.37781907663952], [-95.06952178513195, 30.376668333413892], [-95.0698663990469, 30.37609231643365], [-95.0713186594855, 30.373703085086774], [-95.07356704111744, 30.370069683559667], [-95.07382973057611, 30.369692373729052], [-95.07411248079254, 30.36932685339128], [-95.07441684103725, 30.36897391303277], [-95.07506388066221, 30.368311533359428], [-95.07580796203827, 30.367529503056094], [-95.0763480410697, 30.36707850222258], [-95.07870880213356, 30.36515204059479], [-95.08003191332057, 30.36381550049476], [-95.08137081429895, 30.362296909358683], [-95.0899163676981, 30.352668975492563], [-95.09100196664782, 30.351432644567122], [-95.09145317753224, 30.350868304639167], [-95.09187673787794, 30.350313753726198], [-95.09218295773525, 30.349907303407274], [-95.09264508825757, 30.349216904465038], [-95.09507540881144, 30.34545632198701], [-95.09612585956232, 30.343859330902617], [-95.09791818002819, 30.341030059994118], [-95.0981793610332, 30.340573419363185], [-95.09831517045905, 30.34028104951892], [-95.09848556038011, 30.339922369044498], [-95.09866838036973, 30.339472869860554], [-95.09886069082447, 30.338980329436488], [-95.09903444010344, 30.338473979601428], [-95.0992018105611, 30.337911278822435], [-95.09941076017532, 30.337077637770182], [-95.09950067030609, 30.33658409737871], [-95.09962081093454, 30.336070277920676], [-95.09969539054732, 30.335579767452657], [-95.0997019306001, 30.334996657290382], [-95.09974653001767, 30.334485357161476], [-95.09973685076815, 30.334132277703507], [-95.09965820998448, 30.332402976024095], [-95.09950705974511, 30.33085292519732], [-95.09939745936232, 30.328576944850084], [-95.09945089001421, 30.328051214553405], [-95.09951102902167, 30.327522094276254], [-95.09955282929907, 30.327028164944725], [-95.09964419927705, 30.3265361539223], [-95.09975281996851, 30.326030434136175], [-95.09986933944897, 30.32553220375721], [-95.10000510038759, 30.32505898272836], [-95.10007579948392, 30.32489379412615], [-95.10015509007617, 30.324638313366176], [-95.10033090053614, 30.324218812476097], [-95.1005447701685, 30.323696472631998], [-95.1008172800895, 30.323200542654494], [-95.10113317015156, 30.32250706225756], [-95.10152174084288, 30.321868481767336], [-95.10388332150843, 30.31760719002514], [-95.10613807283397, 30.31365057820653], [-95.10813319274587, 30.310236936504303], [-95.11024761406634, 30.306590865170246], [-95.11101588436983, 30.305320484340648], [-95.11273839447371, 30.302377502953675], [-95.11391814516247, 30.30066479227499], [-95.11433140475513, 30.299976062693005], [-95.11604622543102, 30.297879431400293], [-95.11693738562477, 30.296793270564635], [-95.11850184669836, 30.294835219812796], [-95.12132220750924, 30.291287847926807], [-95.12325998844865, 30.288802367099628], [-95.12448999944549, 30.28734060673671], [-95.12522025934676, 30.28641789654524], [-95.1259482894341, 30.285538715319756], [-95.1262027192003, 30.285278076073332], [-95.12809059976267, 30.28282637450197], [-95.13376480221281, 30.275916141127745], [-95.13466298337923, 30.274799480973986]]}, "properties": {"OBJECTID": 45, "Road_Category": "Federal", "Shield_Category": "Federal", "Route_No": "59", "Route_Name": "US 59", "Tollway_Owner": null, "Shape.STLength()": 48600.11177554911}}, {"type": "Feature", "id": 46, "geometry": {"type": "LineString", "coordinates": [[-95.85334080349227, 29.535098278710855], [-95.85437172449522, 29.53495952963869], [-95.85546654463359, 29.534736579217675], [-95.85663821520964, 29.534398739388376], [-95.85813552578884, 29.533873169037733], [-95.85913870592307, 29.53333264819365], [-95.86049445670854, 29.532519068438674], [-95.86323812828125, 29.530907277384735], [-95.86572542932464, 29.529392496595086], [-95.86876885029587, 29.527430905358095], [-95.87419400319084, 29.523850213640145], [-95.87689198394033, 29.52227020282393], [-95.87875059567484, 29.521223582469204], [-95.88044231638118, 29.520233812318583], [-95.88129995580613, 29.519677031783324], [-95.88543139861912, 29.517093809799693], [-95.8869983390061, 29.516071139329668], [-95.89436391221945, 29.511670817162425], [-95.89674830385506, 29.510104206161856], [-95.8992736555763, 29.508570875060784], [-95.90007848506522, 29.508069735533034], [-95.90058049518001, 29.50773132540351], [-95.90110723541102, 29.50732661467644], [-95.9015786550541, 29.506934494431434], [-95.90199491558909, 29.50653201486679], [-95.90227056565674, 29.506252333979543], [-95.90266170622543, 29.505814464045127], [-95.90309602558035, 29.505262954642166], [-95.90348362698697, 29.504691783303606], [-95.90377656723338, 29.504201773596147], [-95.90420822709935, 29.50345366344511], [-95.90535139709228, 29.501429681976195], [-95.90635185714964, 29.499669481011942], [-95.90699828806848, 29.498635940941448], [-95.90742437754248, 29.498059311088667], [-95.90779850761746, 29.497592999962553], [-95.90831603776525, 29.497015410420094], [-95.90890488934262, 29.496422780220218], [-95.9093378289837, 29.496015690099746], [-95.90976914929877, 29.495646819860262], [-95.91023525906789, 29.49523120968222], [-95.91075397944597, 29.494865159274486], [-95.91129453897308, 29.49449981922356], [-95.91186787037887, 29.4941355384618], [-95.91240721018481, 29.493798858729907], [-95.91310337039778, 29.49341253821538], [-95.91387212125922, 29.493051297625378], [-95.91466784155297, 29.492691427187985], [-95.91596486212222, 29.49220611753379], [-95.9200280234612, 29.490693327479843], [-95.92904928839478, 29.487351115205847], [-95.93611654114025, 29.484736303520076], [-95.93818682186165, 29.483964082900556], [-95.93924433357267, 29.483515802936854], [-95.94081067408929, 29.482792611816027], [-95.9418629035478, 29.48229881244097], [-95.94271668487983, 29.481884532261518], [-95.94407690583756, 29.481149541381217], [-95.94973119806406, 29.477709629684103], [-95.96437325362726, 29.46888043535038], [-95.97018674726932, 29.46535664327149], [-95.97135812727636, 29.46458399321229], [-95.97377033818505, 29.46307921215552], [-95.9749469894114, 29.46230910145234], [-95.9755600199016, 29.46192362134095], [-95.97638305005201, 29.461360311117573], [-95.9777826496294, 29.460389620744312], [-95.9797942108035, 29.458875940461272], [-95.98303325325466, 29.45644351810829], [-95.98477944357677, 29.45514264816457], [-95.98728630449108, 29.453291957157035], [-95.98812705585655, 29.452718536922976], [-95.9897158461459, 29.451696426525423], [-95.99082869553231, 29.45096366586518], [-95.99199636727552, 29.450272195902016], [-95.9931860875211, 29.449576625268758], [-95.99452563727087, 29.44883307468098], [-95.99609856820051, 29.448003504841154], [-95.99964725042187, 29.44627781344023], [-96.00037178971264, 29.4459376932373], [-96.00413524277228, 29.444076152122104], [-96.0067281432649, 29.442811350945153], [-96.00907523527937, 29.441788301397366], [-96.01229868554474, 29.440025920411927], [-96.01324973727348, 29.439485029386443], [-96.01473852745761, 29.438594508569892], [-96.02821917377852, 29.430406185580733], [-96.04653645166222, 29.41924428945572], [-96.0489262828897, 29.417790998837496], [-96.04955822383579, 29.41741264814017], [-96.05300128458781, 29.415321207273152], [-96.05361928554717, 29.41492599662857], [-96.05416612484845, 29.41455710621407], [-96.05459990561715, 29.41421531693109], [-96.05491138586419, 29.41395547674257], [-96.05527926576293, 29.413685145834876], [-96.05570736589355, 29.413414586479934], [-96.05748353645302, 29.412308105515724], [-96.06050177813682, 29.410499454805517], [-96.06236916992272, 29.4093594341559], [-96.06270869942952, 29.40913781413071], [-96.0630331493685, 29.40889988400394], [-96.06334097977197, 29.408644884338525], [-96.06364092990975, 29.408384713078647], [-96.06396003971479, 29.40807665320109], [-96.06440462036127, 29.407582533089915], [-96.06481233923469, 29.407026883322576], [-96.06547849037582, 29.406038003056604], [-96.06603073038752, 29.405143252417382], [-96.06743818146154, 29.402843261555233], [-96.06947652146036, 29.399506049746314], [-96.06978470216781, 29.39898721962354], [-96.07035300145455, 29.398054588526243], [-96.0709590920707, 29.397029377936512], [-96.07157232244847, 29.396068317502895], [-96.0723024624696, 29.39486372711145], [-96.07264218256503, 29.394298637637316], [-96.0737629635865, 29.392468076618854], [-96.07569056460945, 29.389329494252337], [-96.07641615487248, 29.388126684225902], [-96.0779303248019, 29.385661093258896], [-96.07946656546301, 29.383147502213145], [-96.07973216475266, 29.38270012226718], [-96.0800148751114, 29.38220460190901], [-96.08026759636802, 29.381714081637487], [-96.08050826509223, 29.381210291026246], [-96.08073634563954, 29.380667520811773], [-96.0815375457786, 29.378619440603394], [-96.0817768254322, 29.37804407094147], [-96.08233712667959, 29.376667109304552], [-96.0829228271672, 29.375212599294493], [-96.0835643360458, 29.373647998663316], [-96.08398348683298, 29.372684877734812], [-96.08430992669902, 29.372069147358562], [-96.08463942770948, 29.371539627114192], [-96.08499016672361, 29.371073216797857], [-96.08541747716687, 29.370616346240745], [-96.08577538817269, 29.370216616796522], [-96.08634645790265, 29.369764506398923], [-96.08650395765301, 29.36964966693233], [-96.08830743818837, 29.368420255781757], [-96.09043242979551, 29.367011054767158], [-96.09438372120184, 29.364200853196806], [-96.09627708216608, 29.362953022749128], [-96.10063826396541, 29.359883691060993], [-96.10128661415875, 29.359438160707306], [-96.10555990632416, 29.356482009347886], [-96.10748900700615, 29.355144668895633], [-96.10863627754644, 29.354363618792867], [-96.10919847791261, 29.353963838719917], [-96.10975836773262, 29.353504698203594], [-96.11022145768172, 29.35307323862913], [-96.11053337777528, 29.352738708278956], [-96.11078916822717, 29.352423737920397], [-96.11100404849569, 29.352134137816705], [-96.11118313804842, 29.351887017394187], [-96.1113612693823, 29.35160055749383], [-96.11158630862543, 29.351182816716296], [-96.11172362900247, 29.350875196492748], [-96.11188077979168, 29.350544946860225], [-96.11266869865382, 29.348536286614667], [-96.11328281925094, 29.34693539560576], [-96.113827589573, 29.345532214853172], [-96.11435667945135, 29.34414182369341], [-96.11704975069985, 29.337224480598], [-96.11756827013853, 29.335906740587568], [-96.11803781046325, 29.33467708041912], [-96.11947542206661, 29.33096119871315], [-96.12019000184713, 29.32915156765362], [-96.12060283091799, 29.328083816611176], [-96.12114286225783, 29.32666426651073], [-96.12144088247184, 29.325965296769372], [-96.12252090172991, 29.323113584839568], [-96.12340130315698, 29.320829294083808], [-96.12368128252096, 29.320095873982435], [-96.12378930211358, 29.31985193385042], [-96.12403162274953, 29.319199084067705], [-96.12418652283736, 29.318663993209935], [-96.12438629326356, 29.31795211241294], [-96.12450021261321, 29.31744849212459], [-96.12455126271728, 29.31720151295163], [-96.12463539352878, 29.316698971758846], [-96.12470370271465, 29.316191942123886], [-96.12486894247989, 29.314862051540995], [-96.12496922221645, 29.31424175057748], [-96.12507902234258, 29.313497461012407], [-96.12530878292431, 29.311778930031142], [-96.12553089259286, 29.31028813937179], [-96.1256993827477, 29.309023899317072], [-96.12596352309454, 29.307159587963124], [-96.1262425528522, 29.305301877675753], [-96.12633354269454, 29.304828117394734], [-96.12643785286726, 29.304349027144003], [-96.12656810269426, 29.303876477004042], [-96.12676089163135, 29.303313966746952], [-96.12707960233399, 29.302336936492356], [-96.127329632902, 29.301643526088487], [-96.12741359268882, 29.301398065700745], [-96.12784284351267, 29.300183185758026], [-96.12827316253585, 29.29894205482315], [-96.12838194339247, 29.298649724092062], [-96.1285031228832, 29.29836674475097], [-96.13234318335192, 29.287446190336084], [-96.13290619347339, 29.28589504827787], [-96.1335484146947, 29.28403005834362], [-96.13390148485054, 29.283080688186757], [-96.1341622650244, 29.282353067683857], [-96.1344056453089, 29.281601806718243], [-96.13469758516347, 29.280853517392877], [-96.13486067448079, 29.280498176610777], [-96.13504181430845, 29.280138156232145], [-96.13527711468342, 29.27976413722764], [-96.13544502532389, 29.279506696076467], [-96.13583552445161, 29.279055335764664], [-96.13602211454094, 29.278857385964706], [-96.13631337489862, 29.27857385580981], [-96.13663396521665, 29.278301675737485], [-96.1369656254101, 29.278050715116883], [-96.13731315500219, 29.27781559544414], [-96.13747116558793, 29.277715705201967], [-96.13999476708395, 29.27615110458669], [-96.144333269381, 29.27344363335672], [-96.15588389399741, 29.266298219287265], [-96.157533004721, 29.265262928667997], [-96.16342955681125, 29.26160292771454], [-96.16556144919178, 29.26029490658372], [-96.16624269828012, 29.259859226024783], [-96.16721429919446, 29.25926897593318], [-96.17186058141561, 29.25637709453841], [-96.17405606277941, 29.25500368451342], [-96.17600545333335, 29.253793482828286], [-96.1778011140797, 29.252683641941744], [-96.18552219746553, 29.2478697307687], [-96.18650786772508, 29.247273689326324], [-96.18817173925135, 29.246248449059213], [-96.18907633004665, 29.24577436866487], [-96.1898111395236, 29.245465668778717], [-96.19040434979468, 29.245248138798402], [-96.19103804016652, 29.245063228296388], [-96.19180323036325, 29.244871818697998], [-96.19264661173538, 29.244713108278805], [-96.19317848145961, 29.244641268666015], [-96.19389066163104, 29.244584288688934], [-96.19506146261264, 29.244546368315813], [-96.1955690022897, 29.244520108681325], [-96.19596345319711, 29.24449502852244], [-96.19627648357216, 29.244467508429626], [-96.19660113274313, 29.24443046775137], [-96.19722034303587, 29.244323857794676], [-96.19775405305114, 29.2441990380609], [-96.19810338315033, 29.244106047720326], [-96.19838805370044, 29.244013577850442], [-96.19872459420034, 29.243888157166847], [-96.19905538417348, 29.243753876920305], [-96.19970876423936, 29.24344804737904], [-96.2001675445062, 29.24319780704874], [-96.2006819249529, 29.24287806658472], [-96.20111286434599, 29.24254441650489], [-96.20213692623102, 29.24176312678393], [-96.20290779601459, 29.24112793603745], [-96.20315644536609, 29.240931795992093], [-96.20367081589144, 29.240459135606795], [-96.20397665574579, 29.24011159558247], [-96.20418790637359, 29.23985455545041], [-96.2044076167012, 29.2395555155542], [-96.20461980665603, 29.239219985921835], [-96.2047975660177, 29.238910165346418], [-96.20496507687011, 29.23857541513294], [-96.20510376643905, 29.238259494034292], [-96.2052973271979, 29.23778997507643], [-96.20563097729863, 29.23703927423137], [-96.20575757699416, 29.2367599642028], [-96.20591076657911, 29.23643217396941], [-96.20629157771708, 29.235739423838996], [-96.2066597181412, 29.23520422306266], [-96.20709066815184, 29.23471764342535], [-96.20732700811374, 29.234495232816172], [-96.20771844699956, 29.23414003310007], [-96.20811940779684, 29.233827932397777], [-96.20884872810922, 29.23337625264605], [-96.21064410949185, 29.23225820194449], [-96.21152941946372, 29.231728341597606], [-96.21238603993488, 29.23120100124905], [-96.21605840091293, 29.2288949003831], [-96.22017776250371, 29.226314768829422], [-96.22151842377505, 29.22550073886534], [-96.2233054754004, 29.224372417662565], [-96.22505566541987, 29.22331663696391], [-96.22554306594493, 29.223062497690446], [-96.22627418622963, 29.222707697267104], [-96.2278116964311, 29.22206257715824], [-96.22895139697926, 29.221600246705396], [-96.23117702790428, 29.22066483585612], [-96.23446894988018, 29.21927724522642], [-96.23480149992203, 29.21912664514329], [-96.23505486039848, 29.21899514470209], [-96.23542641044817, 29.21876846488], [-96.2357186910575, 29.21856292487021], [-96.23628923024805, 29.21815249454225], [-96.23675072157646, 29.21770544450096], [-96.23715451097551, 29.217200713416865], [-96.23754388130007, 29.21665272311993], [-96.2380053523822, 29.21581629362524], [-96.23850155182366, 29.214767333133214], [-96.23948171234086, 29.212731032482367], [-96.23968166178139, 29.212304801716275], [-96.24054304201042, 29.210433900894923], [-96.24239553252318, 29.206546579297218], [-96.24305399287566, 29.20517329889124], [-96.24407716415081, 29.203031778229732], [-96.24425410333116, 29.202688987918688], [-96.24444848305883, 29.20228503811891], [-96.24460968380976, 29.20190473743902], [-96.24475585379402, 29.201506017354177], [-96.2448726141714, 29.201118477721295], [-96.24495757315002, 29.20077128659568], [-96.24502742382704, 29.20047344667354], [-96.24510033354636, 29.200033666972512], [-96.24514855364372, 29.199691096526916], [-96.24518292356204, 29.19936678597796], [-96.24521448399511, 29.198889306287263], [-96.24519711307047, 29.197985505577403], [-96.24511185312353, 29.19511622503763], [-96.24511602259473, 29.19455754413803], [-96.24511339320614, 29.194174725045258], [-96.24509222336042, 29.19370714395362], [-96.24508250320389, 29.193282014157194], [-96.24506908245328, 29.192952453453508], [-96.2450666031735, 29.192565814059382], [-96.2451073238226, 29.192077113022737], [-96.24519175250302, 29.191585892953047], [-96.2452467128238, 29.19129282285687], [-96.24531356309637, 29.191030723296574], [-96.24542242355056, 29.19069715294035], [-96.24551541366627, 29.190435822883412], [-96.24564606258143, 29.190102903108627], [-96.24578904332822, 29.18978949196201], [-96.24601021333835, 29.189371231776775], [-96.24627527361044, 29.18894663233938], [-96.2466830230616, 29.18836070107009], [-96.24696599397035, 29.188036141548988], [-96.24747961397512, 29.187511191189927], [-96.24836020438076, 29.186684881079316], [-96.25016859414794, 29.18497166952695], [-96.25174106550266, 29.18348776940435], [-96.25285062655074, 29.182426128989256], [-96.25367810701107, 29.181666128205144], [-96.25492479724927, 29.180440137800367], [-96.2558317079568, 29.179713057539733], [-96.25619650782565, 29.179469407457905], [-96.25657622748292, 29.179235747391804], [-96.25708825787662, 29.178963897064456], [-96.25775813843006, 29.178669947418676], [-96.25842114808799, 29.17844085691411], [-96.25912750866493, 29.17823387731329], [-96.26077476954342, 29.177830345866287], [-96.26089356071797, 29.17780325651722], [-96.26339410077058, 29.177196156900557], [-96.26956121464009, 29.175691774817377], [-96.27060458479929, 29.175470444150516], [-96.27104589537252, 29.17538884519666], [-96.27155996482888, 29.17531105442356], [-96.27199459516736, 29.175260134980892], [-96.27251893537374, 29.175210584896877], [-96.27321350633729, 29.175174113916977], [-96.27373435676101, 29.175157784639705], [-96.27733692845274, 29.17508382378079], [-96.28281962978414, 29.174992863642263], [-96.28542507231465, 29.17494339374465], [-96.28573943246639, 29.174933523013102], [-96.28663826256563, 29.174921744483207], [-96.29128587489012, 29.174840463578732], [-96.29242065558888, 29.174816442839766], [-96.29337136659939, 29.174802263311886], [-96.29647203796168, 29.17460957329295], [-96.30108608998505, 29.17430323252554], [-96.30294529094594, 29.174182133100985], [-96.30392293059495, 29.174124092814033], [-96.305164871404, 29.174044891958154], [-96.3059899721033, 29.17395017188266], [-96.30633778324297, 29.173878172313543], [-96.30682358309105, 29.173764391309085], [-96.30722954295808, 29.17363175130806], [-96.30765418355078, 29.17348411227733], [-96.30834192276758, 29.173158151137756], [-96.30889371356984, 29.172812611285845], [-96.30951237388692, 29.17236052168574], [-96.31013767442742, 29.17180178104599], [-96.3103275738209, 29.17158971076972], [-96.31118548426349, 29.17058506051253], [-96.31154740498509, 29.170141380047966], [-96.31195889553375, 29.16969050975291], [-96.31270085502915, 29.168981679586697], [-96.31360505524836, 29.168244038700582], [-96.31436647602041, 29.167672978672645], [-96.31527067678944, 29.167101908972572], [-96.31698388677036, 29.166031147742647], [-96.31787359739906, 29.165487237883834], [-96.32190330939436, 29.162987846071694], [-96.32378185981642, 29.16178280616916], [-96.32799766175926, 29.1591418545564], [-96.33428257450012, 29.155133212870627], [-96.33744725618574, 29.15313446174637], [-96.33829671634554, 29.15262893148452], [-96.33860792676228, 29.152463960470588], [-96.33918918714531, 29.152190650709933], [-96.3398620283164, 29.15193663026469], [-96.34036763740859, 29.151772440544203], [-96.3408544986397, 29.15161080080176], [-96.34179611817196, 29.151436021115828], [-96.34301520839023, 29.151326071104894], [-96.3441335494342, 29.151230889922957], [-96.34464098030149, 29.151153930148457], [-96.3451091306679, 29.15106433034766], [-96.34577538044475, 29.150897769374584], [-96.34639404014523, 29.150707409484255], [-96.34706029106346, 29.150445669234145], [-96.34767894127071, 29.150136339579454], [-96.3483927818719, 29.14970803936707], [-96.35018896279175, 29.148601878604424], [-96.35124814334019, 29.14792343806046], [-96.3516707325309, 29.147604428554157], [-96.35199354381697, 29.14733914871465], [-96.35255685348403, 29.146828888530603], [-96.35308032389868, 29.146186437002083], [-96.35362760463285, 29.145425007376787], [-96.35431764484859, 29.144116306372506], [-96.3548649243328, 29.143188315978772], [-96.35543599454499, 29.142426886012423], [-96.3558212149102, 29.14202608594149], [-96.35645916553999, 29.14147509498164], [-96.3573157655333, 29.140856435535063], [-96.35881592615469, 29.139874774458843], [-96.3601949269328, 29.138976664092645], [-96.36490624848211, 29.136073723017024], [-96.3669765200626, 29.134781041826017], [-96.36834133960295, 29.1339248714122], [-96.36970160099442, 29.1330685612748], [-96.37131186239498, 29.132072180815825], [-96.37529346386987, 29.129591408595548], [-96.37834813511438, 29.127623628846013], [-96.38203014659368, 29.12535697735767], [-96.38603173812585, 29.122841046269546], [-96.3864047682854, 29.122620285999044], [-96.38679044869689, 29.122417795313062], [-96.38718951962109, 29.122234985790417], [-96.38801761979232, 29.121928765394177], [-96.38844502929967, 29.121806695359897], [-96.38888026026957, 29.121706195126663], [-96.38932022089045, 29.121626504514488], [-96.3897648498812, 29.121568305509882], [-96.39021256090594, 29.12153291539932], [-96.39084834185084, 29.121501264755793], [-96.3916822013214, 29.121505264736022], [-96.39367395225564, 29.12165417491698], [-96.39858494512936, 29.122002064530857], [-96.39905964495358, 29.122021834571452], [-96.39953439510164, 29.122018884660335], [-96.40013671517694, 29.12198168499798], [-96.4004816257345, 29.121947453842562], [-96.40094101618041, 29.121909484841], [-96.40142012607029, 29.121823674396815], [-96.40189136618537, 29.12170579419799], [-96.40233104639495, 29.1215830348357], [-96.40277160637852, 29.1214364239182], [-96.40319931765343, 29.121269534122188], [-96.40362821709772, 29.12107084370706], [-96.40411817728312, 29.12081418399813], [-96.40460931810472, 29.120525723107583], [-96.41561258189431, 29.11365919025466], [-96.41726013310912, 29.112615900119536], [-96.41775410391931, 29.11227909962888], [-96.41842035438293, 29.11166042943128], [-96.4188341738394, 29.111245059461048], [-96.4194343946862, 29.110509258446733], [-96.41967430401837, 29.110148678916033], [-96.41986097395254, 29.109813378697705], [-96.42010862420283, 29.109361167364636], [-96.42033196387416, 29.108858518126265], [-96.42045473389922, 29.108601757960688], [-96.4221629952593, 29.104767875626504], [-96.42291754564359, 29.103022974917174], [-96.42382173573408, 29.10097664411439], [-96.42398740551057, 29.100596414371328], [-96.42415271615253, 29.100249014327712], [-96.42434568596326, 29.099860313839073], [-96.42454917644754, 29.099540783714158], [-96.4247453860416, 29.099223293041355], [-96.4249685068751, 29.09892123373969], [-96.42541597603815, 29.098406833044823], [-96.42573916687715, 29.098108813275537], [-96.42609471645181, 29.097801262768005], [-96.42701021767141, 29.097145712671562], [-96.427914407428, 29.096598442438584], [-96.42926909819666, 29.09572524203216], [-96.43015176811109, 29.095182261853278], [-96.43145980868913, 29.094361741223214], [-96.43296370989628, 29.09344137136614], [-96.43391932056771, 29.09281019009243], [-96.43766857172754, 29.090451939032604], [-96.44197780410967, 29.087756888229794], [-96.44586627607913, 29.0853179371585], [-96.4460222457688, 29.08522282732415], [-96.44872576682475, 29.083520126177508], [-96.44872603814628, 29.08351995808706]]}, "properties": {"OBJECTID": 46, "Road_Category": "Federal", "Shield_Category": "Federal", "Route_No": "59", "Route_Name": "US 59", "Tollway_Owner": null, "Shape.STLength()": 265800.0458717582}}, {"type": "Feature", "id": 47, "geometry": {"type": "LineString", "coordinates": [[-95.49433617831444, 29.613265645300437], [-95.49493449698363, 29.612367175114105], [-95.49526519765284, 29.611882374501715], [-95.4956228880673, 29.611332725292332], [-95.49589200854194, 29.61092051439623], [-95.49625381801859, 29.61035604395053], [-95.49652362810714, 29.60992890434912], [-95.49679698765848, 29.60949889368583], [-95.49720507816048, 29.608822404104473], [-95.4978373592255, 29.607815862533613], [-95.49825623832076, 29.60712778300878], [-95.49939320941958, 29.605280651411068], [-95.49992195959351, 29.604437931622172], [-95.50015847898956, 29.604063441526527], [-95.50043787971211, 29.603576800904307], [-95.50121132982011, 29.602183390847692], [-95.50173774004755, 29.6013166604164], [-95.50230097001864, 29.600394389647274], [-95.50288690094042, 29.599425069651698], [-95.50388286053767, 29.59780921926343], [-95.5043052110649, 29.597118248591684], [-95.50463385117578, 29.59652865809371], [-95.5049402312848, 29.595902387368167], [-95.50522805079324, 29.595233557500094], [-95.5054060713107, 29.594791177391528], [-95.50563991135566, 29.594105477340186], [-95.505816701099, 29.593468616140477], [-95.50597258207819, 29.592839976219423], [-95.50609365099531, 29.592219405738405], [-95.50612903078101, 29.59197803607871], [-95.5062127912493, 29.591281025691522], [-95.50625789092283, 29.59053178505554], [-95.50626969163122, 29.58954206531809], [-95.50624582182705, 29.588730544824553], [-95.50621372072523, 29.586844843668324], [-95.50618095004597, 29.585120642444192], [-95.50611115053772, 29.58185361130258], [-95.50608620016902, 29.58035642126873], [-95.5060856707313, 29.579941531422133], [-95.50608320076017, 29.579572920677325], [-95.50608752063638, 29.5784960699677], [-95.5061074595751, 29.57799685043963], [-95.50612536055347, 29.57761182030964], [-95.50617414019317, 29.576870920502664], [-95.50619247082007, 29.57652006960463], [-95.50626990941205, 29.57555723878192], [-95.50640550028902, 29.574449079291572], [-95.50660524021026, 29.5729142486577], [-95.5066798393396, 29.572327528080052], [-95.50672960003607, 29.571915317734785], [-95.5068278795952, 29.5707789966956], [-95.50687024945987, 29.570257996550353], [-95.50689748023352, 29.56959287662476], [-95.50693743033568, 29.56877782637751], [-95.50694369008002, 29.56788751630564], [-95.50694993894281, 29.567575235618254], [-95.50692580014817, 29.566271995585723], [-95.5069126187475, 29.565666395607884], [-95.50688791010789, 29.56459796471411], [-95.50685525932624, 29.563077654520313], [-95.50684089943526, 29.562408794254125], [-95.5068201798908, 29.561387462926312], [-95.50677818952113, 29.55978330325604], [-95.50678083895731, 29.55956707239558], [-95.5067708485097, 29.55911513312558], [-95.50676090892462, 29.558706542719683], [-95.50674176856626, 29.55814047232562], [-95.50670931933264, 29.55772747186715], [-95.50664921913246, 29.557197881919567], [-95.50657722793896, 29.556702181974106], [-95.50651586898759, 29.556333321772147], [-95.50639662812594, 29.555787171274453], [-95.50627849789913, 29.555311540812934], [-95.50619842858848, 29.555028690830206], [-95.50613068834991, 29.554796880917415], [-95.50592182778381, 29.554178910568677], [-95.505811318731, 29.553889580672294], [-95.50558483865588, 29.553339620233427], [-95.50533714684877, 29.552801560125857], [-95.50513447848707, 29.55240599002794], [-95.50481538813534, 29.551803969877326], [-95.50443639662849, 29.55111311975455], [-95.50398169696929, 29.55027324927372], [-95.50363748698321, 29.549634208883525], [-95.50318255613973, 29.548799757761806], [-95.50306457649569, 29.54858241886758], [-95.50279733674581, 29.548065328183203], [-95.50251688566867, 29.54747731771809], [-95.50231965555956, 29.547009687998127], [-95.50223830473722, 29.546804477942114], [-95.50203669614484, 29.54625359781148], [-95.50184247531199, 29.545632537337333], [-95.5017423348806, 29.545252496410075], [-95.501617625174, 29.544737616869174], [-95.50148690525025, 29.54410741636932], [-95.50138876447828, 29.54339638693075], [-95.50135086425051, 29.543012095733946], [-95.50130789453158, 29.542470465781356], [-95.50129739433983, 29.542074505726053], [-95.50129695393551, 29.541906505566956], [-95.5012954645841, 29.54149459521871], [-95.5013091639254, 29.541066985615945], [-95.50133741458242, 29.540592915544998], [-95.50140911461025, 29.53993976410138], [-95.50147677486528, 29.53950684495892], [-95.50151638422903, 29.539277045061656], [-95.50160781438683, 29.538821483796216], [-95.5016853645215, 29.538486454045376], [-95.50174677415647, 29.538245504003285], [-95.5022884350933, 29.536555163525048], [-95.50286352461805, 29.5352709032959], [-95.50379396585308, 29.533774361588822], [-95.50476669531952, 29.5324930118095], [-95.50604563587035, 29.531099660743863], [-95.50679901608237, 29.530434170207588], [-95.50758880647076, 29.529801360649245], [-95.50910707696126, 29.52890936964207], [-95.51006178721947, 29.528506699543165], [-95.51144344798352, 29.52797742952803], [-95.51280125987655, 29.527672949011357], [-95.51367367917462, 29.527579449200783], [-95.51510907063658, 29.527518368901116], [-95.51686642083372, 29.527484438845786], [-95.51904447285813, 29.527455888340878], [-95.52359362475406, 29.527331248345263], [-95.52606749583495, 29.527296797879693], [-95.52685933606297, 29.527304068388894], [-95.52722361691147, 29.527325257675198], [-95.52754961693164, 29.527353388913284], [-95.5278475869078, 29.527372218585946], [-95.52821090690436, 29.527414117501998], [-95.52853557674615, 29.52747122754711], [-95.52908697717402, 29.527548808226303], [-95.52952946796243, 29.52762253755014], [-95.52993464761299, 29.527682497817526], [-95.53035932887512, 29.5277306982643], [-95.53170415850887, 29.527773197837085], [-95.53277833989168, 29.52779276856939], [-95.53447338018105, 29.527772357428713]]}, "properties": {"OBJECTID": 47, "Road_Category": "Toll", "Shield_Category": "Fort Bend Parkway", "Route_No": "11", "Route_Name": "Fort Bend Parkway", "Tollway_Owner": "FBCTRA", "Shape.STLength()": 40910.74678008294}}, {"type": "Feature", "id": 48, "geometry": {"type": "LineString", "coordinates": [[-95.6827197523254, 29.708052311182733], [-95.68115800096064, 29.708175361885274], [-95.68023856081942, 29.708251221894255], [-95.67926566048395, 29.708324462113836], [-95.67823279964362, 29.708405402153563], [-95.6771076096979, 29.708503901889078], [-95.67587758897618, 29.708601462062127], [-95.67468100741696, 29.70869747279316], [-95.67371906737685, 29.708776561991662], [-95.67243928638695, 29.708888742658324], [-95.67109379617521, 29.708995702739447], [-95.67026279643467, 29.709063682848736], [-95.66910300433516, 29.70910332321318], [-95.66639663331, 29.709179902811673], [-95.66500257283688, 29.70928763293761], [-95.66374019314406, 29.709390233653483], [-95.66106676101465, 29.709621443374786], [-95.6582842692613, 29.709856463543982], [-95.65267981695854, 29.710313084814935], [-95.64975277491975, 29.71054272468001], [-95.64750469327572, 29.71074227494019], [-95.64409002205645, 29.711078935159794], [-95.63110249611066, 29.712108266547606], [-95.62860637484424, 29.712300947211293], [-95.6240271023367, 29.712726057287107], [-95.61996958009838, 29.71308001839375], [-95.61785051994403, 29.71319915770879], [-95.61470692727278, 29.713456928309668], [-95.6134106975053, 29.713547149061707], [-95.61155572558796, 29.713681528852806], [-95.61068626580216, 29.71377431906542], [-95.61023937504771, 29.713820858768543], [-95.60984105609525, 29.713857989014684], [-95.60347018193926, 29.714468819550692], [-95.59610469793735, 29.71505717015699], [-95.59483090850803, 29.715185881246803], [-95.59420367670815, 29.71526419112499], [-95.59358855719796, 29.715342110210482], [-95.59054871588587, 29.71557152089654], [-95.58876467370975, 29.715708051176897], [-95.58646887360037, 29.71583913096348], [-95.57757468901005, 29.716571772939275], [-95.56929553524904, 29.717225993672496], [-95.56878149381055, 29.717270082909728], [-95.56755175379361, 29.717413283465863], [-95.56690706394446, 29.71751487283543], [-95.56452200279088, 29.71772934364056], [-95.55739951862444, 29.718285415021274], [-95.55168827662962, 29.71875670438079], [-95.5454916931678, 29.719271435061437], [-95.5437214618063, 29.719419695572277], [-95.5385140492492, 29.719758366149836], [-95.53331765695248, 29.720171166534694], [-95.52543550309916, 29.720836547156363], [-95.51230100604172, 29.721886568700114], [-95.50279222104864, 29.7226543098074], [-95.50023558047305, 29.722914450094482], [-95.4923402362081, 29.72351193097362], [-95.48814142397248, 29.723857020959695], [-95.48631845291034, 29.72400115132634], [-95.47810520892406, 29.72465584181063], [-95.47181019581308, 29.725126242278094], [-95.46858166337401, 29.725420503707756], [-95.4673852932177, 29.72567518328286], [-95.46675489315518, 29.725851763868228], [-95.46631059230513, 29.725922773628817], [-95.46595266333702, 29.725972043846525], [-95.46274003100821, 29.72622947432544], [-95.46199751072989, 29.7262897935446], [-95.46153725988052, 29.726397464471233], [-95.46131842028562, 29.7265137745086], [-95.46117455006757, 29.72672230395451]]}, "properties": {"OBJECTID": 48, "Road_Category": "Toll", "Shield_Category": "Westpark Tollway", "Route_No": null, "Route_Name": "Westpark Tollway", "Tollway_Owner": "HCTRA", "Shape.STLength()": 70710.40166459238}}, {"type": "Feature", "id": 49, "geometry": {"type": "LineString", "coordinates": [[-94.35404346612478, 29.561835692575478], [-94.35637262719708, 29.560977009724738], [-94.35718511711532, 29.560686429140116], [-94.35865874772897, 29.560116808728072], [-94.35984145826963, 29.559746208984915], [-94.36166192995809, 29.559121128605586], [-94.36392839014765, 29.558309997547795], [-94.3645482306199, 29.55806605776849], [-94.36681044184182, 29.557193987214397], [-94.36845495216451, 29.55653171682674], [-94.36879437247835, 29.55640536683987], [-94.36934243402199, 29.556240247356175], [-94.3698485130799, 29.556096976876], [-94.37033313268827, 29.55595264717178], [-94.37119388359397, 29.55565594637888], [-94.37159341442377, 29.555530386607078], [-94.37310352432874, 29.55500025603469], [-94.37395339529618, 29.55469039595184], [-94.37620342613398, 29.553910385986608], [-94.37719341729621, 29.553570254809998], [-94.38072044884984, 29.55237886488262], [-94.38470356001866, 29.550920404212846], [-94.38807318220313, 29.549724552733277], [-94.38842677298457, 29.549593763508685]]}, "properties": {"OBJECTID": 49, "Road_Category": "State", "Shield_Category": "", "Route_No": "87", "Route_Name": "SH 87", "Tollway_Owner": null, "Shape.STLength()": 11805.822836610429}}, {"type": "Feature", "id": 50, "geometry": {"type": "LineString", "coordinates": [[-94.99512929167993, 29.498794470987896], [-95.00093132318516, 29.49605662059165], [-95.00592254667362, 29.493770098662814], [-95.00698856709448, 29.49347142821975], [-95.01055687921254, 29.492909127862386], [-95.01363619054715, 29.49282989747999], [-95.02695489681788, 29.4926720973113], [-95.04577233728816, 29.49268844575487], [-95.049399229077, 29.49266997542184], [-95.05133538984593, 29.492504874996083], [-95.05268222011992, 29.492196224947048], [-95.05439135056773, 29.491445144429623], [-95.06569892680713, 29.483447089969136], [-95.07914819156102, 29.473876055342515], [-95.09102674771964, 29.46577565172894], [-95.0948035999619, 29.46319956972934], [-95.09762416074591, 29.462146139789002], [-95.1005910026224, 29.461366189077474], [-95.10351921377342, 29.460914699307242], [-95.10653101538678, 29.460937228870083], [-95.10900644699159, 29.460684258028007], [-95.11162605744089, 29.46019278814553], [-95.11677795015824, 29.458320317182924], [-95.11953860118255, 29.456920296259543], [-95.12193911277515, 29.456259665914207], [-95.12443276463095, 29.455885095383294], [-95.13207637796657, 29.45580319428849], [-95.1562864298012, 29.45579212396726], [-95.15886292126342, 29.455930693365406], [-95.1610134835341, 29.456117913409823], [-95.16270172357393, 29.456602942597904], [-95.16345013433912, 29.4569339732562], [-95.16730024647995, 29.45932145357964], [-95.16969888773893, 29.46042536394787], [-95.17216071943875, 29.461108134519904], [-95.1799914126119, 29.46159547352948], [-95.19212749936587, 29.46205791359552], [-95.19599537103663, 29.46178643385136], [-95.19889295223767, 29.461582973513025], [-95.19979922335507, 29.461291592522244], [-95.20057929459855, 29.460872621586123], [-95.20180728328081, 29.45997761186335], [-95.21317574886214, 29.45202816812342], [-95.21409077978748, 29.45155506781153], [-95.22901526740226, 29.445000054413953], [-95.23207858864654, 29.443080873278966], [-95.23282459785311, 29.441904511985893], [-95.23278595808539, 29.439895511908855], [-95.23083625747124, 29.437573470789935], [-95.22837084540421, 29.43454934954069], [-95.22775130547053, 29.433160809502212], [-95.22737193558591, 29.432309859022677], [-95.22709523442066, 29.42972321834069], [-95.22697701424856, 29.427470306998636], [-95.2269417341188, 29.4259361559021], [-95.22776906410812, 29.421638254416905], [-95.22936519450785, 29.416238091961908], [-95.23348100561621, 29.407867718213694], [-95.23530892684894, 29.40542116676512], [-95.23642075753492, 29.40425861616671], [-95.23784110812797, 29.40334858559279], [-95.23924565825953, 29.402759156073085], [-95.2397504982219, 29.402570495500516], [-95.24268024044582, 29.401539405214816], [-95.24375373008567, 29.401068875258716], [-95.24480685148019, 29.400418714915155], [-95.24632560165271, 29.3991984538439], [-95.24731010142057, 29.398162463072268], [-95.24968445307975, 29.39436837153351], [-95.26031196692851, 29.37654222380265], [-95.2681209994859, 29.36338854829871], [-95.27245468182434, 29.356009404697442], [-95.27733618280557, 29.347834591236843], [-95.28218955451403, 29.339789646401428], [-95.2856170960062, 29.334067264580543], [-95.2916579682397, 29.32435470940802], [-95.29246289827209, 29.32338837984375], [-95.29434947013826, 29.32236020891284], [-95.29555061091752, 29.321638568135107], [-95.29658767095788, 29.321294018413063], [-95.29908362130045, 29.32106423857395], [-95.30642025590033, 29.32023492803324], [-95.32045147227706, 29.319559286404044], [-95.33057520831305, 29.322028886698888], [-95.35434438136247, 29.33188270889847], [-95.36066346453742, 29.335406550395557], [-95.36752194853784, 29.341941972181694], [-95.37730713563363, 29.351576375676867], [-95.39790637624274, 29.37088031218487], [-95.40448555028436, 29.376206614279884], [-95.40879144403186, 29.379056205130713], [-95.41383625584622, 29.38073563539842], [-95.42679592226989, 29.381205784025237], [-95.42721521331003, 29.381206285110096], [-95.46095691969556, 29.381241832823957], [-95.46566169204472, 29.38290693342976], [-95.46799490373942, 29.384366443506202], [-95.46923164504842, 29.386924784227716], [-95.4702745462941, 29.393843957208322], [-95.4709205965369, 29.401945729815253], [-95.4737393493626, 29.407432552184268], [-95.47799285159024, 29.411474643836062], [-95.48541478455235, 29.413535433768008], [-95.49160885917689, 29.41461799407922], [-95.49795466241595, 29.4157783441589], [-95.5009786042269, 29.416591544616495], [-95.50476448582066, 29.4173231742941], [-95.52758212731567, 29.418027883249053], [-95.56758376769926, 29.41764293990209], [-95.60241288505054, 29.418262118650617], [-95.61555732329319, 29.422309459567806], [-95.62298299702199, 29.424362189956934], [-95.6356352134409, 29.42420162816129], [-95.64894297017386, 29.4246607781379], [-95.65609533362284, 29.425206167490455], [-95.67151144202856, 29.432018389740435], [-95.6842793987607, 29.43694310073695], [-95.68993474304095, 29.440427271368936], [-95.69313491431977, 29.445323433114858], [-95.69860675909206, 29.47602722574931], [-95.70044283132106, 29.480876776689986], [-95.70696657509129, 29.487979959420937], [-95.71118036777398, 29.49320928128826], [-95.71211285760158, 29.496087513486263], [-95.71195318781929, 29.498920164613363], [-95.7092049281543, 29.506905117360105], [-95.70169740525772, 29.521909024445705], [-95.69972936457437, 29.529735887016916], [-95.70023904560088, 29.53088763783292], [-95.70115099629197, 29.5332884889486], [-95.70120449671015, 29.533434119641715], [-95.70203012618694, 29.53548550913517], [-95.70265824734126, 29.53722815097057], [-95.70266422732871, 29.537389259914377], [-95.70264973690799, 29.537520750271256], [-95.70264126632381, 29.537564990973113], [-95.70261412758848, 29.53770674020931], [-95.70256747703124, 29.537861861049105], [-95.70211261664878, 29.53875947082263], [-95.70187242678742, 29.539190991670758], [-95.699530335613, 29.543663413634125], [-95.69932786661347, 29.544050643366674], [-95.69658100489515, 29.549393385452852], [-95.69569593492317, 29.551334736628025], [-95.69542230502906, 29.552008356904093], [-95.69507461502717, 29.552735837265217], [-95.69455064372269, 29.55372047733534], [-95.69268736340453, 29.55694011874702], [-95.69197582432955, 29.55811257959093], [-95.69181190406539, 29.558414000042276], [-95.69168542307807, 29.558679109958078], [-95.6915861738509, 29.558976470439898], [-95.69153723337443, 29.559112300018217], [-95.69151755367751, 29.559166319859216]]}, "properties": {"OBJECTID": 50, "Road_Category": "Toll (Future)", "Shield_Category": "", "Route_No": "99", "Route_Name": "Grand Parkway", "Tollway_Owner": null, "Shape.STLength()": 324163.5780121634}}, {"type": "Feature", "id": 51, "geometry": {"type": "LineString", "coordinates": [[-95.17585534979253, 29.832632359728585], [-95.17494960324142, 29.833025267490626], [-95.17007795102887, 29.83512838832507], [-95.16590136867146, 29.836906629513468], [-95.1608754466437, 29.839073731136203], [-95.15398998355843, 29.842017032386938], [-95.147274660716, 29.84487686393933], [-95.14679126957638, 29.845086133636467], [-95.1433445585607, 29.8465782254075], [-95.14059075643733, 29.847758065529863], [-95.1398239857265, 29.84808656594551], [-95.13834099522663, 29.848721896834782], [-95.13558364543698, 29.8497929469107], [-95.13108238203573, 29.85149443781559], [-95.12774034138033, 29.852749558446998], [-95.12364470884367, 29.854313229569797], [-95.12099184779375, 29.85532597042286], [-95.11262843409716, 29.858513941498252], [-95.105487370381, 29.86124023376831], [-95.10086810811346, 29.862972044001044], [-95.09588457568411, 29.86483927543209], [-95.08454315012065, 29.86922450774846], [-95.0836731597076, 29.869564499010988], [-95.08267604911654, 29.869888488351858], [-95.08171416762319, 29.87029603869736], [-95.08080006787917, 29.870705448714926], [-95.07993156777768, 29.871158320128604], [-95.07917732799216, 29.871560010408878], [-95.07855044735139, 29.871966630402685], [-95.07790620655406, 29.872400389954187], [-95.07720314631493, 29.87294451039946], [-95.07647691680465, 29.8735265404264], [-95.0756982050323, 29.874094090974225], [-95.07513071556288, 29.874586411126778], [-95.07267806435664, 29.876487091591688], [-95.06904051315031, 29.879286854014808], [-95.06587313091259, 29.881724503964687], [-95.06540314136275, 29.882094504620568], [-95.06496313123833, 29.882494505374464], [-95.06454312998359, 29.88290450516194], [-95.06413315089416, 29.883324526216157], [-95.06353376005345, 29.88393629539199], [-95.06309567030789, 29.884391896625374], [-95.06265186018666, 29.88495849636774], [-95.06230784010891, 29.885445566596353], [-95.06215411051117, 29.885697546601214], [-95.06175313027833, 29.886304516804653], [-95.06147312954164, 29.88677449649245], [-95.06122311929461, 29.887244507545166], [-95.06098312994389, 29.887734517586697], [-95.05984746850798, 29.89049339812722], [-95.0594134088887, 29.891491318852403], [-95.0589234692081, 29.89233413986127], [-95.05857014936231, 29.8930015701994], [-95.05750660819523, 29.89488844023513], [-95.05663572799715, 29.896498951239295], [-95.05469732764182, 29.899759822490893], [-95.05111867562256, 29.905750975640796], [-95.05071749560754, 29.906416515538346], [-95.05047457560933, 29.90679628563423], [-95.0502443558062, 29.907123846483607], [-95.04978554550755, 29.907784236240325], [-95.0482151353551, 29.91008627752627], [-95.04692394458701, 29.91223236842041], [-95.04521621402472, 29.91502947914963], [-95.04419400329597, 29.916908020829908], [-95.04339045360106, 29.918639961487898], [-95.04311702338256, 29.91922927183904], [-95.04234840380835, 29.920519931522826], [-95.04222672195364, 29.920740139773567], [-95.0415212626912, 29.92201681307824], [-95.04106992224025, 29.922758272463653], [-95.03864456156337, 29.92674225480545], [-95.0374100310326, 29.928709765388657], [-95.03681770125279, 29.929673646316832], [-95.03624844113236, 29.930499406340925], [-95.03548536078247, 29.931679027235052], [-95.03477721063913, 29.93272176766812], [-95.034120400264, 29.933697018796877], [-95.03348595053478, 29.93454801790788], [-95.0325713683015, 29.935568778704212], [-95.03183254928912, 29.93627666976111], [-95.03121093880286, 29.936877928958236], [-95.03050610882045, 29.93754542993691], [-95.02962102761543, 29.93830319013211], [-95.02685427701014, 29.940587481265478], [-95.02423555609997, 29.942749382185468], [-95.01901595294414, 29.946757004361498], [-95.01666686239612, 29.9483469652102], [-95.01508215050596, 29.949355215312053], [-95.01154055975937, 29.951774097643828], [-95.00705499834052, 29.95576839944483], [-95.00579958680507, 29.95688680911504], [-95.00205773644171, 29.959770241301882], [-95.00002160510546, 29.961163702259487], [-94.99698749350742, 29.963018302870175], [-94.99477527236122, 29.964724514082647], [-94.99236099216307, 29.966937085015463], [-94.99086475142293, 29.968308045093746], [-94.99009723022087, 29.969016545386673], [-94.98959393024829, 29.969483275557696], [-94.98864232040499, 29.970279856153663], [-94.98827308035938, 29.970544556222055], [-94.98573165843031, 29.97257776738864], [-94.98470353836834, 29.973302897381654], [-94.98177550637467, 29.975566698864053], [-94.97713318518241, 29.979102611023908], [-94.97529460422261, 29.980493111524744], [-94.97201686284545, 29.982994222685853], [-94.97049361193854, 29.9841487835373], [-94.96567592994138, 29.98786899509982], [-94.96560954003165, 29.987919484780303], [-94.95866788666133, 29.99322965720805], [-94.95362675392668, 29.99707512917584], [-94.95337097455064, 29.99727040943569], [-94.9531410638006, 29.997425359533285], [-94.95186125352285, 29.998327990332864], [-94.95124675296611, 29.998784930004167], [-94.9508336124219, 29.999137160553467], [-94.94839622208917, 30.001009221791755], [-94.94532847033214, 30.003333732931328], [-94.9433075687044, 30.004786593057368], [-94.9418940586118, 30.00582619384942], [-94.93765592700194, 30.00908181535824], [-94.93628388560825, 30.010135745766465], [-94.93216242499271, 30.01330106741697], [-94.93207284509613, 30.013369857900265], [-94.9281221728546, 30.01640362988853], [-94.92518758198032, 30.018657090730866], [-94.92501926201874, 30.018786291197618], [-94.91989332966801, 30.022696072491183], [-94.91773698858015, 30.024327483241564], [-94.91478961749976, 30.02663949494691], [-94.91460439721932, 30.02678161468414], [-94.91116651573422, 30.029493926533174], [-94.90917945473952, 30.03101466652949], [-94.90686445312924, 30.03272220723354], [-94.9047945425813, 30.034311047712556], [-94.90353585174313, 30.035276918430366], [-94.9030766024014, 30.035629429188877], [-94.90291883163407, 30.035750458990975], [-94.89797680893729, 30.039542190751014], [-94.89731467878384, 30.040007351330384], [-94.89662966900194, 30.040523891623526], [-94.89620070916298, 30.040819770740594], [-94.89599294898584, 30.040957681979034], [-94.8956798886181, 30.041130742335525], [-94.89536276821347, 30.041258632047995], [-94.8950207179225, 30.041368651328042], [-94.89457841828178, 30.041521222289955], [-94.89426997739572, 30.041635181437513], [-94.89370319738273, 30.04189439191437], [-94.89340807690697, 30.042042622121805], [-94.89297054678761, 30.042302282668437], [-94.8922841063231, 30.04271662294553], [-94.89005427635196, 30.043998522496608], [-94.88870414583847, 30.044776253741578], [-94.8881865849973, 30.045074383694725], [-94.8876834235723, 30.045395513736658], [-94.88697344480718, 30.045954854696753], [-94.8862719040912, 30.046507605135048], [-94.88518215365474, 30.047364355056022], [-94.88443020321252, 30.047955515339677], [-94.88374271346427, 30.048495995824517], [-94.88334385255241, 30.048754075354665], [-94.88317249278559, 30.04886495511597], [-94.88282210270084, 30.049072905891222], [-94.88235533282214, 30.049294705556708], [-94.88208244200365, 30.049403266227202], [-94.88183637204622, 30.04949110613752], [-94.88151904150232, 30.049586975697828], [-94.88128792254238, 30.04965527609991], [-94.88079171143774, 30.04975946616556], [-94.88033150141031, 30.04983037674442], [-94.8752168383528, 30.050600116628935], [-94.86290199204093, 30.052437139198076], [-94.8547561785935, 30.05364462024962], [-94.84835882575717, 30.054579970529883], [-94.84310631165374, 30.055355671731316], [-94.83966941114409, 30.05586133076438], [-94.82996159608656, 30.05726827353125], [-94.82584410416128, 30.057888343018536], [-94.82494125416584, 30.058019163531238], [-94.8244081130124, 30.058081243995186], [-94.82407953377218, 30.058101383571724], [-94.82325943266221, 30.05811452376649], [-94.8223926525784, 30.058088354135098], [-94.82087856147348, 30.058020603690125], [-94.81811258970092, 30.057872153512406], [-94.81675056953094, 30.057795793231772], [-94.81553028841479, 30.05770105421176], [-94.81360417678316, 30.05752135379476], [-94.8131340979778, 30.057485694532005], [-94.81281648737888, 30.057461574589833], [-94.81260128762588, 30.057428524156432], [-94.8124673072156, 30.05740793419658], [-94.81209032738197, 30.057336504107766], [-94.81142761577566, 30.057171134521845], [-94.81071275579623, 30.056921504239707], [-94.8104587060331, 30.05684515332555], [-94.81018858512124, 30.056768604170166], [-94.8097924754664, 30.056677273542036], [-94.80948386576212, 30.056624023649476], [-94.80898390438225, 30.056575544324], [-94.80857650569102, 30.056532433570347], [-94.80825194472648, 30.05652951479831], [-94.80702640478006, 30.05654591376707], [-94.80578474335009, 30.056565444521038], [-94.80468188271686, 30.05658377422643], [-94.80212978138172, 30.056603934832847], [-94.80073507056449, 30.056621875150107], [-94.80017633009902, 30.056629064165524], [-94.79951701984811, 30.056635664780387], [-94.7982862093775, 30.05660826464151], [-94.7970663193779, 30.056586434188134], [-94.79584133831536, 30.05656106439689], [-94.7950907184131, 30.056561355401506], [-94.79338437612331, 30.056596144596217], [-94.79200973598257, 30.056604585270897], [-94.79128101583504, 30.056634725994847], [-94.79095483605782, 30.056665465092735], [-94.79070401593313, 30.05669391485792], [-94.79026832511609, 30.05676511545142], [-94.78989853537806, 30.056832605418418], [-94.78926315575522, 30.05699498542086], [-94.78833860452009, 30.05729785614223], [-94.78746503471307, 30.057645406046934], [-94.78663436429112, 30.05794036636208], [-94.78621372403177, 30.05806264559421], [-94.78583454307729, 30.05815164548499], [-94.78536701278979, 30.058230486482802], [-94.7845694531846, 30.058345876134364], [-94.78374563264765, 30.058425135917524], [-94.78284326074213, 30.05849525632497], [-94.78129926081482, 30.05857322640194], [-94.77947959997282, 30.05859711612198], [-94.77912636972351, 30.05860426633651], [-94.77842529955059, 30.058611306541387], [-94.77785782974561, 30.05860454736239], [-94.77751117915199, 30.058600637570816], [-94.77659817895447, 30.058568617269177], [-94.77560876853116, 30.05851341695152], [-94.77497304781227, 30.058457567920332], [-94.7741618576097, 30.0583618167343], [-94.77334156716199, 30.058244877910305], [-94.7723358865682, 30.058120407470213], [-94.77153404585549, 30.05801040668401], [-94.77027815520377, 30.057780806768044], [-94.76807850386972, 30.057439457376734], [-94.76435610183363, 30.05686291739985], [-94.7578470885304, 30.055859087269763], [-94.754922117677, 30.055402036791122], [-94.75302985606041, 30.05510970669953], [-94.75020659481878, 30.054657817578214], [-94.74852216436753, 30.054395736867537], [-94.74350303054466, 30.053569757109546], [-94.74112345010094, 30.05319266809523], [-94.74056861913276, 30.053119627809846], [-94.73967253894122, 30.052987027420592], [-94.73822231883345, 30.052758706817073], [-94.73668388700234, 30.05251648689763], [-94.73115644509804, 30.05164605731619], [-94.71918330807063, 30.049759727341236], [-94.71768793717314, 30.049525457337428], [-94.71507653511944, 30.049099487778594], [-94.71324481493974, 30.048714538169634], [-94.71258862536011, 30.048586167582933], [-94.71097616342234, 30.04832137766616], [-94.70564204105808, 30.047479637584534], [-94.6971038267795, 30.04613563798587], [-94.69502929492839, 30.04581056731768], [-94.69391346485122, 30.04566276823384], [-94.69227242460039, 30.045476827487413], [-94.68527576982936, 30.044395697858096], [-94.68462731021648, 30.04429485730998], [-94.68407153975915, 30.044194327760454], [-94.68310542870482, 30.04398094777396], [-94.68272627915839, 30.043881207567722], [-94.68230603869998, 30.043763868096352], [-94.68161202839146, 30.043549647759534], [-94.67777220620067, 30.04208988641695], [-94.67748705550555, 30.04200139793172], [-94.67719114458995, 30.04190957718462], [-94.67681882540211, 30.04183804697814], [-94.67646261586181, 30.04177737710396], [-94.67608542531745, 30.04172721724986], [-94.67571502542101, 30.041717907495762], [-94.67422452485529, 30.0417257880801], [-94.6731738033001, 30.04173121779697], [-94.67208535278236, 30.041721077226953], [-94.6710311126857, 30.041742187033712], [-94.66998737199157, 30.041725558120373], [-94.6689342212285, 30.04172383753341], [-94.66834965134234, 30.041701877296358], [-94.66751790076701, 30.041596338306196], [-94.66689779031462, 30.041499477584342], [-94.66445247902097, 30.041117496955952], [-94.65767113485127, 30.04003382710104], [-94.65583156430462, 30.0396488381355], [-94.65311013347367, 30.03919678818523], [-94.64500986785829, 30.03791888741562], [-94.64147267674981, 30.037365527258256], [-94.63780241501257, 30.03678135758741], [-94.62981763061518, 30.035520657588748], [-94.62679538929177, 30.03504333783876], [-94.6256323281836, 30.034825667619632], [-94.62387967744738, 30.03442260753348], [-94.62015598599825, 30.033535328029647], [-94.60198873520474, 30.029274206476742], [-94.60076385494118, 30.02898865717705], [-94.60005546535679, 30.028826926919066], [-94.59988350433589, 30.02878763768594], [-94.59915225469359, 30.028620487276164], [-94.59884957363063, 30.02855978657516], [-94.59845223396128, 30.02848856734316], [-94.59791823353099, 30.028403707296498], [-94.59731857357225, 30.028308427287207], [-94.59665260263044, 30.028205296990926], [-94.59597814233405, 30.02810687749218], [-94.59528488144439, 30.02800572649302], [-94.59398823116047, 30.027924456708245], [-94.59321044168495, 30.027875686896344], [-94.59240291108091, 30.027818427316816], [-94.59207961002774, 30.027781957170973], [-94.5917295903278, 30.02773085719741], [-94.59133275031091, 30.027654837373248], [-94.59064233008077, 30.02752260712388], [-94.58885162820994, 30.027178937372007], [-94.58735987797328, 30.026905407319546], [-94.58303143581576, 30.026041816783334], [-94.58285274498095, 30.026006626534272], [-94.58216014429814, 30.02591135634545], [-94.58159570501847, 30.025845276574785], [-94.58100158408108, 30.025793326369012], [-94.58041478395029, 30.025748927042287], [-94.57979997290735, 30.02573599680985], [-94.57916360362653, 30.02573481654901], [-94.57863835314264, 30.025750527409528], [-94.57794095236135, 30.025786687484445], [-94.57246014033163, 30.026326298202015], [-94.57209163969526, 30.02632951807452], [-94.57173949963773, 30.026341048469025], [-94.57124923945291, 30.026322138473716], [-94.57081051927241, 30.0262865982376], [-94.56979818951959, 30.026141517673356], [-94.56797704772325, 30.025850647750417], [-94.56260493520037, 30.024992468032313], [-94.56082011400743, 30.024707287471948], [-94.55798460277161, 30.024265748201312], [-94.55541498113922, 30.02384432845003], [-94.54936365839514, 30.02288339832187], [-94.5482949174028, 30.02268509784712], [-94.54645976580603, 30.022287247474075], [-94.5462331058728, 30.02224786794931], [-94.54043227315222, 30.02133476728582], [-94.54025811307379, 30.021303827452133], [-94.53930812261062, 30.02114851746192], [-94.53835371159427, 30.02101509781385], [-94.53739493041657, 30.02090280813623], [-94.5364332810467, 30.020813177978255], [-94.53542388029405, 30.02076880804396], [-94.53446522967529, 30.020737617680457], [-94.53356091020544, 30.020719368641245], [-94.53256266858908, 30.020728928452534], [-94.53160212892118, 30.020753008207265], [-94.53061751790605, 30.020800358293332], [-94.52962772826862, 30.020883838298133], [-94.5286895874182, 30.02097357958059], [-94.52784918683001, 30.021078168744317], [-94.52684980626628, 30.021213079344587], [-94.52589366518762, 30.021347898840794], [-94.52498517472607, 30.0214760093925], [-94.52386875455153, 30.021639809130708], [-94.52317665446135, 30.0217665891552], [-94.5223734334061, 30.02192802961396], [-94.52166087352875, 30.02206276894566], [-94.52104938308467, 30.022160950156767], [-94.51703765067019, 30.02271371007429], [-94.51426355974446, 30.02296924001598], [-94.51287447907352, 30.023009800784916], [-94.51080673799186, 30.0231299708664], [-94.50948593713083, 30.023324290887135], [-94.5080368958043, 30.02357172113168], [-94.50723373593527, 30.023730161823135], [-94.50476800443082, 30.024151062314825], [-94.50063208347451, 30.02473467271875], [-94.49763207165743, 30.025157872707577], [-94.48934268693327, 30.026290223063732], [-94.48024570279746, 30.027562954335814], [-94.47506377972451, 30.028242764648063], [-94.4732240394301, 30.028581765567502], [-94.4704754873721, 30.02898174621333], [-94.46677980630305, 30.02950745733298], [-94.46474722482783, 30.02975294673511], [-94.46331144449013, 30.029955167262674], [-94.46161380364744, 30.0301953770738], [-94.46076549223406, 30.030341967265958], [-94.46000641227437, 30.03048892791911], [-94.45932178184962, 30.030610877002836], [-94.45788295068915, 30.030865857643395], [-94.45598897070177, 30.031132738333277], [-94.45189179872334, 30.031681138877275], [-94.44992352744477, 30.031969399218053], [-94.44777289659324, 30.03225317894105], [-94.44659894591821, 30.03234661889966], [-94.44591027532739, 30.032397709399632], [-94.44520804447879, 30.032472919086608], [-94.44447317922499, 30.032543899198245]]}, "properties": {"OBJECTID": 51, "Road_Category": "Federal", "Shield_Category": "Federal", "Route_No": "90", "Route_Name": "US 90", "Tollway_Owner": null, "Shape.STLength()": 265628.3961019139}}, {"type": "Feature", "id": 52, "geometry": {"type": "LineString", "coordinates": [[-95.22893821871534, 30.129705904822956], [-95.22840663835854, 30.129714704601234], [-95.21590504099974, 30.12984666559768], [-95.20506648494555, 30.129630996819426], [-95.19767756210825, 30.13127687824729], [-95.19378743952943, 30.13282952812981], [-95.19131649841887, 30.134500939193124], [-95.18750136700528, 30.139938181991777], [-95.18580952679946, 30.147187904858505], [-95.18472327688917, 30.148077125373035], [-95.17811058311912, 30.14674858521551], [-95.17161782981617, 30.146834025206697], [-95.16572509758812, 30.148268796972065], [-95.16035842474116, 30.14872817750913], [-95.15863995255609, 30.148745707642767], [-95.15580784210768, 30.14814032729353], [-95.14429668551928, 30.147452677859686], [-95.13856993281948, 30.147482738011842], [-95.13021350852416, 30.147381408956427], [-95.08682302590816, 30.147060261905477], [-95.07463697042277, 30.14716644319559], [-95.06848764716526, 30.1461582931607], [-95.06391521461981, 30.14463361245676], [-95.06233041301302, 30.14371697205495], [-95.05802490010616, 30.140232491039143], [-95.05034387657108, 30.132942588639693], [-95.0446841529828, 30.126755416963952], [-95.04083250053807, 30.11986857448051], [-95.03681998835978, 30.111820460210936], [-95.0310605932505, 30.103318997254167], [-95.02534421032104, 30.09828352546491], [-95.0187249270834, 30.09359736494027], [-95.0095852408138, 30.086309701988025], [-95.00331819747802, 30.0791342899102], [-94.99613776345228, 30.068265486098113], [-94.98954068846359, 30.054724520654293], [-94.98683987585936, 30.047111318064662], [-94.98311614305997, 30.04215238636288], [-94.97908179171502, 30.03891336532273], [-94.96096990125083, 30.029919722500768], [-94.95518096831796, 30.026417821384104], [-94.94436745118544, 30.01751878921187], [-94.93568886598717, 30.010615825963118], [-94.93545121565923, 30.010426776166728], [-94.92822880149697, 30.003338923368275], [-94.92765616129141, 30.00248487364715], [-94.92712583081375, 30.001264743420258], [-94.92515577940439, 29.99596467170063], [-94.92200245690391, 29.984482195978057], [-94.91981103496735, 29.975732872860306], [-94.91938237448696, 29.971288651736284], [-94.92088847451659, 29.967884240044945], [-94.92398927620694, 29.963581188792357], [-94.92890506724542, 29.958388175732257], [-94.93154382849656, 29.954451473285626], [-94.93284888971522, 29.950653982239633], [-94.93283236827119, 29.942569187989765], [-94.9300257059364, 29.92032205950455], [-94.92921652453583, 29.91470785743747], [-94.92844112407957, 29.912535276622588], [-94.92602276240734, 29.908228414483908], [-94.92243517036766, 29.903670093694394], [-94.92092640836186, 29.90013291255789], [-94.92051771825936, 29.896709951161906], [-94.92090075737761, 29.892240288754213], [-94.9221267183243, 29.88574513630123], [-94.92333226781109, 29.879634113776554], [-94.92287350754886, 29.87576621211649], [-94.9215535060787, 29.871478880301275], [-94.92021337463548, 29.869993549744382], [-94.91863137436832, 29.868645349841618], [-94.91764179315241, 29.86809347907186], [-94.91644675324423, 29.867809729262525], [-94.90875149933076, 29.867211908682457], [-94.89932512496632, 29.867330790261075], [-94.89651625371631, 29.867379710113134], [-94.89482935214613, 29.867103270470643], [-94.89383555168293, 29.86677818041286], [-94.89225650039423, 29.866051149594533], [-94.88375679607411, 29.86305471925911], [-94.87856740350153, 29.860440218253927], [-94.8764717225405, 29.858696908544207], [-94.87533871094224, 29.856743667297398], [-94.87502938124587, 29.855404236794186], [-94.87508659015329, 29.854328416424014], [-94.87506836061345, 29.8510932855154], [-94.87558639028796, 29.846718753372752], [-94.87531416996538, 29.842892831345097], [-94.86899451518754, 29.82878887608944], [-94.86609201330324, 29.824442434084645]]}, "properties": {"OBJECTID": 52, "Road_Category": "Toll", "Shield_Category": "Grand Parkway", "Route_No": "99", "Route_Name": "Grand Parkway", "Tollway_Owner": "TxDOT", "Shape.STLength()": 203982.7221478338}}, {"type": "Feature", "id": 53, "geometry": {"type": "LineString", "coordinates": [[-95.76897478619358, 29.998849855328768], [-95.76902618271392, 30.00025053427302], [-95.7690121326927, 30.00237134506216], [-95.76903679279017, 30.003811886325526], [-95.76913018339413, 30.010293727825065], [-95.76915555388591, 30.01221867010005], [-95.76915385368511, 30.01400869015714], [-95.76907088378395, 30.01514507120754], [-95.76889921337121, 30.01629764121612], [-95.76870215405481, 30.01727706149238], [-95.76846745347277, 30.018111632269147], [-95.76701856403425, 30.02279225343236], [-95.76668040298453, 30.023977564680536], [-95.76452322279863, 30.03099901728815], [-95.76416598283082, 30.032116687720027], [-95.76402620241925, 30.032542797866235], [-95.76371280239303, 30.03316414782593], [-95.7632549432859, 30.034067859235616], [-95.76261415236179, 30.03512820902777], [-95.76205104296328, 30.03592310960865], [-95.76118713103757, 30.037052589858277], [-95.76032657167885, 30.03810560009985], [-95.75929827085665, 30.039468901233313], [-95.75760579013686, 30.041671572581055], [-95.75612743948241, 30.043508043196397], [-95.75524057011367, 30.04465587357029], [-95.75396664883803, 30.04634598423636], [-95.75324662849258, 30.04720261508149], [-95.75247334852932, 30.04801917491586], [-95.75125888804574, 30.049108165723975], [-95.75033681670294, 30.049804866278254], [-95.74908934610468, 30.050643846333145], [-95.74791791623308, 30.05125561619849], [-95.74640162527312, 30.05195155725714], [-95.7448705245011, 30.052484247698363], [-95.74281284319888, 30.052980136979254], [-95.74048891232955, 30.053275618140628], [-95.73786662121525, 30.053350458921855], [-95.73580895030972, 30.053348448453466], [-95.73263811916624, 30.053385628342312], [-95.72875222711583, 30.053417849020942], [-95.72507595551417, 30.053437849259804], [-95.72365689416479, 30.053526049142036], [-95.72147768380383, 30.053831799430125], [-95.71901798134283, 30.05420847951669], [-95.71768974114909, 30.05438200016792], [-95.71619111021656, 30.054526779665142], [-95.7146154087078, 30.05462301106718], [-95.71292256909881, 30.054680800740755], [-95.71149649782372, 30.054678640798514], [-95.70906027665254, 30.054527500600802], [-95.70700899562948, 30.05433187126376], [-95.70475392463617, 30.053968500836223], [-95.70287010342868, 30.05357169034908], [-95.70095034243344, 30.05309322105739], [-95.69873144050024, 30.052512700856155], [-95.69562317961173, 30.051741211022396], [-95.69360005869154, 30.051213180253402], [-95.69175691762452, 30.050794599776257], [-95.69076258726503, 30.05058858001206], [-95.68947613657625, 30.050418600251408], [-95.68742755512929, 30.050165300621586], [-95.68555739361547, 30.050055890444966], [-95.6834605236866, 30.04999618092421], [-95.68293211280657, 30.050001211101172], [-95.6805803617606, 30.050030440866543], [-95.67928620124648, 30.050032401333304], [-95.67726457975037, 30.050061311060578], [-95.67323502828471, 30.050108001243185], [-95.67061829626266, 30.050156741585827], [-95.66851471529702, 30.050245901828962], [-95.66783820539727, 30.050294821689267], [-95.66600260427757, 30.05038239181515], [-95.66191045180547, 30.05059696195859], [-95.65721177015946, 30.050792562657016], [-95.6557419298927, 30.050912793653865], [-95.65448213824911, 30.051030553492296], [-95.65344699791049, 30.05114449328086], [-95.65096747759158, 30.051369854034988], [-95.64750085445448, 30.051814083450783], [-95.64546002406934, 30.05197393431724], [-95.64388169321587, 30.052126634015227], [-95.64061364196118, 30.052267314660515], [-95.63789135033261, 30.052311764899653], [-95.63563155947304, 30.05234907532912], [-95.63365020860057, 30.05236143539502], [-95.62948384551495, 30.05221824512787], [-95.62756097504679, 30.05210615519556], [-95.62478214261301, 30.051941604735386], [-95.62204079263488, 30.051824236293914], [-95.61975725031554, 30.05180299532319], [-95.61710193977298, 30.051826346402112], [-95.61436697783373, 30.05185836597964], [-95.61085413640674, 30.051863476121873], [-95.60736714404511, 30.05188086719911], [-95.60454147283299, 30.051875086723545], [-95.6025854422381, 30.051910817131585], [-95.60149008066543, 30.051895887601034], [-95.60063257044807, 30.051877697367885], [-95.59951398079582, 30.051793026976217], [-95.59799193976478, 30.05157948708413], [-95.59628740917702, 30.051313657397035], [-95.59506704884755, 30.05114500748392], [-95.59363257742149, 30.05103784679326], [-95.59199509722471, 30.05103850704546], [-95.58886409457851, 30.05106772766159], [-95.58660537340657, 30.05108122727076], [-95.58516354244891, 30.051134547878082], [-95.58394216261625, 30.051275918210656], [-95.58287214232551, 30.051571888505414], [-95.5817578222323, 30.051969698036597], [-95.58041831028785, 30.05266984903626], [-95.5794342409388, 30.053393839792502], [-95.57875446022871, 30.054105418915505], [-95.57571613844652, 30.05699807158974], [-95.57421404810425, 30.058358801965795], [-95.57246508730825, 30.05991771252455], [-95.57068283585436, 30.061337573042515], [-95.56473595490996, 30.066575565502788], [-95.56297463437065, 30.06842399607617], [-95.56227548334076, 30.06926406623139], [-95.56186595237988, 30.06976673642104], [-95.56025169143899, 30.071553748502378], [-95.55825004171476, 30.07386538912149], [-95.55766106059964, 30.074574109605173], [-95.55733805085086, 30.074916639216287], [-95.55668046015748, 30.07549297981805], [-95.55651597009529, 30.075638869650145], [-95.55606034092722, 30.07597676078334], [-95.55584712097892, 30.076099280405593], [-95.55555730091109, 30.07626244001474], [-95.55503833973113, 30.076533130848844], [-95.55437879906492, 30.07679168134849], [-95.55378028973912, 30.076987370715155], [-95.55328356913643, 30.077136080517967], [-95.55280542885247, 30.077242110517187], [-95.5522861688292, 30.07733947142136], [-95.55189324831522, 30.07739793184526], [-95.55133388830065, 30.077465010466607], [-95.5472539561939, 30.077538801720998], [-95.5451601159632, 30.07757376193148], [-95.54478543494808, 30.07759674158995], [-95.54428542436983, 30.077636981474477], [-95.54381756394443, 30.077700010989897], [-95.5434657451129, 30.077767111984212], [-95.54321443408833, 30.077840211750733], [-95.54251697328642, 30.078056281985976], [-95.5413314628856, 30.078554662788225], [-95.54035321282217, 30.079140712553198], [-95.53932049234236, 30.080046512765918], [-95.5385625713998, 30.081007902897483], [-95.53756340103952, 30.082328453691677], [-95.53702764134411, 30.083056384163708], [-95.53623437192394, 30.083924614716985], [-95.53515040998516, 30.084794125373705], [-95.53375893986023, 30.08545752537638], [-95.53260339932197, 30.0858764554694], [-95.53044601856121, 30.086248675787132], [-95.52913750776939, 30.08654732584769], [-95.52734992660783, 30.086921006460944], [-95.52611252687588, 30.087394446260063], [-95.52489456583577, 30.08801790707694], [-95.51975767286312, 30.09052526839378], [-95.51897290292776, 30.090922678505013], [-95.5173252924038, 30.09169176884417], [-95.516161040943, 30.092294059598757], [-95.51414655995666, 30.09327992965924], [-95.51340668036683, 30.093564009884116], [-95.51242723050517, 30.09388559082129], [-95.51191851986272, 30.094028470389784], [-95.51135811968686, 30.094146550053356], [-95.51053231916978, 30.094289721013457], [-95.50964109800432, 30.09441909112016], [-95.5085948081464, 30.09447404103916], [-95.50761768728074, 30.094462501000205], [-95.50631081676924, 30.094439301069727], [-95.50100152381872, 30.094400901859522], [-95.49594446195681, 30.094336761677777], [-95.49005428810082, 30.094288812782093], [-95.48716680714018, 30.09416339239396], [-95.48561365629473, 30.094039332163902], [-95.48391972557033, 30.093818342772625], [-95.48084118381118, 30.093260912097143], [-95.47866573205692, 30.092884872038365], [-95.47730374100973, 30.092629642534213], [-95.4736349894541, 30.091982102529496], [-95.47129083923362, 30.091542492265372], [-95.46924573760053, 30.091205392739145], [-95.46384912485702, 30.09022027286826], [-95.45972165305882, 30.089498521914734], [-95.45632902038827, 30.088883322193073], [-95.45348493886135, 30.088402521694732], [-95.45163887815185, 30.08804928245279], [-95.45083870867859, 30.087928752642007], [-95.45005281805805, 30.087785742487977], [-95.4493950169749, 30.08772773174416], [-95.44834930712176, 30.087770722666846], [-95.44716302584509, 30.087992482833997], [-95.44653338475388, 30.08817673286445], [-95.44565764531153, 30.08853598324601], [-95.44476273471973, 30.08902091298681], [-95.44398271438263, 30.089590373353207], [-95.44306427467473, 30.090292734043313], [-95.44215900386284, 30.09099555442508], [-95.4415074339795, 30.091362814215124], [-95.44045149338591, 30.091899383949286], [-95.43939050257832, 30.09226343549735], [-95.4380003216382, 30.092604184436805], [-95.4367688205274, 30.09266338513563], [-95.43392876968021, 30.092653335204375], [-95.43151077772224, 30.09265839564444], [-95.42921312699768, 30.09263326575467], [-95.42568614572961, 30.092621305547453], [-95.42165743302262, 30.092602685662165], [-95.42087817219964, 30.09259760643088], [-95.42025610285093, 30.092621156451543], [-95.41948566212773, 30.092708286098564], [-95.41840367078751, 30.092956526482407], [-95.41712001169792, 30.093277906629787], [-95.41349083910143, 30.093468726450098], [-95.41218236843703, 30.09347896650471], [-95.41068595751251, 30.09355133773573], [-95.40938355668618, 30.09371112738028], [-95.40772890624062, 30.094053478328288], [-95.4059033753938, 30.094653888391065], [-95.40494390481928, 30.09510174848753], [-95.40316783453424, 30.09604856922933], [-95.40139616371061, 30.097455079925936], [-95.39866330281019, 30.10017098109597], [-95.39642105113475, 30.10229569143322], [-95.39413200004988, 30.104568023069696], [-95.39208830974643, 30.10653390412565], [-95.38772458757364, 30.110765585321932], [-95.38569484721002, 30.11270494720677], [-95.38408764597727, 30.114179877696685], [-95.38287469585133, 30.115104717406524], [-95.37854017280283, 30.118107309599], [-95.37829005372505, 30.11828550952277], [-95.37613555291497, 30.11972725090398], [-95.37256905068689, 30.12218014240199], [-95.36898634893097, 30.12444842345925], [-95.35795997476995, 30.13054326681656], [-95.35478516275225, 30.132387977005465], [-95.35044258064808, 30.134722459056725], [-95.34667771895641, 30.13685963940616], [-95.34446416838325, 30.138076919934058], [-95.34254975767395, 30.139121290285445], [-95.34090587686879, 30.140037681139795], [-95.33942475566104, 30.140868091511294], [-95.33799544516656, 30.141447622630643], [-95.33670753493335, 30.14183700213912], [-95.3349979026301, 30.142199422749012], [-95.33357595268512, 30.142354072966203], [-95.33189621279588, 30.142372871997484], [-95.33017150078744, 30.142229143077405], [-95.32828917979832, 30.141792372817026], [-95.32717984005193, 30.141498873196895], [-95.32412782687825, 30.14065141249522], [-95.31905407530134, 30.13924694251815], [-95.31555581379658, 30.1383368922443], [-95.31389404314488, 30.13798845174671], [-95.31090352118827, 30.137510592379183], [-95.30826343899409, 30.137436222983105], [-95.30559305844695, 30.137441102994163], [-95.30195496622207, 30.13750211337538], [-95.29712486332285, 30.13761086310954], [-95.29103029046604, 30.13762666353174], [-95.2871546883426, 30.137678453890608], [-95.2835286463926, 30.137762354512883], [-95.27961457510723, 30.137789514554978], [-95.27457838241128, 30.137786354689904], [-95.27004471992552, 30.137778705200496], [-95.26597230815173, 30.13779955491913], [-95.26294452689446, 30.13781322548725], [-95.26020702516381, 30.137837635694638], [-95.25931092378943, 30.137781255784553], [-95.25825235376057, 30.137534986073693], [-95.25742035367013, 30.137251205598208], [-95.25686544301959, 30.13697774591789], [-95.25596561213847, 30.136461625551053], [-95.25457952119424, 30.13535288563963], [-95.25315672094735, 30.134185305332746], [-95.2525960101994, 30.133762244857518], [-95.25196594079571, 30.13340552487133], [-95.2512044992764, 30.133032413825404], [-95.25040986938409, 30.13279593466347], [-95.24887752837591, 30.132508914447577], [-95.24729525795917, 30.132162564670526], [-95.24504792711879, 30.131366214264233], [-95.24356130622742, 30.130690194430827], [-95.24191866485583, 30.12996235363266], [-95.24132085425943, 30.129756153246603], [-95.24011331347438, 30.129584583750297], [-95.23732440241493, 30.129583594545323], [-95.23318294963819, 30.12966973435952], [-95.22893821871534, 30.129705904822956]]}, "properties": {"OBJECTID": 53, "Road_Category": "Toll", "Shield_Category": "Grand Parkway", "Route_No": "99", "Route_Name": "Grand Parkway", "Tollway_Owner": "TxDOT", "Shape.STLength()": 199613.66879214844}}, {"type": "Feature", "id": 54, "geometry": {"type": "LineString", "coordinates": [[-94.86614887369824, 29.82452765462807], [-94.86439105231617, 29.821215223458836], [-94.86226584062418, 29.817335962731708], [-94.86182662068877, 29.815480241546293], [-94.86179012001598, 29.813640840789134], [-94.86226725943915, 29.81197968061971], [-94.86282704027786, 29.81084807875309], [-94.86768103285156, 29.80406422670466], [-94.86889839320624, 29.802073545831764], [-94.86949488407015, 29.799989523797965], [-94.86958127332775, 29.79784534321903], [-94.8695128430965, 29.79295988097095], [-94.86953727258334, 29.792095010666486], [-94.86969340263605, 29.791188421305122], [-94.86996648201747, 29.790314800498106], [-94.87122368302909, 29.787197219014732], [-94.87206186369431, 29.78492398757485], [-94.87283657259641, 29.783000126635322], [-94.87312554301886, 29.782038217071626], [-94.87319772226971, 29.780883536494485], [-94.87316012284477, 29.777305384600186], [-94.87309222298613, 29.772490482179656], [-94.873347182426, 29.765851100142697], [-94.87318208231638, 29.76029509776866], [-94.87302194101221, 29.748356732329555], [-94.87290973966324, 29.741593839568583], [-94.87305119938719, 29.73823121850162], [-94.8740844597458, 29.735455027258485], [-94.87516340037048, 29.73372930686089], [-94.8766140607597, 29.73212117563248], [-94.87662775055391, 29.73211041588623], [-94.87709003106957, 29.73174584568106], [-94.87832710200202, 29.730770225779867], [-94.88008256283706, 29.72982291487096], [-94.88131142278462, 29.729328314471967], [-94.88295630433494, 29.7288756138473], [-94.8844053245394, 29.72858180396062], [-94.8863826151022, 29.72842010354983], [-94.91671776094942, 29.72730453150077], [-94.91903401295632, 29.727209260731556], [-94.92110277300705, 29.72711841138677], [-94.92253912421015, 29.726994010932117], [-94.92328571512218, 29.72689161148572], [-94.92397798367726, 29.726741080159613], [-94.92470038513693, 29.726508620514657], [-94.9253111247547, 29.726316220328005], [-94.9259252856158, 29.72607586969443], [-94.9265290159496, 29.72579037026103], [-94.92711559619465, 29.7254610399457], [-94.92768901648067, 29.72507817887162], [-94.92796725675619, 29.724867859564156], [-94.9283669066444, 29.7245290200491], [-94.93068509781251, 29.722435428386703], [-94.93121525769311, 29.722012987327243], [-94.93164921800698, 29.72171916726899], [-94.93222710875865, 29.7213751772932], [-94.93318197957304, 29.720918747449645], [-94.93393033933143, 29.720648417391303], [-94.93468487035368, 29.720436947213155], [-94.93516396989617, 29.720335337247448], [-94.93565184006025, 29.72025530654938], [-94.93703709078193, 29.72012819657154], [-94.93943078200769, 29.71996847640495], [-94.94311895392757, 29.71964819632927], [-94.94468371475813, 29.719550175843676], [-94.94808567704267, 29.719344686255475], [-94.94992830759871, 29.71921526618268], [-94.95058258797646, 29.71919883602547], [-94.9510216981453, 29.719214775222493], [-94.95165964762981, 29.71926744521896], [-94.95203099860333, 29.719319574761222], [-94.95254024868545, 29.719415615750112], [-94.95308820939539, 29.719545625270197], [-94.95382829950323, 29.71975598520283], [-94.9543223100617, 29.71992452532447], [-94.95633567156875, 29.72050922497261], [-94.96055404376231, 29.72179340606717], [-94.9608467223859, 29.721901636243246], [-94.96102939392847, 29.721995136331547], [-94.96113570367483, 29.722064645962046], [-94.96120391332461, 29.722149136550925]]}, "properties": {"OBJECTID": 54, "Road_Category": "Toll", "Shield_Category": "Grand Parkway", "Route_No": "99", "Route_Name": "Grand Parkway", "Tollway_Owner": "TxDOT", "Shape.STLength()": 63207.002750760344}}, {"type": "Feature", "id": 55, "geometry": {"type": "LineString", "coordinates": [[-95.85334080349227, 29.535098278710855], [-95.85233000322957, 29.53515140007448], [-95.85123489322034, 29.53512506012221], [-95.84970118263911, 29.534974079373274], [-95.84574129041431, 29.53448812974901], [-95.83218662212822, 29.532851500103778], [-95.8264926303147, 29.532156409726777], [-95.82537701948695, 29.53202597957522], [-95.82462461837852, 29.53193403078006], [-95.82386588892736, 29.531861040257233], [-95.82313289777184, 29.53182724017703], [-95.82218541771003, 29.531810320450745], [-95.82113776677534, 29.531828430275432], [-95.81353031358873, 29.53195065062443], [-95.81089612133466, 29.53202637071454], [-95.80829333141402, 29.532136641363138], [-95.79246826288872, 29.532645662199965], [-95.78669354932849, 29.53286631304829], [-95.78569470999983, 29.53289534236851], [-95.7846946191683, 29.532953083595434], [-95.78369348797288, 29.533034733524833], [-95.7827188968173, 29.53313645264524], [-95.78177233768028, 29.533244993546912], [-95.78080280697249, 29.533395263524174], [-95.77983861698537, 29.53356774328182], [-95.77887824574302, 29.533761023388323], [-95.77792478523394, 29.53397588340127], [-95.7769783055565, 29.534211653616136], [-95.77654474493018, 29.53433199441314], [-95.77603875376565, 29.534469014396], [-95.77506668398682, 29.53477915511747], [-95.77309629355449, 29.535465855340135], [-95.77208680287754, 29.535863515365296], [-95.76995954106192, 29.536757555744344], [-95.75997218678302, 29.541010597648697], [-95.75645323552686, 29.542501108421494], [-95.74858785173723, 29.545846350690947], [-95.74676021035337, 29.54664291187346], [-95.74177738862429, 29.54875209232629], [-95.73449925471158, 29.551837864233878], [-95.73363105410195, 29.55216272499791], [-95.73261946292924, 29.552511454435923], [-95.73167600403318, 29.55280504535325], [-95.73095494300941, 29.553020004655526], [-95.73045629321751, 29.553156304609953], [-95.72942844220661, 29.5534167254168], [-95.72797862150311, 29.553733075542603], [-95.72672781144055, 29.553986995805275], [-95.71707462652377, 29.55596774655653], [-95.70401684034354, 29.558616509120355], [-95.6905258034822, 29.5613763913953], [-95.67891339727508, 29.563753212842833], [-95.67661529631701, 29.564219682513617], [-95.67598938595236, 29.56436127337962], [-95.67529496499719, 29.564562823022055], [-95.67481685594174, 29.564709463729503], [-95.67417697524542, 29.564917663103913], [-95.67340163531965, 29.565212313778773], [-95.67256746403626, 29.565596024026963], [-95.67172544433, 29.566032184035905], [-95.67084779309994, 29.566529444428024], [-95.66916233274883, 29.56754343466514], [-95.66842682224032, 29.56802612608379], [-95.66685474110287, 29.56900163544524], [-95.66480521133059, 29.57032032731137], [-95.64791142336806, 29.580970031588823], [-95.62944718409233, 29.592631678714067], [-95.62875009423654, 29.593085188501604], [-95.62675342317102, 29.594549608920637], [-95.62612108309766, 29.595070139268067], [-95.6248625526453, 29.59613949002973], [-95.62252806217735, 29.598393270183774], [-95.61995126079991, 29.600907062388426], [-95.61665060893901, 29.604138773520674], [-95.61487306865831, 29.60583647476108], [-95.61373451814579, 29.606990654407348], [-95.61132175732598, 29.609396445810876], [-95.61115497651116, 29.60956090628066], [-95.61079128722133, 29.609927336543777], [-95.61008961637941, 29.61076533759785], [-95.60947608643265, 29.61149066726439], [-95.60765281563161, 29.613706637506596], [-95.60708703578898, 29.614403838450052], [-95.60652755503236, 29.61516801877743], [-95.60607530377719, 29.6158234490187], [-95.60508509506111, 29.617473989448154], [-95.60474535501366, 29.61804469971195], [-95.60417550468392, 29.618926080339605], [-95.60384922297162, 29.61935508065769], [-95.60350195423935, 29.61976418124871], [-95.60308886389647, 29.620206671504025], [-95.60261175354324, 29.620683851253627], [-95.60209083313713, 29.621159501687195], [-95.60158961275678, 29.62158345140796], [-95.60097675264448, 29.622050332224436], [-95.60054717207237, 29.622341701220208], [-95.59890129218695, 29.62336881249914], [-95.59754232135963, 29.624294683371335], [-95.59707697117221, 29.62463322322815], [-95.59648873072501, 29.625140083606652], [-95.59321689975125, 29.628185304737457], [-95.59234535952046, 29.629008244762815], [-95.58194382443675, 29.638682220368434], [-95.57615624215879, 29.64407381263972], [-95.57252577995685, 29.647458264197194], [-95.57122295998025, 29.648702234572195], [-95.5683692893595, 29.65133007544865], [-95.56722075839376, 29.652413346282867], [-95.56075466525431, 29.65842667950352], [-95.55801289370604, 29.660995921233877], [-95.5554957135523, 29.663333292248304], [-95.552691331343, 29.66592740332469], [-95.55007639101738, 29.66837309462206], [-95.54766782046498, 29.670608675202107], [-95.54578038975124, 29.67237357674048], [-95.54152465734356, 29.67632291837791], [-95.53866056598137, 29.678998078709473], [-95.53610553541257, 29.68138733992668], [-95.53561534455808, 29.68183840125903], [-95.53514725432309, 29.682344440702064], [-95.53463537378904, 29.682952871574777], [-95.53388959360754, 29.683896481516573], [-95.53300812390314, 29.685030332608765], [-95.53068390258774, 29.688027044151163], [-95.52983282293263, 29.689103434452225], [-95.52932992221797, 29.689762695195697], [-95.52884237148841, 29.69033614478765], [-95.52833494163401, 29.69089511513966], [-95.52803422172961, 29.691187645831324], [-95.52777967122907, 29.691441575389494], [-95.52740374147051, 29.691759835933322], [-95.52702007129717, 29.692101035845674], [-95.52677351120604, 29.692334585944394], [-95.52648700084504, 29.692602075955858], [-95.52480750961803, 29.694064785970607], [-95.51937591757962, 29.698868438159998], [-95.51785190647931, 29.70023353907236], [-95.5131779357965, 29.704374741658665], [-95.51038681348413, 29.70686048275204], [-95.50842591329078, 29.708562454006607], [-95.5057395821489, 29.71094089460861], [-95.50450752167367, 29.712042955659005], [-95.49917496935915, 29.716753137835404], [-95.49833207815992, 29.717499747812713], [-95.49425754753481, 29.721097008987797], [-95.4913374755142, 29.723694330481727], [-95.49063896502126, 29.724302291051583], [-95.49018308523807, 29.724655211896756], [-95.4898887645275, 29.724841291651135], [-95.48945971503262, 29.725089691620774], [-95.48903357487848, 29.725275862197346], [-95.48855224521238, 29.725440952124366], [-95.48816320410941, 29.725551532689856], [-95.48778599374737, 29.7256434026667], [-95.48737684372065, 29.72571498199197], [-95.48697997424587, 29.725758281767835], [-95.48658446374874, 29.725772912731678], [-95.48393847287021, 29.725831772741362], [-95.4764346988525, 29.725870373069313], [-95.47369678641311, 29.725888982440672], [-95.47205138656692, 29.72595482331908], [-95.47057641581407, 29.726017153472306], [-95.46917228448507, 29.726091603275993], [-95.46865938407801, 29.72613557352769], [-95.4681837539531, 29.72620485368694], [-95.46760192397498, 29.726313483687168], [-95.46708085337117, 29.726414694407325], [-95.46654198289681, 29.726544023289865], [-95.46593393282161, 29.72674279378476], [-95.46543119330626, 29.72692136430665], [-95.46481016262369, 29.727172884900313], [-95.46139036126841, 29.72851693431684], [-95.46037753033292, 29.728902534878205], [-95.45940449020539, 29.729279965385647], [-95.45866342949734, 29.729445115064138], [-95.45775153824724, 29.729706855084732], [-95.4572233485954, 29.729872945524402], [-95.4567839188466, 29.729925896208936], [-95.45624665900444, 29.729967365409067], [-95.45560189811445, 29.730011346254713], [-95.45447938661391, 29.730052586523662], [-95.45333014667152, 29.73007846598553], [-95.45155703634141, 29.7301106662397], [-95.45092721590936, 29.730131226452], [-95.45026346530271, 29.730112185969443], [-95.44926678492835, 29.73004762662655], [-95.44862218398674, 29.729971726347397], [-95.44783156337502, 29.729847446424106], [-95.44693856351412, 29.72968111668118], [-95.44509429257872, 29.729303186979365], [-95.44416907129519, 29.72912129628595], [-95.44329575205154, 29.72900358586839], [-95.4424112713212, 29.72893618615976], [-95.44137304072262, 29.72889127580835], [-95.43992478935068, 29.728910566625444], [-95.43389251690714, 29.72922113710617], [-95.43266447643708, 29.72928713749563], [-95.43143962585377, 29.729401187103576], [-95.43052690488207, 29.72953605767201], [-95.42853355360145, 29.729850057287834], [-95.42496961220543, 29.730428567709446], [-95.42398738148019, 29.730522538700978], [-95.42247987129142, 29.730573548455997], [-95.41866854869531, 29.73062102866986], [-95.41572566829026, 29.730640938645863], [-95.41504889714645, 29.73066439888639], [-95.41274467582234, 29.73083506881625], [-95.41161564542904, 29.730853999366115], [-95.41009042453094, 29.730865759763944], [-95.40706101317305, 29.730909139397504], [-95.4045400519146, 29.731021930304497], [-95.40268682079738, 29.731180020083222], [-95.40003801980303, 29.731288420609665], [-95.39697035761361, 29.731485430564298], [-95.39467764710842, 29.731667390356737], [-95.39358442705328, 29.73176028080681], [-95.39038811372944, 29.732009501785576], [-95.389295574047, 29.732084991273883], [-95.38887683376362, 29.732107141428273], [-95.38837701368054, 29.732145031325235], [-95.38770122314205, 29.73216716080344], [-95.38587867167779, 29.73219421212562], [-95.3846576521466, 29.732226441255087], [-95.38415086201783, 29.732255911229807], [-95.3831091614997, 29.732328231948287], [-95.38041138005467, 29.732540152209516], [-95.37863515832944, 29.732654182163063], [-95.37689764800328, 29.732758532711312], [-95.37533043613327, 29.732903981981796], [-95.3738297963303, 29.732993352915827], [-95.37330589649072, 29.733086393306696], [-95.37287889552609, 29.733168943159768], [-95.37236019551294, 29.733331183270174], [-95.371912085056, 29.73351138276473], [-95.37096920564629, 29.734042663001837], [-95.37056286472554, 29.734382602802576], [-95.36997613364476, 29.735161814439262], [-95.36876036396295, 29.73663972407689], [-95.36729709290971, 29.738537615111596], [-95.36584783274634, 29.740366166364776], [-95.36500823244654, 29.74137582685765], [-95.3639018623861, 29.74290056718563], [-95.36321011144045, 29.743781637708953], [-95.36265985169925, 29.744534408610672], [-95.36187816166158, 29.745655358379928], [-95.36086759106216, 29.74693917999724], [-95.36028556041428, 29.74761783926176], [-95.35908449022999, 29.749003940135804], [-95.35858918992311, 29.749556840149918], [-95.35826673031325, 29.74993985070863], [-95.35783150988698, 29.750416530997235], [-95.3573818098204, 29.750940241735197], [-95.35542345828382, 29.753403402723873], [-95.35301207828316, 29.756511333718993], [-95.35179403715178, 29.757985704335184], [-95.3512221460532, 29.758719384704804], [-95.35068482669568, 29.759525904751186], [-95.35044457714442, 29.759957464744687], [-95.35029240673705, 29.76038269548136], [-95.35021333717528, 29.760657426240073], [-95.35012872588088, 29.761046836585184], [-95.3497298157976, 29.762949116205203], [-95.34969566711204, 29.763198766419908], [-95.3494985563916, 29.76387660731215], [-95.34934960641192, 29.764234937336912], [-95.34921437703451, 29.764536327750236], [-95.3487957863424, 29.76508452698283], [-95.34849232664136, 29.765452158036037], [-95.34822390582279, 29.765734948091755], [-95.34792574671819, 29.76600163772041], [-95.34761754628344, 29.766248818019793], [-95.34730024560334, 29.766457348174516], [-95.34701764595953, 29.766628868987944], [-95.34672503578405, 29.766780878599068], [-95.34639906448656, 29.766941228571003], [-95.34606308571634, 29.767082068985225], [-95.34570518537022, 29.76722209864913], [-95.34520353468258, 29.7673855685984], [-95.34456625446137, 29.76763021875169], [-95.34391848403328, 29.76786490942326], [-95.34344966384002, 29.768029579177885], [-95.34301462369667, 29.768176339467434], [-95.3426781734442, 29.768326729740863], [-95.34234033406551, 29.76850578892167], [-95.34199335346476, 29.76871337941062], [-95.34162912370313, 29.769016169527603], [-95.34113895307084, 29.769524289884075], [-95.3409521423109, 29.769756750531247], [-95.34079682293078, 29.770019109757875], [-95.34064737180599, 29.770386979781033], [-95.34052121207384, 29.770726990151594], [-95.3404178128454, 29.771182130257987], [-95.34035427266474, 29.77158732085348], [-95.34024275322108, 29.773213342032136], [-95.34022718319333, 29.774104522121846], [-95.34021836180338, 29.774741872265974], [-95.34015256228912, 29.77553532206987], [-95.34002861259677, 29.778603953892066], [-95.33993882369161, 29.779829183801542], [-95.33990370331325, 29.78080008461441], [-95.33985421312764, 29.78182427441022], [-95.33983428294944, 29.78312822536104], [-95.33982719402333, 29.78441081555898], [-95.33984062345678, 29.785722897006426], [-95.33983848417178, 29.787130127156786], [-95.33982693348614, 29.788242927936363], [-95.33980409392811, 29.789133987922483], [-95.3397725538582, 29.79021147872749], [-95.33973687406716, 29.791318048370535], [-95.33974229426778, 29.79324058958578], [-95.3397428543241, 29.794105779634137], [-95.33987401485317, 29.80047704213936], [-95.33989604532991, 29.801320152493528], [-95.33985991528537, 29.801726352781433], [-95.33973545552165, 29.802709443137754], [-95.33963826470155, 29.803127784000885], [-95.33949371541564, 29.803616303504185], [-95.33922952481772, 29.804191524052886], [-95.33887630545836, 29.804767644385816], [-95.33823469428548, 29.8056652148462], [-95.33681109453556, 29.8074405356668], [-95.33646882366651, 29.807876136367383], [-95.33629349411703, 29.808085785827974], [-95.33612453409859, 29.808329436411157]]}, "properties": {"OBJECTID": 55, "Road_Category": "Interstate", "Shield_Category": "Interstate", "Route_No": "69", "Route_Name": "IH 69", "Tollway_Owner": null, "Shape.STLength()": 211298.8270633481}}, {"type": "Feature", "id": 56, "geometry": {"type": "LineString", "coordinates": [[-95.57077192908312, 30.718197858464052], [-95.5706184796, 30.718192428833003], [-95.56987361944266, 30.718189288673198], [-95.56984557941702, 30.718191178216582], [-95.56966911852538, 30.718203098243322], [-95.56926645813294, 30.718220828871086], [-95.56854170804249, 30.71830796778764], [-95.56805337758236, 30.718416979314433], [-95.56558840657364, 30.71909970962387], [-95.56347158550908, 30.71941486960176], [-95.56313648553144, 30.71949439937857], [-95.56264103565786, 30.719653389455924], [-95.56228591484972, 30.719805450312794], [-95.56192184484262, 30.719996579513875], [-95.56132121482939, 30.720343050055103], [-95.56095131374352, 30.72058036990468], [-95.55870475369942, 30.72230702051141], [-95.55863527342393, 30.72235483053638], [-95.5578079534676, 30.72295185107235], [-95.55740195296005, 30.723226331600024], [-95.55717579324052, 30.72334906142951], [-95.55675418230565, 30.723519411243206], [-95.55631540272708, 30.72366957173784], [-95.55602573221611, 30.72373660179973], [-95.55572318256448, 30.723779241365694], [-95.55524458188067, 30.723793581591217], [-95.55291999116781, 30.723793332091194], [-95.55191144012062, 30.72379388229117], [-95.55142592027467, 30.72377984190967], [-95.5510111001127, 30.723772342025924], [-95.5488601289758, 30.723799611828184], [-95.54789507848544, 30.723833451801184], [-95.54731074832547, 30.723833172610757], [-95.54650921770538, 30.723832952332565], [-95.54587156758545, 30.723846432532508], [-95.54317330637265, 30.723854052888317], [-95.54213317510654, 30.723837382887893], [-95.54159203395814, 30.723838813196753], [-95.54134243490007, 30.723844482289444], [-95.54086186433952, 30.723811593080082], [-95.54083229469599, 30.7238071524667], [-95.54043685420861, 30.72374773248307], [-95.54008281379606, 30.723687402859827], [-95.53954922402342, 30.72355799275079], [-95.53888889373711, 30.723334972115083], [-95.5356335020423, 30.722143812640503], [-95.53505285139325, 30.721912502305795], [-95.53455126086251, 30.721683222957225], [-95.5342344505862, 30.72151638228689], [-95.53374936071228, 30.7212275015992], [-95.52981104865997, 30.718778271633575], [-95.52781513691534, 30.71755656150335], [-95.52555165590721, 30.7161310605977], [-95.52532346665413, 30.715972779879564], [-95.52467259528512, 30.715590780754322], [-95.52373288536951, 30.715120150492748], [-95.52311419462637, 30.71486205126989], [-95.522472404693, 30.714638250479194], [-95.51268868853873, 30.711321009748062], [-95.5114445583536, 30.71104807940688], [-95.51111567856258, 30.71099240973389], [-95.49920955238949, 30.709104089364864], [-95.49348158859516, 30.708178489851335], [-95.49020650735169, 30.707648039943866], [-95.48567161432779, 30.70693688028883], [-95.47497815822724, 30.705223070378278], [-95.47442293876972, 30.705149640527583], [-95.47340988840836, 30.705078320177495], [-95.47283086833976, 30.705069220250227], [-95.4720074579951, 30.705094080297933], [-95.46991112593606, 30.705215790852034], [-95.46841378553681, 30.705274810220764], [-95.4563484994816, 30.705891701372583], [-95.43932765079724, 30.706734213145403], [-95.43904284085248, 30.70674721330416], [-95.43257317800197, 30.707079403211072], [-95.43105443634353, 30.707170303950623], [-95.43041284616784, 30.707243244516405], [-95.42972249623725, 30.70737006404625], [-95.42903920573171, 30.707540274254793], [-95.42839900577557, 30.70775583510596], [-95.42763575473892, 30.708084955346536], [-95.42694879512048, 30.708444334807705], [-95.42637902434618, 30.70878903538832], [-95.42595925481112, 30.709091265881945], [-95.42557594399462, 30.70939868542635], [-95.42508191369564, 30.70985848585008], [-95.4162016601621, 30.719207829957128], [-95.41559479022209, 30.719797700460234], [-95.41472742954012, 30.720563501493118], [-95.41401431936856, 30.721127211681512], [-95.41306722924426, 30.721807881931877], [-95.40774791699178, 30.725449823050422], [-95.40597931595191, 30.72664250323052], [-95.40561308560886, 30.72686734433966], [-95.40503866522278, 30.727166603873254], [-95.40458532548284, 30.727365853885967], [-95.40450598548762, 30.727400354386305], [-95.40398109504382, 30.72759235363803], [-95.40339091440863, 30.72777384377995], [-95.4029530147645, 30.72788523377964], [-95.40258557435936, 30.727963764617606], [-95.40194024442236, 30.728073144594386], [-95.39770634194366, 30.728717145214446], [-95.38766574744193, 30.730288956792617], [-95.3837465053663, 30.73087884673578], [-95.37993575326179, 30.73147312772784], [-95.37830932181959, 30.731707968043995], [-95.37287419922986, 30.732562098437835], [-95.36959143794472, 30.733059718740996], [-95.36873624698006, 30.733205899600062], [-95.3669681464438, 30.733454619488057], [-95.35344455948365, 30.735538011097933], [-95.34857692718995, 30.73631423237859], [-95.34813265722458, 30.73637184152529], [-95.3443059655215, 30.73697628248913], [-95.33933039284143, 30.737722243407553], [-95.33859329230495, 30.73783644314702]]}, "properties": {"OBJECTID": 56, "Road_Category": "Federal", "Shield_Category": "Federal", "Route_No": "190", "Route_Name": "US 190", "Tollway_Owner": null, "Shape.STLength()": 78274.54499564438}}, {"type": "Feature", "id": 57, "geometry": {"type": "LineString", "coordinates": [[-95.10568354665007, 29.488278519346313], [-95.10540005712447, 29.488544500532463], [-95.1050217870847, 29.48888645084123], [-95.10458240689016, 29.489351930554655], [-95.10444779719218, 29.489503730572473], [-95.10359515646904, 29.490447191078587], [-95.10324274554975, 29.49069777073931], [-95.10262973598873, 29.491021430686278], [-95.10185767535457, 29.491258800697814], [-95.09745951301355, 29.491238791389815], [-95.09455795177976, 29.4912648423652], [-95.09304356152016, 29.491282302218327], [-95.0853380877116, 29.491413763099086], [-95.08364566621175, 29.491444253027602], [-95.08280641628404, 29.491631783650902], [-95.08112894463845, 29.492450633566655], [-95.07864309441254, 29.493853804443095], [-95.07739965317923, 29.49441085406554], [-95.0768001233378, 29.494600794591893], [-95.07616657304283, 29.49468620527863], [-95.07544757269994, 29.49475107462359], [-95.0748899322437, 29.49473622397362], [-95.07408676162042, 29.494677394151083], [-95.06779374903917, 29.494355234883873], [-95.0671634478238, 29.49438579493188], [-95.0665502484146, 29.494445044433995], [-95.06569118686095, 29.494601965383925], [-95.06460770651749, 29.494870155167895], [-95.0631808062357, 29.495242625143085], [-95.06132383549394, 29.49576903585312], [-95.06021501516442, 29.49622192609737], [-95.05816053409814, 29.497219466673947], [-95.0571452131813, 29.497675617359977], [-95.05589703315468, 29.498184927230056], [-95.05406265257359, 29.49869984743596], [-95.05078006068315, 29.499332758067336], [-95.04942840953278, 29.49972967852569], [-95.04777732876836, 29.500477138499797], [-95.04719709796365, 29.500780959440185], [-95.04631951831216, 29.501397529322336], [-95.04558799766036, 29.501939529531672], [-95.04468000740013, 29.50261582065626], [-95.04422559719954, 29.503012270150677], [-95.04218225604012, 29.50480568085122], [-95.03620149352152, 29.50928782309289], [-95.03360390194192, 29.51150214361361], [-95.03350797290045, 29.511572963814086], [-95.03142516137608, 29.51318100485332], [-95.03072825084047, 29.5136319852465], [-95.02985628021848, 29.51409685569583], [-95.02793574925833, 29.51506818612287], [-95.02664935986485, 29.51588417616193], [-95.02119290698818, 29.51994695863026], [-95.01670696453364, 29.52331983023246], [-95.01487718367527, 29.52452334154355], [-95.01344310339687, 29.525277931302597], [-95.01125681177147, 29.526285982365636]]}, "properties": {"OBJECTID": 57, "Road_Category": "State", "Shield_Category": "", "Route_No": "96", "Route_Name": "SH 96", "Tollway_Owner": null, "Shape.STLength()": 34582.73544294483}}, {"type": "Feature", "id": 58, "geometry": {"type": "LineString", "coordinates": [[-95.76897567661206, 29.99884983071828], [-95.7677081221617, 29.998377953566575], [-95.76389716970077, 29.9969286141298], [-95.76121196797628, 29.99592167336565], [-95.75877126596059, 29.995010453916557], [-95.75625034600709, 29.994039813038498], [-95.75403146450846, 29.993202912621612], [-95.75191083213001, 29.99242079266877], [-95.7504012323801, 29.99188069271124], [-95.74806285150737, 29.990972851997185], [-95.74563233923318, 29.990069232449642], [-95.74404830851935, 29.989468001783447], [-95.74052266728245, 29.988137551387204], [-95.73618700458981, 29.98650571131102], [-95.73410364400772, 29.985697851185172], [-95.72941399107236, 29.9839348600288], [-95.72538833860432, 29.982389060041296], [-95.72330570792232, 29.981541769861217], [-95.71701902370987, 29.97912470988216], [-95.71187471067475, 29.97718013870725], [-95.70946905044828, 29.976276639092013], [-95.70788311823935, 29.97572758911297], [-95.707130838472, 29.975491329406168], [-95.7063780876456, 29.975265598974644], [-95.70517001794123, 29.97493398895044], [-95.70060337491032, 29.97388956842595], [-95.69932056520322, 29.973603678790305], [-95.69815868457485, 29.973321869178843], [-95.69713166315627, 29.973002448159402], [-95.69629904192325, 29.972668528116724], [-95.6957542226231, 29.97239705841712], [-95.69493838230876, 29.97195827839233], [-95.69440989139855, 29.97159248767956], [-95.69390510182856, 29.971238038254224], [-95.69342687096166, 29.970831778321255], [-95.69297280116061, 29.970426338072574], [-95.69254505018881, 29.96996419739684], [-95.69225502028495, 29.96963420755942], [-95.69198502072642, 29.96929421758413], [-95.69172504017524, 29.968934207411916], [-95.69150502039153, 29.968574207363282], [-95.69129502983488, 29.96819421646083], [-95.69102376995392, 29.967714246168182], [-95.6901317284037, 29.965733755590023], [-95.68981823869869, 29.9651644055743], [-95.68946562857387, 29.964656975241937], [-95.68907581858151, 29.96416936504865], [-95.68879796835111, 29.963885844980847], [-95.68849497832699, 29.96362256551439], [-95.68813484837865, 29.963283534978068], [-95.68763294753902, 29.962865915187713], [-95.68740986699363, 29.962710755191676], [-95.68670579657916, 29.96221245459122], [-95.68436863583241, 29.960604504012537], [-95.67944969329704, 29.957179832869894], [-95.6752395905277, 29.954422152210864], [-95.67158926901915, 29.95187317179081], [-95.66770475631847, 29.94888387072487], [-95.66631862546326, 29.947881920603734], [-95.6615433526751, 29.944583279520174], [-95.65667248022343, 29.941201488667062], [-95.65459771833594, 29.939751698644415], [-95.65237605805558, 29.938239767410924], [-95.64986353568642, 29.93651972679974], [-95.64765818441683, 29.93496828605696], [-95.64606415334823, 29.933817266219073], [-95.6340164359848, 29.925346263368347], [-95.63376489676689, 29.92516658339636], [-95.6333091557416, 29.92488056266449], [-95.63279649605134, 29.924592573591955], [-95.63236255569488, 29.924384543280762], [-95.63191623493194, 29.924191463148407], [-95.63134484536363, 29.92398204358289], [-95.63068789390239, 29.92379077233447], [-95.63024417490996, 29.923701703364298], [-95.62921073374781, 29.92353961265926], [-95.6282208739353, 29.923484453039862], [-95.6268573920424, 29.923395313132666], [-95.62608902302347, 29.923335423649014], [-95.6254520422202, 29.92327485370883], [-95.62480494087997, 29.92315876232239], [-95.62404675070252, 29.9229781438262], [-95.623233630887, 29.92271169253991], [-95.6222610006823, 29.922277563011452], [-95.62125930000175, 29.92168429351709], [-95.61944246867938, 29.920388212399978], [-95.6187148683662, 29.919888711630456], [-95.6181540679499, 29.919447682653587], [-95.61760676692485, 29.918975471955875], [-95.61709861835571, 29.91844138106208], [-95.61664068749585, 29.91786685178202], [-95.61630073660281, 29.91735964183367], [-95.61593384652626, 29.916763041055678], [-95.61590176684051, 29.916710861713565], [-95.61520724599806, 29.915550311138837], [-95.61290291506319, 29.91177410932339], [-95.6124894042462, 29.911119819583867], [-95.6120675645103, 29.910509369733806], [-95.61159502432932, 29.909934178748347], [-95.61133501360372, 29.90963418830602], [-95.6110550138913, 29.90936417862373], [-95.61076500376961, 29.90909416820689], [-95.61049349334398, 29.90883083763635], [-95.61008600219061, 29.908479397951396], [-95.60709697121158, 29.90636247790448], [-95.60375622974999, 29.904001377317716], [-95.60272434927982, 29.903280396881716], [-95.60219611851748, 29.90292474643735], [-95.59944086723175, 29.900994945421772], [-95.59892614619274, 29.90060813547094], [-95.59788228589464, 29.899886705146635], [-95.59285353297614, 29.89634928465275], [-95.59167836308853, 29.89549648397657], [-95.5889389407991, 29.893588334262333], [-95.5860962093941, 29.891567232642192], [-95.58469169876817, 29.890574922168888], [-95.58061857655461, 29.887711601751764], [-95.57752503451728, 29.88552704139594], [-95.57031809060175, 29.880457969775993], [-95.5695782504325, 29.879962489397794], [-95.56878963922951, 29.879497989675613], [-95.56819930960664, 29.87918218968724], [-95.56730080893074, 29.878729128876998], [-95.5638449862468, 29.87718416827249], [-95.56311499646047, 29.87686416937174], [-95.55779998333611, 29.874509178090143], [-95.5568276219415, 29.87405445774854], [-95.55574186173224, 29.87357504727199], [-95.55432167108664, 29.872934927898342], [-95.55347178100385, 29.87255755803666], [-95.54831919781381, 29.870258156764947], [-95.54095873433295, 29.86699517617549], [-95.53225813909536, 29.86312793459731], [-95.52722341619787, 29.860892715081192], [-95.5262544455988, 29.86046112398779], [-95.52512769514355, 29.85992272470772], [-95.52433628429053, 29.85951528467538], [-95.52357000336868, 29.859087654460463], [-95.52223861405889, 29.85833870344728], [-95.51210496783901, 29.85262416170253], [-95.51004497576227, 29.851454151844738], [-95.50977495686406, 29.851304152144603], [-95.50947496651806, 29.851134151699334], [-95.50555523456373, 29.84893188096298], [-95.50005418094418, 29.84583467061873], [-95.49429508809845, 29.84257908862865], [-95.49364916730028, 29.842180959128928], [-95.49308922694587, 29.841815529000186], [-95.49258634719267, 29.84144976906984], [-95.49215444679935, 29.841118148524085], [-95.49171193539762, 29.84075453816985], [-95.49133989644247, 29.840435578441205], [-95.48937936538577, 29.83861940863085], [-95.488942244518, 29.838223158089416], [-95.48577078262747, 29.83526884705995], [-95.48208001061019, 29.831862055795735], [-95.47792128882006, 29.8279818945577], [-95.47511728665688, 29.825383364051973], [-95.46905882349368, 29.819748331311285], [-95.4676702714728, 29.818473711138818], [-95.45914733717224, 29.810549189082167], [-95.45820487674456, 29.809682248840428], [-95.4557894142482, 29.807427387074586], [-95.45446181407117, 29.806199067363192], [-95.45288669379413, 29.804719086185976], [-95.45230029295946, 29.80415730653607], [-95.45186160225981, 29.803719876890213], [-95.45155066289, 29.80339246651857], [-95.45128801226696, 29.80306676601554], [-95.45105047209879, 29.80272088602038], [-95.45079229187928, 29.80230047627321], [-95.45060255169541, 29.801966865806865], [-95.4504057015342, 29.801527564755567], [-95.45026521170523, 29.801174636121292], [-95.45014737172853, 29.80085413495674], [-95.4500325120041, 29.800470494567925], [-95.44995485109656, 29.800067105571777], [-95.44990081196154, 29.79967510419703], [-95.4498424515491, 29.79932911397731]]}, "properties": {"OBJECTID": 58, "Road_Category": "Federal", "Shield_Category": "Federal", "Route_No": "290", "Route_Name": "US 290", "Tollway_Owner": null, "Shape.STLength()": 126966.04998032699}}, {"type": "Feature", "id": 59, "geometry": {"type": "LineString", "coordinates": [[-94.89340807690697, 30.042042622121805], [-94.89328762722805, 30.0416211116375], [-94.89326857703523, 30.04125693203012], [-94.8933937975786, 30.03989716083885], [-94.89380648723592, 30.035912309321176], [-94.89388595716552, 30.03491633949468], [-94.8939321765587, 30.03383470887635], [-94.89394905689586, 30.031070327782032], [-94.89394612577973, 30.019517983160437], [-94.89396638493929, 30.018396432331762], [-94.89399872547708, 30.017741172481145], [-94.89407358543188, 30.01705271129239], [-94.8941668643992, 30.0164740313667], [-94.89431166515791, 30.015776611365016], [-94.89445802582983, 30.015186641015166], [-94.89466945552613, 30.014490550888848], [-94.89490857574134, 30.013839720137508], [-94.89514558537371, 30.013254440938255], [-94.90601754899774, 29.98747511940838], [-94.90658334856316, 29.98612401836849], [-94.90689329921945, 29.985338588069638], [-94.90717740903136, 29.984533406862468], [-94.90741418933115, 29.9837557977951], [-94.9076450993049, 29.98285839696297], [-94.90780982957546, 29.98207080704828], [-94.90795154949015, 29.98116317581017], [-94.90803857946804, 29.980423026065058], [-94.90808965826609, 29.97966848530039], [-94.90811098898514, 29.979009045054706], [-94.90810069876382, 29.977965105004238], [-94.90805688863611, 29.977297094859864], [-94.9079228690822, 29.975904793386334], [-94.90638761639991, 29.961034788057667], [-94.90559382524296, 29.95331184453579], [-94.90530089523708, 29.95050543402942], [-94.90516511396716, 29.949437583343773], [-94.90495984424442, 29.9480279031726], [-94.90274658316905, 29.935029097336272], [-94.90069613014153, 29.922814772862864], [-94.89745694747742, 29.904182505269635], [-94.89726795712332, 29.903211374953877], [-94.89682793676033, 29.901015234387927], [-94.89664941601298, 29.899905264122772], [-94.89619139547487, 29.897193713140165], [-94.89585788514388, 29.894932441689864], [-94.8954168340319, 29.891585829845113], [-94.89522692434583, 29.890227669568212], [-94.8947644343501, 29.885839108436695], [-94.89444346370134, 29.882945187168296], [-94.89368902211655, 29.875773933890585], [-94.89309854177027, 29.87017115204224], [-94.89306507207577, 29.86972209164417], [-94.89305170231727, 29.869236311200343], [-94.8930853610668, 29.868449741300847], [-94.89317356191209, 29.867757291016904], [-94.89493947060623, 29.858689826989718], [-94.89515951238998, 29.857515726210487], [-94.89530138185744, 29.8567590752822], [-94.89542411229219, 29.856084005938182], [-94.89561842173276, 29.8551673848154], [-94.89580518136779, 29.854001094401063], [-94.8958743016757, 29.85318729456823], [-94.89589515104707, 29.852341334192346], [-94.89587514122202, 29.8516321141531], [-94.8958478914704, 29.851241244040168], [-94.89467227021495, 29.84011080946458], [-94.89464159995065, 29.839578978562894], [-94.89463247954808, 29.83902894853822], [-94.8946635195026, 29.838222258988573], [-94.89472027006487, 29.837597288168638], [-94.89481219976875, 29.836907487722968], [-94.89492407010975, 29.83629815733437], [-94.8951288499415, 29.835453237497028], [-94.89796088988031, 29.826163672687404], [-94.89833093043427, 29.824859073293876], [-94.89856725096527, 29.823803901501496], [-94.8986874907065, 29.823375892261126], [-94.89915489994058, 29.821595701935465], [-94.89961602089791, 29.81991445047913], [-94.90251288138529, 29.80986907560346], [-94.90321442119931, 29.807227794922472], [-94.90355498145743, 29.80589341524413], [-94.90378047126251, 29.804866553457952], [-94.904160571451, 29.80258784237411], [-94.90428878133929, 29.80193537259365], [-94.90447885129869, 29.801200242489195], [-94.90481651135947, 29.80017932240401], [-94.90494697191153, 29.799886411792933], [-94.90551915205066, 29.798767111243954], [-94.90601125230484, 29.797911180819323], [-94.9065278314569, 29.797126620331404], [-94.90880384209838, 29.79385965887939], [-94.90941423278633, 29.792863138478527], [-94.90972433380222, 29.79227687816912], [-94.91006710249388, 29.791548558410227], [-94.91038943402222, 29.79074055808404], [-94.91061634324679, 29.790076167754805], [-94.91084152308662, 29.78926275717004], [-94.91121286380752, 29.78754781610088], [-94.9113961339296, 29.786782396513697], [-94.9124252441919, 29.783335834645307], [-94.91263960373513, 29.7825299842054], [-94.9128411934338, 29.781681653688366], [-94.91310281283721, 29.78031972339997], [-94.91328587463472, 29.779018982894748], [-94.91334435372183, 29.778494882669893], [-94.91336672355386, 29.77828022246281], [-94.91357341335713, 29.775791671840068], [-94.91362665360518, 29.775350300899685], [-94.91374617380062, 29.774755970961223], [-94.91390231367193, 29.77421855104996], [-94.91410614408015, 29.77367487083249], [-94.91438796433738, 29.77309096963062], [-94.91450159431731, 29.77289175021911], [-94.91468340435873, 29.772578529995943], [-94.9150870645668, 29.772001960218056], [-94.91564562452947, 29.77135031953267], [-94.9166283145896, 29.770339408632974], [-94.91701540517316, 29.769941198735307], [-94.91739875593473, 29.769546818967907], [-94.9177779046013, 29.76915786764221], [-94.91820713563109, 29.768717997562952], [-94.91867880607593, 29.768246548633098], [-94.91937098565599, 29.767586297823193], [-94.92114663757063, 29.765892517160285], [-94.92170509750505, 29.765303266508848], [-94.92214451739208, 29.764683436530927], [-94.92259979797309, 29.763903446357535], [-94.92292278696426, 29.763369676139742], [-94.92318093765746, 29.762943054923984], [-94.92350100719783, 29.762414115574757], [-94.92398904838265, 29.761682594719122], [-94.9241305682904, 29.761455294457], [-94.92434061862396, 29.76115760442982], [-94.92457202860662, 29.760871884642476], [-94.92482358742764, 29.760599743930335], [-94.92497844850357, 29.760448294779046], [-94.92526009873338, 29.760198923876352], [-94.92555838765117, 29.759966224463938], [-94.92587479873036, 29.759749944527638], [-94.92690163898769, 29.75908922376733], [-94.92705618971421, 29.758989434364512], [-94.92715961958656, 29.758923013026276], [-94.92723511971046, 29.75887480389548], [-94.92736523936654, 29.75879136291609], [-94.9277556094195, 29.75854140340416], [-94.92817011951973, 29.758293433107003], [-94.92859927937175, 29.75806433337499], [-94.92904003064476, 29.757854623224773], [-94.92949426027026, 29.75766470292353], [-94.92995672117709, 29.75749435245063], [-94.93043074115488, 29.757344372449964], [-94.93090996080412, 29.757215142918877], [-94.93139771125888, 29.757107122453256], [-94.93189205172322, 29.75702153216408], [-94.93923763530692, 29.75575061157244], [-94.9414716260649, 29.75544605052996], [-94.94239080708861, 29.755336131627146], [-94.94285603691891, 29.755253211002564]]}, "properties": {"OBJECTID": 59, "Road_Category": "State", "Shield_Category": "State", "Route_No": "146", "Route_Name": "SH 146", "Tollway_Owner": null, "Shape.STLength()": 111744.43297468862}}, {"type": "Feature", "id": 60, "geometry": {"type": "LineString", "coordinates": [[-96.5396579659579, 29.692593956838905], [-96.53600224374517, 29.69376172746421], [-96.53561251406504, 29.693922597992557], [-96.53531908427072, 29.694082037746142], [-96.53505387301249, 29.694218328619755], [-96.5347317730993, 29.694412868092396], [-96.53440754341818, 29.69466716832859], [-96.52959469145246, 29.69820770975013], [-96.52922892089248, 29.69847280984748], [-96.52886446065017, 29.69870205992018], [-96.52844609101413, 29.69890591021702], [-96.52808334092774, 29.699087360001254], [-96.52165163787967, 29.70153059174469], [-96.5194027165181, 29.702342042992704], [-96.51836324613458, 29.702680243282938], [-96.51419513388797, 29.70388550327992], [-96.51375192417147, 29.70401685353527], [-96.5132800431979, 29.704183293334573], [-96.51286292246495, 29.704351242871983], [-96.51241583340747, 29.70459013382992], [-96.51207995233325, 29.704784243740715], [-96.50611878978194, 29.70859137525724], [-96.50555782015637, 29.70894672603179], [-96.505111109907, 29.70917364622056], [-96.50450895944704, 29.709425216438323], [-96.5039187390769, 29.709629596105486], [-96.50294754938989, 29.7098993863784], [-96.49976740760893, 29.71068479669139], [-96.49458186529306, 29.711976867760235], [-96.49336719431409, 29.71221838814548], [-96.49070733304268, 29.712635188033193], [-96.48229985890681, 29.71384473955483], [-96.46016403772549, 29.717032911763724], [-96.45935765792439, 29.717137751752652], [-96.4582346364256, 29.71725496228684], [-96.44393948025179, 29.718676323414552], [-96.44269138870088, 29.71880780351381], [-96.44174576926844, 29.7189420137286], [-96.43941976774836, 29.71940493495101], [-96.42752986245866, 29.72179333675141], [-96.41936157836219, 29.723490467165277], [-96.41633500609746, 29.724078578517734], [-96.41510175601316, 29.72434339844206], [-96.39077523395198, 29.729282692058177], [-96.37496166616135, 29.732479865033433], [-96.33035974413494, 29.74153138120885], [-96.31806386881115, 29.74401039248837], [-96.30543221187524, 29.74656713550014], [-96.2969809686389, 29.74827694627301], [-96.29083510488165, 29.749525917190585], [-96.28689440214207, 29.750326567292337], [-96.28565228288781, 29.750541397354574], [-96.28391440123131, 29.750813448853677], [-96.28220529056053, 29.75105043801374], [-96.26950728417773, 29.752543529717283], [-96.25876414894465, 29.75381794098292], [-96.2501280850025, 29.75484277148323], [-96.23150537594732, 29.757053894437966], [-96.22908061455, 29.757352635107846], [-96.22669505296159, 29.757700345201865], [-96.22044310059457, 29.758746275896932], [-96.20549310231497, 29.76131431768556], [-96.19788822976965, 29.76259338893234], [-96.19563285861237, 29.7629859783468], [-96.19426074714669, 29.763224788913483], [-96.19156772576126, 29.763706800315052], [-96.1909342553782, 29.763775710212997], [-96.1903093158355, 29.76380855915636], [-96.18982204526077, 29.763824789177253], [-96.18938902509757, 29.763811770100485], [-96.18895660471853, 29.763783330501102], [-96.18848030462765, 29.763745850150187], [-96.18794274475103, 29.76369108965387], [-96.18746302432977, 29.76361066012619], [-96.18673051307472, 29.763469349789275], [-96.18574523258735, 29.763193749787508], [-96.18528527276241, 29.763036349438245], [-96.18028067987626, 29.761524279853884], [-96.17711113861111, 29.760590719501987], [-96.17570003807386, 29.76022744863085], [-96.17455630744776, 29.760025449762992], [-96.17346544684969, 29.759872879371585], [-96.17259038549194, 29.75981056861134], [-96.17164592540507, 29.759770079059944], [-96.17054890490387, 29.759772829548336], [-96.1696006344395, 29.759827918722745], [-96.16874633397975, 29.75993368975033], [-96.16740748370658, 29.76015640950244], [-96.16616115298004, 29.760465659849107], [-96.1652326827446, 29.76071272982646], [-96.16316361102028, 29.761367920779033], [-96.15407237736059, 29.764131111592565], [-96.15281771636326, 29.76453735270557]]}, "properties": {"OBJECTID": 60, "Road_Category": "Interstate", "Shield_Category": "Interstate", "Route_No": "10", "Route_Name": "IH 10", "Tollway_Owner": null, "Shape.STLength()": 126999.38511451792}}, {"type": "Feature", "id": 61, "geometry": {"type": "LineString", "coordinates": [[-94.94285603691891, 29.755253211002564], [-94.94339574707416, 29.75513112096141], [-94.94424705802159, 29.754886580788337], [-94.94543880872459, 29.754498470341932], [-94.94593711823663, 29.754334031116155], [-94.94704956974395, 29.753993009875252], [-94.94789643969071, 29.75382853054347], [-94.94995596996638, 29.753394819897238], [-94.95111500088464, 29.753100279844112], [-94.95387505148709, 29.752236688819064], [-94.95480082278544, 29.75195715904028], [-94.9554414725167, 29.751796069337416], [-94.95673963461537, 29.751507008823555], [-94.96001195563349, 29.750980087769683], [-94.96217758594096, 29.750636237500977], [-94.96271192704265, 29.75055201785154], [-94.96338585698018, 29.75046522762574], [-94.96377005748128, 29.750407487440544], [-94.96429386774776, 29.75034717738578], [-94.96489228824105, 29.750281717012744], [-94.96652566909356, 29.750160037363155], [-94.96854701988612, 29.75008617732066], [-94.97190650222234, 29.75002484618144], [-94.97413491240367, 29.750080816811167], [-94.97707477405143, 29.75004326650389], [-94.97944683535172, 29.74994745583393], [-94.9796338248614, 29.749942286500822], [-94.98008831626538, 29.74992097667226], [-94.9805539465875, 29.749845576165953], [-94.98100032592998, 29.749754346104336], [-94.98144671580555, 29.749663115796366], [-94.98188529700695, 29.749538056050838], [-94.98232426698253, 29.749404646030975], [-94.98272536746683, 29.749261345816542], [-94.9831186075153, 29.749084225817356], [-94.98346307814784, 29.748921935695762], [-94.98386764735048, 29.748711746329896], [-94.98429269720383, 29.74847723526539], [-94.98497403788664, 29.74799015452175], [-94.98531962799953, 29.747716594833534], [-94.98561672836101, 29.747446855257277], [-94.98589591846603, 29.747141934730454], [-94.98619559888837, 29.746780374996877], [-94.98629303891282, 29.74667890384131], [-94.98644113851317, 29.746489444642897], [-94.98667481877328, 29.746173144718774], [-94.9868925785187, 29.74586770352938], [-94.99042342980334, 29.74092316161534], [-94.9904868200253, 29.740843321516344], [-94.99056791917904, 29.740718232103887], [-94.99069262037864, 29.740556562107695], [-94.99361283217502, 29.73649678926799], [-94.99390983153174, 29.736024649418884], [-94.99412235139148, 29.73560792941586], [-94.99421775203994, 29.735376158528457], [-94.99433474083447, 29.735066728896093], [-94.99440679169442, 29.73477151908261], [-94.99449047163645, 29.734433288910086], [-94.99454225135005, 29.734069578385903], [-94.99456359158752, 29.733742968640097], [-94.99455924141355, 29.73340384835768], [-94.994539271372, 29.7331119884985], [-94.99447460199292, 29.73272921841212], [-94.99438018150308, 29.73239228764201], [-94.99426067156864, 29.732031388156564], [-94.99416317149755, 29.731810157709734], [-94.99398066067288, 29.731442697405132], [-94.99336862043725, 29.730258306667796], [-94.99238865949474, 29.728467396298083], [-94.9920292096073, 29.72778390595587], [-94.99190032965166, 29.727540396479043], [-94.99175232951585, 29.727221456069746], [-94.99166240986338, 29.726924916185915], [-94.99155292970703, 29.72656152567081], [-94.99149449970969, 29.726228895436716], [-94.99144727935841, 29.725934035802958], [-94.99141603942489, 29.725591415748816], [-94.9914252587027, 29.72523481471332], [-94.99145471890083, 29.724846575161813], [-94.99151156911351, 29.724467525793592], [-94.99158107955921, 29.724202564674076], [-94.99170247913062, 29.723768274501793], [-94.99176879871499, 29.723587284706113], [-94.99183295961998, 29.72341208474503], [-94.99197239943975, 29.723096334467936], [-94.99214255966922, 29.72277210457168], [-94.99233423940653, 29.7224569240845], [-94.99254875969135, 29.722153784509068], [-94.99277141932808, 29.721818964336606], [-94.99307307910594, 29.721422113539244], [-94.99344780006648, 29.72100695299819], [-94.99389374990281, 29.7204729136849], [-94.99446363034153, 29.719878882622325], [-94.9952413013129, 29.719041562044882], [-94.99738708216492, 29.716733091296717], [-94.99787009218336, 29.71620051072771], [-94.99824944208775, 29.7158747615297], [-94.99874679251654, 29.715423881106826], [-94.99931750217368, 29.714992110099324], [-95.00034404347994, 29.714229940175827], [-95.00110776319356, 29.713753649750892], [-95.00202620429151, 29.71325371917028], [-95.00265868415202, 29.712901669520605], [-95.00355608409015, 29.712466009046555], [-95.00422583494642, 29.71209489927177], [-95.00535459555846, 29.711474189257917], [-95.0079007265299, 29.71004130778244], [-95.00929552763412, 29.70926918783113], [-95.00968767780691, 29.709047087471323], [-95.00993342776115, 29.7089078072511], [-95.01055467715764, 29.708496287107273], [-95.01117094863909, 29.70808491743955], [-95.0117584781672, 29.707672427252724], [-95.01232769814277, 29.70724243716611], [-95.01272764934573, 29.706931456269547], [-95.01299873852531, 29.706751265895655], [-95.01548879982015, 29.704734146087503], [-95.01904259202307, 29.701855094083623], [-95.02075152200393, 29.700470542789937], [-95.02663153517358, 29.695706171306337], [-95.02735695540453, 29.695118330623494], [-95.02779429566317, 29.69463897974018], [-95.02807750506345, 29.694356880168332], [-95.02846895557703, 29.693836080280214], [-95.02873557557626, 29.69350306950867], [-95.02890956530322, 29.693292079951384], [-95.02934834584698, 29.692597199371964], [-95.02975725586849, 29.691679468893046], [-95.03007204555335, 29.690841149036793], [-95.03027400672927, 29.690086707859862], [-95.03040526684674, 29.689027897868602], [-95.0304272259605, 29.688601507551624], [-95.03042665690334, 29.688414797122363], [-95.03042506605433, 29.68789769701795], [-95.03038356558484, 29.686840477366466], [-95.03034354559826, 29.68538118683848], [-95.03030775518573, 29.68216276530913], [-95.03019654517347, 29.67947754378243], [-95.03012683513307, 29.678595153605094], [-95.03006552431987, 29.677922533802302], [-95.02963161489146, 29.674787381582647], [-95.02956692399786, 29.674419782294443], [-95.02951484441772, 29.673987782122854], [-95.02947413441359, 29.673515652295507], [-95.0294620543027, 29.6730284412172], [-95.0292478739188, 29.66530685820304], [-95.02917589353106, 29.661475826647177], [-95.02917903342376, 29.660856016200825], [-95.02920355382754, 29.66037944602098], [-95.0292879034734, 29.659486355682475], [-95.02985141189357, 29.655108853781], [-95.02994061231175, 29.6544114231812], [-95.02999643332929, 29.653819772909536], [-95.03000193317932, 29.65311137236665], [-95.03000182333847, 29.652512352839103], [-95.02999925264182, 29.652341022408642], [-95.02999562302007, 29.652181882362918], [-95.02992010203673, 29.64716787046334], [-95.02976011205638, 29.64045445745635], [-95.02974941156464, 29.639895667496063], [-95.02973118044554, 29.639099897151297], [-95.02969921137365, 29.63795775723812], [-95.02973774105367, 29.637411216638544], [-95.02981445088109, 29.636510625764366], [-95.02983918112696, 29.636362236280938], [-95.03007204119001, 29.635389625240023], [-95.03026293069355, 29.63464458488699], [-95.03046889038481, 29.63396446519399], [-95.03073925184601, 29.633234034967987], [-95.03097027193964, 29.632680134508124], [-95.0312628121892, 29.63205512433996], [-95.03151406123757, 29.631516953531918], [-95.03193671170794, 29.630612114008684], [-95.03214337124582, 29.630187103342013], [-95.03335855240412, 29.627622332297896], [-95.03361182296071, 29.627043882154442], [-95.03379098214789, 29.626575241177385], [-95.03395369216486, 29.626096211588255], [-95.03406514241946, 29.625645471455414], [-95.03418998298831, 29.6251688110741], [-95.03427109141042, 29.624697330980588], [-95.03431516169714, 29.6242131505125], [-95.03437010288506, 29.62370429051424], [-95.0343733029278, 29.62326878007653], [-95.03435125225393, 29.622765270209456], [-95.03431715211744, 29.622495850452765], [-95.03410005127272, 29.61970138899422], [-95.03383544230958, 29.616097948109868], [-95.03368702191239, 29.61434914626257], [-95.03363280125191, 29.61383960588853], [-95.03357053162355, 29.613422906635652], [-95.03332624090243, 29.61181833528501], [-95.0323681898144, 29.606085042856], [-95.03211592914728, 29.604684002619532], [-95.0320520199163, 29.60435022255677], [-95.03193467929404, 29.60367063281585], [-95.03140587901338, 29.60037946187987], [-95.03131997857588, 29.600029351649056], [-95.0312383391353, 29.599678491126504], [-95.03096757887847, 29.598835350299048], [-95.03008670821264, 29.596651009725182], [-95.02984253834616, 29.59598431948283], [-95.02965724673106, 29.595470468920503], [-95.02947027715317, 29.5948457795953], [-95.02935025823453, 29.5943668682391], [-95.02924152733252, 29.593841078551687], [-95.02910277679109, 29.59304295821505], [-95.02903326659315, 29.592229007899686], [-95.02897312676586, 29.591593887715042], [-95.02892901644397, 29.59100807794876], [-95.02882116682024, 29.589627796385518], [-95.02879146660456, 29.589114986780466], [-95.02878107621599, 29.588874076257614], [-95.02879386715837, 29.588421146366823], [-95.02881163849578, 29.5882920863985], [-95.02882743634878, 29.58817736645543], [-95.0288618165432, 29.587951995956157], [-95.02899723624435, 29.58729555576215], [-95.02905455683998, 29.58686275561033], [-95.02910178630495, 29.586591935357195], [-95.02913362645243, 29.58638179616669], [-95.02920425701444, 29.585860665553884], [-95.02923528708858, 29.585495775458124], [-95.02925897670261, 29.585069315467912], [-95.0292388871187, 29.584432414897268], [-95.02912170686612, 29.58369256442775], [-95.02846812621895, 29.579630352397842], [-95.02801081544226, 29.576863901570007], [-95.02786714540078, 29.575994831773862], [-95.027776655001, 29.57544735105193], [-95.02752155494105, 29.57390411033015], [-95.02682654438736, 29.56970181860843], [-95.02657191418196, 29.568178118303017], [-95.02635558284649, 29.567039887939266], [-95.02621998319225, 29.56630605767264], [-95.02604073348706, 29.56521736758356], [-95.02591289368866, 29.564440836465135], [-95.02582400263707, 29.563900875998026], [-95.02561856233059, 29.562652415360706], [-95.02548677241262, 29.561851465195073], [-95.0253159817386, 29.5610654956599], [-95.02459313147722, 29.556765593724943], [-95.02443830196282, 29.55591626296062], [-95.0243566319499, 29.555399383567135], [-95.02425174171796, 29.5547643323205], [-95.02399621051168, 29.553328612452912], [-95.02321457031617, 29.549926091412857], [-95.02301564952532, 29.54907081067988], [-95.02247164882856, 29.546731729637788], [-95.02229635008158, 29.545977889661387], [-95.02215475973945, 29.54541949944146], [-95.0220467687711, 29.545080418812717], [-95.02191608919377, 29.544713738700203], [-95.02181450901159, 29.544475879317048], [-95.02173327862978, 29.544285709202306], [-95.02166817963457, 29.544151148653803], [-95.02152771941019, 29.543889748870814], [-95.02142210857593, 29.543693208685173], [-95.02126100957031, 29.543418098324747], [-95.02117705904455, 29.54327475824694], [-95.02086606917842, 29.54274372790238], [-95.02070909796427, 29.54247566769626], [-95.02052358800528, 29.542158877643647], [-95.02011756747692, 29.541465528233886], [-95.01987866828313, 29.541054267353974], [-95.01950496754638, 29.54041937740515], [-95.0188921162095, 29.53937281663827], [-95.0181361066478, 29.538081696418477], [-95.01788146668356, 29.53764623666351], [-95.01609230533367, 29.534532114621257], [-95.01477943395182, 29.532319974045688], [-95.01396985409556, 29.530912803764025], [-95.01338057396518, 29.529907883589683], [-95.01305830351097, 29.529358303181294], [-95.01265535309898, 29.52867110270829], [-95.01188302319491, 29.527353971848882], [-95.01125681177147, 29.526285982365636], [-95.00902792038234, 29.52248443003296], [-95.00821725039994, 29.52110170963971], [-95.00780678932139, 29.520401570007532], [-95.00650447898848, 29.51818013884148], [-95.00513184795793, 29.515838608339084], [-95.00450647794568, 29.51477175762413], [-95.00374194678231, 29.513467506299072], [-95.00218755620199, 29.510815595647742], [-95.00151567603008, 29.50966930564596], [-95.00096942506134, 29.508737295267228], [-94.99905353393164, 29.505468313884034], [-94.99839147293095, 29.504338623515107], [-94.99765148305633, 29.50307592352464], [-94.99706415321756, 29.502073692895262], [-94.9965797125851, 29.50124696231915], [-94.99589550167536, 29.500079391948212], [-94.99523781114142, 29.498982751998224], [-94.99512930156425, 29.498794482117898], [-94.99501516119582, 29.498596422049058], [-94.99369467070687, 29.496323580759302], [-94.99296944983564, 29.49508577026213], [-94.99054658905588, 29.490950169126727], [-94.98827708707354, 29.487075967530913], [-94.98495162469668, 29.48139852468424], [-94.98138634258575, 29.47531085285872], [-94.9801778221102, 29.47324711150891], [-94.97894302068774, 29.47135627072778], [-94.97881499064196, 29.471176001211642], [-94.97869532050544, 29.47099903113151], [-94.97851744056936, 29.470751080860023], [-94.9783209492844, 29.47050963106754], [-94.97774685074003, 29.46982427079725], [-94.97657760856339, 29.468504840556264], [-94.97625600892064, 29.46811388040677], [-94.97598640937139, 29.46772259066963], [-94.97577102953112, 29.467340650050108], [-94.97562955842606, 29.46702927959229], [-94.97544558822244, 29.466602469567334], [-94.97524048755618, 29.466074928690755], [-94.97508093818702, 29.465671259228493], [-94.97493590775849, 29.46530406879794], [-94.9747926177345, 29.464956099459744], [-94.97462189791997, 29.464556778360695], [-94.97445590797874, 29.464171998727053], [-94.97418705784364, 29.463661058896193], [-94.973911377999, 29.463123528266433], [-94.9735465268923, 29.462460378114887], [-94.97323674697927, 29.461895148345935], [-94.97231389664691, 29.460127927653865], [-94.97192981651892, 29.459361087219065], [-94.97163023599026, 29.45875796704058], [-94.97136266586455, 29.45817048603555], [-94.97110527616806, 29.457597765718514], [-94.97089538533521, 29.457110705314268], [-94.9701165250291, 29.455310905216304], [-94.96963500414715, 29.45410456481168], [-94.9690370541551, 29.45250821398728], [-94.96855446401095, 29.451060083503826], [-94.96824788356132, 29.45011919270438], [-94.96799216403012, 29.44925214324216], [-94.967731602755, 29.44837292201071], [-94.96708871295132, 29.446364332233145], [-94.96693325230521, 29.44582865143362], [-94.96663969184719, 29.44480072137326], [-94.9655557208837, 29.44050886928381], [-94.96261999827438, 29.428536385135683], [-94.9625965090136, 29.42843602509453], [-94.96179321820946, 29.42500034258224], [-94.96114855743544, 29.421853051455432], [-94.96052486683143, 29.419155040769844], [-94.96045426637903, 29.418872040323606], [-94.95863011542313, 29.411460347250923], [-94.958599114926, 29.411327417906495], [-94.95853584543867, 29.411058227214976], [-94.95844343412313, 29.41071677744681], [-94.95832727427386, 29.410381177768116], [-94.95818540536158, 29.410052956861897], [-94.95802221489892, 29.409733607147057], [-94.9578354650126, 29.40942269694519], [-94.95760089431359, 29.40908858729125], [-94.95681157363076, 29.40803188675731], [-94.95476481296203, 29.405398145307558], [-94.95328640209543, 29.403232155003305], [-94.95290821194526, 29.40263053392597], [-94.95267570113933, 29.40226261370523], [-94.95241533169414, 29.401774043536083], [-94.95218015126135, 29.40129394406235], [-94.95197684976857, 29.400856213378685], [-94.95181460039738, 29.40045001398121], [-94.9516585403742, 29.40000669371077], [-94.95151334083451, 29.399518992701214], [-94.95137992083589, 29.399050433297262], [-94.95123866982084, 29.39824161260633], [-94.95114293926478, 29.397578532777832], [-94.95110029046553, 29.397181362851864], [-94.95111086976914, 29.395352321739512], [-94.95109558907608, 29.391496779617324], [-94.95110680913425, 29.39101806015908], [-94.95110040968682, 29.389734899178993], [-94.95109920893347, 29.386667628205966], [-94.95109878880753, 29.385577817424316], [-94.95109833878816, 29.384421507153398], [-94.95109798881356, 29.383533096489472], [-94.9510976389035, 29.382595676370375], [-94.95109730911501, 29.38174069582873], [-94.95109695945622, 29.38086103609521], [-94.95109659844118, 29.379933124934873], [-94.95109630877525, 29.379175145532628], [-94.95107808887845, 29.377811874768565], [-94.95104566806462, 29.377463473968675], [-94.95099543835704, 29.37710305405925], [-94.95064893736438, 29.3755812532332], [-94.95054835826126, 29.375153793726923], [-94.95024665661296, 29.373871682748618], [-94.94839263594642, 29.36599189951477], [-94.94751858535773, 29.36227655845484], [-94.94725586520907, 29.361194947719127], [-94.94707712566654, 29.360662097288927], [-94.94691165380368, 29.360247147661802], [-94.94677085464653, 29.359953776862973], [-94.94659057482997, 29.359636426802815], [-94.94612835379348, 29.358824107009493], [-94.94586917358771, 29.358388826197096], [-94.94565326365996, 29.358026206519774], [-94.94411514285197, 29.35544288634223], [-94.94372814226888, 29.35475152572466], [-94.9435520724306, 29.354406485369886], [-94.94333198296982, 29.3538645346406], [-94.94317712224588, 29.353419034929512], [-94.94306676172205, 29.353023534627503], [-94.9429340318341, 29.352519415042238], [-94.94233743174736, 29.350253633469016], [-94.94189459024898, 29.348553852083132], [-94.94182694137064, 29.348314792283773], [-94.94140966077931, 29.346729902193644], [-94.94119381067408, 29.346176741841994], [-94.94104728112926, 29.345909042262676], [-94.94084870091997, 29.345623981619376], [-94.94065490067375, 29.345406251232035], [-94.94046370064228, 29.345222671649193], [-94.94029136017012, 29.34509010187657], [-94.94011184982179, 29.3449572514086], [-94.93989625056625, 29.34482923160275], [-94.93963055017451, 29.344699201980355], [-94.93933621947586, 29.344568031446123], [-94.93906559935503, 29.344474350737386], [-94.9388421994597, 29.344416271734264], [-94.9386021689366, 29.34434382095393], [-94.93820649869237, 29.344149131294067], [-94.93795229917508, 29.344029051098993], [-94.93734317855814, 29.34356847114889], [-94.93676218736894, 29.34293186141395], [-94.93554117738844, 29.341670170616442], [-94.93280781618483, 29.33869919965027], [-94.93203285534533, 29.337804719064394], [-94.93168177546784, 29.33720116910609], [-94.93156201537617, 29.33690896941209], [-94.93141567422829, 29.33638747843749], [-94.9313869445467, 29.33601440894914], [-94.9313499849143, 29.335507127423455], [-94.93138357470202, 29.334788637811442], [-94.93146118405306, 29.334411387774747], [-94.93153174483776, 29.33416909813895], [-94.93162374449196, 29.333885397953043], [-94.93168997406036, 29.333541507258584], [-94.93172953465697, 29.333154277651467], [-94.93175063462662, 29.332935357069957], [-94.93183054499261, 29.332329977090563], [-94.93197209510888, 29.33183694612947], [-94.9321017246713, 29.331571676500666], [-94.93222185496197, 29.33140388611343], [-94.93235432521044, 29.331265705597165], [-94.93251014569796, 29.33114112611285], [-94.93265963464091, 29.33104583634236], [-94.93287089468926, 29.330962895528618], [-94.93338844591588, 29.330847326128], [-94.93379699569809, 29.330746066321453], [-94.93557241641251, 29.330353526114827]]}, "properties": {"OBJECTID": 61, "Road_Category": "State", "Shield_Category": "State", "Route_No": "146", "Route_Name": "SH 146", "Tollway_Owner": null, "Shape.STLength()": 180343.7663824583}}, {"type": "Feature", "id": 62, "geometry": {"type": "LineString", "coordinates": [[-96.05470092912672, 30.230605437672136], [-96.05531844929094, 30.227034765851943], [-96.05557419981795, 30.225776934927232], [-96.05642064857443, 30.221240133609733], [-96.05720523016383, 30.21707202174048], [-96.05780593988828, 30.213320919903417], [-96.05786702951083, 30.21280745048752], [-96.05823349919986, 30.209888748829087], [-96.05826651943754, 30.209571288313196], [-96.05850345913187, 30.207696668087014], [-96.05870378860745, 30.20606412727298], [-96.05888989888042, 30.205102856952706], [-96.05897760949422, 30.20459020623598], [-96.05902610941732, 30.204383246224612], [-96.05912473897368, 30.20392884677326], [-96.05926474874614, 30.203278836790037], [-96.05940807965167, 30.20271000569098], [-96.05968118926353, 30.20157770553205], [-96.06059321976518, 30.198033124356634], [-96.06075935964004, 30.197395523229776], [-96.06131216984429, 30.195131122522824], [-96.06177403973756, 30.193298292580284], [-96.06236474960369, 30.19091918100417], [-96.06309475970319, 30.18705340908179], [-96.0635812198758, 30.184494508316448], [-96.06394778938078, 30.18254283773434], [-96.06455791925974, 30.179129065424636], [-96.06505384928784, 30.176419095774484], [-96.06568869990954, 30.173071163546226], [-96.06609790977599, 30.170727053061185], [-96.06616692021906, 30.16969267241368], [-96.06623280910637, 30.168571341247993], [-96.06633367980746, 30.167763291341572], [-96.0665521996413, 30.166629790814476], [-96.06685547867946, 30.165081510744038], [-96.0676229692324, 30.160820208442605], [-96.06806724915738, 30.158430858037754], [-96.0684120090728, 30.156519046425306], [-96.07011260848576, 30.147358822849935], [-96.07077206955248, 30.14377747136363], [-96.07133557977984, 30.140749060081504], [-96.07157602928332, 30.13943045965565], [-96.07244159997309, 30.134714737975816], [-96.07341719854296, 30.129423365901236], [-96.0737662897522, 30.12756380478615], [-96.07417392994522, 30.12524859334916], [-96.07516169943986, 30.119980771235255], [-96.07561078994271, 30.117464170757238], [-96.07567600000579, 30.11700874028174], [-96.07565602876981, 30.11644767011577], [-96.0754307398884, 30.114858689139236], [-96.07537720986132, 30.11457648949847], [-96.07532582919774, 30.114283559093707]]}, "properties": {"OBJECTID": 62, "Road_Category": "State", "Shield_Category": "State", "Route_No": "6", "Route_Name": "SH 6", "Tollway_Owner": null, "Shape.STLength()": 42856.5040700316}}, {"type": "Feature", "id": 63, "geometry": {"type": "LineString", "coordinates": [[-96.7063691523167, 29.486684945791847], [-96.70583833072838, 29.486683132650953], [-96.70559633074694, 29.486667522635727], [-96.70488367025547, 29.48660428299251], [-96.70333938987422, 29.48636704267989], [-96.70228088934756, 29.486160552057505], [-96.70175491880717, 29.486036752182695], [-96.6995740776038, 29.485621622148216], [-96.69921442699885, 29.485566033108654], [-96.69864168701554, 29.485511912716387], [-96.69809720717386, 29.48549143227184], [-96.69785526702618, 29.48549927240361], [-96.69738962652325, 29.485536662157312], [-96.6969232360995, 29.485595572911905], [-96.69654529632024, 29.48566168300405], [-96.69617411676938, 29.485758373103184], [-96.69575142609166, 29.4858853037682], [-96.69527086584176, 29.48606609340823], [-96.68265514976672, 29.491136085509815], [-96.68103358893225, 29.49179907631288], [-96.67358365578147, 29.49478362888317], [-96.67234734462932, 29.49526527889417], [-96.67159891443782, 29.495571408540737], [-96.67065038410902, 29.49596378943544], [-96.66801331303633, 29.4970148186174], [-96.65716214706421, 29.50139244115676], [-96.65151921568797, 29.503677163024694], [-96.63434994739048, 29.510572877481533], [-96.62964242519315, 29.512474407878525], [-96.62755796457385, 29.51330037878293], [-96.60644938406243, 29.521796263565292], [-96.59788567066691, 29.525234765587427], [-96.594761659425, 29.52650502650768], [-96.59070104660191, 29.528122157383837], [-96.58013309115647, 29.532379548944025], [-96.57757508991332, 29.533359960526514], [-96.57582835035278, 29.53405273076461], [-96.57429909873179, 29.534667780693884], [-96.57331763795219, 29.535081021397502], [-96.57109687779821, 29.535960861785938], [-96.56863609681574, 29.53699376228395], [-96.56640316530027, 29.537896132699007], [-96.56562859454006, 29.538191953388477], [-96.56513107430476, 29.538401953297218], [-96.55164663874228, 29.543810775566392], [-96.54368879525063, 29.547024697766588], [-96.54268495389442, 29.547414228659978], [-96.53552633058823, 29.55027746001888], [-96.53354896019752, 29.551086420424866], [-96.53118280883186, 29.55202102065638], [-96.52821161808147, 29.553225311679554], [-96.52181168465613, 29.555800453146247], [-96.51250952029841, 29.559516144719506], [-96.50764682698717, 29.561454766245078], [-96.50678950739072, 29.56179450645201], [-96.50439390613285, 29.56277517688794], [-96.49852227327844, 29.5651308076147], [-96.49809773330638, 29.565274549250407], [-96.49780506298829, 29.56536981862568], [-96.4969625832831, 29.565603767912737], [-96.49627668268162, 29.565728458990886], [-96.48503286675647, 29.567153460201816], [-96.47367168189737, 29.568572330539688], [-96.47322217067247, 29.5686183012365], [-96.47258815122154, 29.568652571623847], [-96.4723016514376, 29.56865011169317], [-96.47130410993621, 29.56859697167889], [-96.46938244915657, 29.56845226143929], [-96.4689103491437, 29.568446661745927], [-96.46846606866025, 29.568458961573103], [-96.4669174382727, 29.568621792551923], [-96.4632004850747, 29.569102212829595], [-96.45695114292981, 29.569868122804937], [-96.45580037291124, 29.570052333612267], [-96.45534970254128, 29.57014335320882], [-96.4546191414035, 29.570319543423295], [-96.45169096000373, 29.571116083721513], [-96.45085458925682, 29.57131404363198], [-96.44980558914827, 29.571508034104454], [-96.44689651795234, 29.571884234252355], [-96.44132675571248, 29.572560734780424], [-96.43486787234835, 29.57337328542048], [-96.43019855990286, 29.57395656603149], [-96.4274849781228, 29.574305246714797], [-96.42732143852872, 29.574329846844385], [-96.4271586581379, 29.574357997342805], [-96.42699672858339, 29.57438966658341], [-96.42683573754016, 29.57442485715852], [-96.4266795379394, 29.57446258727598], [-96.42652442773161, 29.574503626853687], [-96.42637050777198, 29.574547947151235], [-96.42621786736065, 29.574595527328764], [-96.42606658802009, 29.574646327444903], [-96.42591676728429, 29.574700327721335], [-96.42576848773146, 29.574757487335017], [-96.42562183758689, 29.574817787231854], [-96.42547691722294, 29.57488117700441], [-96.42533379654132, 29.5749476273192], [-96.42519256743334, 29.575017096631047], [-96.42505329691106, 29.57508954742872], [-96.42491609649657, 29.57516493764311], [-96.42478102758011, 29.575243207092925], [-96.42464816726827, 29.575324327486786], [-96.42451760667439, 29.57540824733846], [-96.42431646675594, 29.57554525727272], [-96.4239936273896, 29.575754587488227], [-96.419156374423, 29.579184259487104], [-96.41782688341229, 29.580167659878995], [-96.41410164319467, 29.582774931168004], [-96.41343782233697, 29.58322972107799], [-96.41212406231509, 29.584174622504996], [-96.4112208008901, 29.584830722104662], [-96.40983022996353, 29.585778222333158], [-96.40936999031082, 29.586047423007663], [-96.40859483977584, 29.58644787299643], [-96.40779008893303, 29.586783923431984], [-96.40739066919322, 29.58693308382468], [-96.40683302860204, 29.58710829342663], [-96.40585951865023, 29.587346293990578], [-96.39193461179465, 29.58975671577773], [-96.39106687130031, 29.589879755120144], [-96.39030090088032, 29.589939656322457], [-96.38915883049857, 29.58994948546733], [-96.38868186010184, 29.589925735737506], [-96.38744152962202, 29.589838446049065], [-96.38623485861007, 29.58974338574437], [-96.37836779523909, 29.589131906671927], [-96.37586421366633, 29.588935496193066], [-96.36560296805351, 29.588165087179107], [-96.36172804625379, 29.58787074731031], [-96.35872658499014, 29.58763229661459], [-96.35786267387796, 29.587565607316485], [-96.35737155476265, 29.587493196774627], [-96.35687352288105, 29.587416967438767], [-96.35615774389235, 29.58727610640993], [-96.35519328365544, 29.587043146448675], [-96.353641642544, 29.58662185654592], [-96.35045593111964, 29.585769806195618], [-96.34372292681441, 29.583964306635366], [-96.34297906692721, 29.58380780702544], [-96.34260040609554, 29.583753606373655], [-96.3422371659754, 29.583736036836097], [-96.3418321757675, 29.58375259618051], [-96.34137632579726, 29.583831316211597], [-96.34092383509966, 29.583972696532534], [-96.34045062498221, 29.58416606650611], [-96.34003448484559, 29.584393907232982], [-96.33961522434214, 29.58468482662056], [-96.33736418484166, 29.586475417588456], [-96.33694863352495, 29.586756507558306], [-96.33676977347419, 29.58684819748196], [-96.33654434413242, 29.58694040765274], [-96.33611668259636, 29.5870572976266], [-96.3357927539838, 29.587094498617233], [-96.33553829320073, 29.587091108667128], [-96.33536519310573, 29.58707340774828], [-96.33508063339363, 29.587015788728866], [-96.33474210231154, 29.586920488235016], [-96.33321149216655, 29.58640678787325], [-96.33274963123196, 29.58627251826334], [-96.33235243117666, 29.586198548594428], [-96.33168937014234, 29.586137977935117], [-96.3315171911524, 29.58609409781727], [-96.33047316970075, 29.58510059769414], [-96.32529497783582, 29.580269835979525], [-96.32489755757761, 29.579957416110275], [-96.32471153697196, 29.57985182625241], [-96.3244767866964, 29.579759775661568], [-96.32416164704367, 29.579695196391008], [-96.32382613693537, 29.579672285631855], [-96.32246319622243, 29.579752985900843], [-96.32186255543175, 29.57978065649754], [-96.32151521489156, 29.579770556087173], [-96.32128672504541, 29.579735056405088], [-96.32061948417767, 29.5796502960518], [-96.32013435498776, 29.579553806481144], [-96.27377853042576, 29.568539545171117], [-96.25645681122067, 29.56441590491514], [-96.25329594984802, 29.563673514187897], [-96.2480518660002, 29.5624377342659], [-96.2294983266837, 29.558028432905456], [-96.22200846306018, 29.556245333139255], [-96.21769527101833, 29.555199713290172], [-96.17218828605985, 29.54437553191399], [-96.14872351360758, 29.538771281617755], [-96.10758993244167, 29.528938789851818], [-96.10539591125738, 29.52842237906892], [-96.10458820052551, 29.528267569708866], [-96.10413801086108, 29.52819620995085], [-96.10322739943031, 29.528079659514376], [-96.10267485004512, 29.52803008959177], [-96.1017184286059, 29.527971849617412], [-96.10107152819555, 29.527959869946038], [-96.10021442795521, 29.52797248009353], [-96.09899396861121, 29.528050570209615], [-96.09646956630468, 29.528318030268483], [-96.06874258244831, 29.531406363358506], [-96.0648603709801, 29.531793724262826], [-96.06331317019516, 29.532000724655475], [-96.05980326842251, 29.532404604327187], [-96.05217045383847, 29.53325264539709], [-96.0463213323056, 29.533865195409803], [-95.99370932531433, 29.539738452014827], [-95.98997632356746, 29.540113632874245], [-95.98933875339146, 29.54018980228228], [-95.98663563211134, 29.540524152651663], [-95.98508330113471, 29.54070008253556], [-95.9607637292467, 29.543412045958014], [-95.95948879905653, 29.54356592582511], [-95.94698550165184, 29.544964447605686], [-95.92789062184336, 29.547134229257566], [-95.92351824030045, 29.5476439098827], [-95.92198934967494, 29.54780722994778], [-95.90289290026368, 29.550003912232494], [-95.89168282458476, 29.55130837284469], [-95.89037604444361, 29.55141609366854], [-95.88803536345858, 29.551681733814345], [-95.8860554411956, 29.551915844010644], [-95.8836608808596, 29.552231824539145], [-95.88069894854267, 29.55257821420823], [-95.87434868516968, 29.55329007585037], [-95.8633363204382, 29.554569817084413], [-95.86207242004896, 29.5547030072707], [-95.85764944712227, 29.55522451751139], [-95.8456693218466, 29.556592768604546], [-95.82088986921232, 29.55939850139354], [-95.82061486943171, 29.559415742277313], [-95.82033903822902, 29.55941314240588], [-95.82008754796513, 29.55938127230923], [-95.81982054850809, 29.55931630156338], [-95.8197319741754, 29.559286545591668]]}, "properties": {"OBJECTID": 63, "Road_Category": "Federal", "Shield_Category": "Federal", "Route_No": "90", "Route_Name": "US 90", "Tollway_Owner": null, "Shape.STLength()": 295130.4887366439}}, {"type": "Feature", "id": 64, "geometry": {"type": "LineString", "coordinates": [[-95.8197319741754, 29.559286545591668], [-95.81958434836696, 29.559236951223703], [-95.81936474858153, 29.55912996107825], [-95.81838548808356, 29.55854038116405], [-95.8179620573797, 29.558316801358508], [-95.81781133789566, 29.558268491594287], [-95.81742266725368, 29.558152741703413], [-95.81719968634866, 29.558122392085597], [-95.81689388770928, 29.55810661125687], [-95.81655217631847, 29.558101871269685], [-95.80829497327925, 29.558259771547], [-95.79476395595545, 29.55853676249786], [-95.79370148572922, 29.558591662657335], [-95.79267667471308, 29.558718933079728], [-95.7919882447051, 29.558838593112945], [-95.7916000638696, 29.55893275322532], [-95.79113035386658, 29.559076352811225], [-95.79028296315545, 29.55935552384646], [-95.7898092839623, 29.559535574178444], [-95.7893332629787, 29.5597435838766], [-95.78852388283724, 29.560151294696283], [-95.78798777207543, 29.56046156382565], [-95.78763484235579, 29.56069505504906], [-95.78690560260976, 29.561224415268065], [-95.7864576926563, 29.56158603434386], [-95.7818618102395, 29.56582798659565], [-95.78081102951184, 29.56681661773533], [-95.77538605782394, 29.571814490320705], [-95.77489225713109, 29.572309479924424], [-95.77445705722216, 29.57281343047753], [-95.77401124687522, 29.573407760088102], [-95.77327465639482, 29.574689191052272], [-95.7717874859474, 29.57717084155113], [-95.77154960620618, 29.57746281223284], [-95.77117487622333, 29.577851082937187], [-95.77081445529092, 29.57818157223113], [-95.7704421352616, 29.578469352986094], [-95.76985316497459, 29.57882963266527], [-95.76939555484961, 29.579048753097716], [-95.76826043410786, 29.57950117318054], [-95.76786647431422, 29.579643433978035], [-95.76709980386605, 29.57995994362212], [-95.7658384836416, 29.580446024508916], [-95.76282941158442, 29.581631144804444], [-95.76095577081867, 29.58230909542311], [-95.7604741307426, 29.582429494911544], [-95.75999663055389, 29.582455625086077], [-95.75967884945653, 29.5824191845385], [-95.75930614989518, 29.58249044548612], [-95.75743779838719, 29.58356981632755], [-95.75615350753525, 29.584305026368092], [-95.75484841762477, 29.584846627005785], [-95.75321531646384, 29.585461767073443], [-95.75238711693713, 29.58594006766161], [-95.75158281583788, 29.58648735675665], [-95.7506449764025, 29.587269448122694], [-95.74973603604553, 29.58801660798605], [-95.74802956467917, 29.589466788400593], [-95.7463945548025, 29.590847569289767], [-95.7438641233369, 29.592975901089734], [-95.7429708022492, 29.593713850520242], [-95.74203446213656, 29.594421870819552], [-95.74109438178913, 29.594940600863], [-95.74007649071284, 29.595360981662708], [-95.73895081149836, 29.595741831990683], [-95.73789807011507, 29.59599084201156], [-95.73702910976702, 29.596167652393294], [-95.73530668878774, 29.596420682814628], [-95.73203427658147, 29.596741062155957], [-95.7303013270922, 29.59692188213802], [-95.72832019509063, 29.597142163400626], [-95.72378059336818, 29.597634902946528], [-95.71359231895717, 29.598702015032476], [-95.71167196693538, 29.598910005106465], [-95.69497673898627, 29.600690227276136], [-95.6913449072372, 29.601081087775768], [-95.6899818367648, 29.60122341671546], [-95.68871173554257, 29.60130577758826], [-95.68692443498027, 29.60134924820575], [-95.68440008341503, 29.601589517301935], [-95.68248762269339, 29.60179946847185], [-95.68090835186844, 29.60208924923119], [-95.67990081112997, 29.60227021801211], [-95.67778625071767, 29.602530328195133], [-95.6768281398217, 29.602677069541738], [-95.67602617904377, 29.60285306841636], [-95.67540324935432, 29.603005268979523], [-95.6746343592005, 29.60322842979388], [-95.67367877888815, 29.603540329501648], [-95.6654004638068, 29.606572221410627], [-95.66160072227117, 29.607949572122582], [-95.66065393147414, 29.608299982628896], [-95.65981810145254, 29.60861830233806], [-95.6588129912447, 29.609017863032154], [-95.65775610110892, 29.60951093300541], [-95.65244563804553, 29.612103234640788], [-95.64960529694714, 29.613380224940755], [-95.64826728619897, 29.6139773853137], [-95.64626494489167, 29.61502402656029], [-95.64039010226422, 29.617986767794676], [-95.63966158159869, 29.61832968753189], [-95.63862726210345, 29.618825737685256], [-95.63783163131693, 29.61913064784001], [-95.63708666132192, 29.619404097820937], [-95.63551630032678, 29.619912299315], [-95.63427494023725, 29.620166678207877], [-95.63328559875889, 29.62036449989955], [-95.63205522834332, 29.62062115867005], [-95.62846303699244, 29.621322719419076], [-95.61891947201289, 29.62322929188828], [-95.60861116632506, 29.625268972831247], [-95.60299529431686, 29.626340644177414], [-95.59905382265653, 29.627138894078996], [-95.59724823092272, 29.627455634712536], [-95.59454098969478, 29.627959694195408], [-95.59321690904173, 29.62818530497396], [-95.59211208845096, 29.62836569559704], [-95.59013109776893, 29.628559915763525], [-95.5893691064942, 29.6285725552005], [-95.5885433177921, 29.62854047523673], [-95.58682144567837, 29.62846198560306], [-95.58596227532472, 29.628378695819965], [-95.58484923457438, 29.62816038584589], [-95.58384830401644, 29.627886156130778], [-95.5830514031406, 29.627642975875975], [-95.58230974274483, 29.627389745164397], [-95.58107191300714, 29.626877205864123], [-95.57917459113824, 29.625991304611283], [-95.56647621555757, 29.619967913898805], [-95.56544428383047, 29.619300693092942], [-95.56467310449769, 29.61882672268779], [-95.56385417335724, 29.618361452370085], [-95.56276309327505, 29.61773498294129], [-95.56255781228676, 29.617626482849143], [-95.56077132153737, 29.61669564255603], [-95.55924850061642, 29.616088752022122], [-95.5578711102189, 29.615578632515838], [-95.55627864906589, 29.615183602488422], [-95.55518115880004, 29.614968301460703], [-95.55411343851262, 29.61481113178811], [-95.55300140752986, 29.61472419235962], [-95.55224698701387, 29.61469388170862], [-95.55117387594811, 29.614736772580645], [-95.54959613537514, 29.614912861824486], [-95.54833170510994, 29.615170923148337], [-95.54794715489356, 29.615270973476996], [-95.54564459375999, 29.61594696364934], [-95.54325672272228, 29.61686688339618], [-95.53986272091737, 29.618148255009622], [-95.53830552078402, 29.618783685354362], [-95.53390076855737, 29.620485646575], [-95.5314309775446, 29.62144874642294], [-95.52949467527905, 29.62218472680192], [-95.52694765525432, 29.623186886928597], [-95.52585590396765, 29.6235757581449], [-95.52348092366823, 29.624410437951656], [-95.5205795415588, 29.625375488721406], [-95.51747729041854, 29.626565929694166], [-95.5156590590337, 29.62728314994567], [-95.5142333392837, 29.62790269977274], [-95.51154925724124, 29.629075891340253], [-95.50988881606712, 29.629734931124883], [-95.50797778583372, 29.630480780990943], [-95.50577458427094, 29.631323931311215], [-95.50386404381122, 29.632057772588205], [-95.49698816064428, 29.634709013717206], [-95.4930267086668, 29.636243225246734], [-95.48592752530591, 29.638969706032558], [-95.48181306327115, 29.640545977824363], [-95.48023597222377, 29.641183547397425], [-95.45979039280671, 29.649040391748418], [-95.45711841164605, 29.650108322966634], [-95.45128639892192, 29.652308044349613], [-95.45032210808111, 29.652643504855206], [-95.44881492748648, 29.653112445064416], [-95.44733404633146, 29.653492024959252], [-95.4461099261146, 29.653810564772115], [-95.44480558527948, 29.65411719508033], [-95.44394524467293, 29.654349485935356], [-95.44356605515382, 29.6545186258575], [-95.44320743531644, 29.65471512615467], [-95.44270874447402, 29.655121966006867], [-95.44230761446146, 29.65566662676396], [-95.44197867433103, 29.656540276606684], [-95.44179301456053, 29.659022537675728], [-95.44167190458643, 29.659556648356936], [-95.44150002484432, 29.660005168168382], [-95.44126201481419, 29.660403448902436], [-95.44097210417094, 29.660740029094512], [-95.43884317403632, 29.663463409267916], [-95.4353441719096, 29.667893701557002], [-95.43389363162053, 29.66973803269467], [-95.43269202076208, 29.67127093319143], [-95.43067753009007, 29.673806905102516], [-95.42914621933362, 29.675761955733552], [-95.42830546906897, 29.67680851579041], [-95.42686348854704, 29.678611207073857], [-95.42591599766646, 29.67980950739042], [-95.42148308704157, 29.68544096059549], [-95.4180159649586, 29.689815181903523], [-95.41730209458447, 29.69066258279451], [-95.41701371454243, 29.690963262732954], [-95.41647169439554, 29.691410342366254], [-95.4155682642683, 29.69196398301924], [-95.41464542313906, 29.69234939323224], [-95.41339532246873, 29.692699013302953], [-95.41098471220359, 29.693288084083246], [-95.40716978964207, 29.6942084942345], [-95.40300611763945, 29.69520051527458], [-95.4013492072352, 29.695601065137634], [-95.39890869567938, 29.696194506356797], [-95.39795055583562, 29.69641067623191], [-95.39625854495846, 29.69682783650857], [-95.39354089321613, 29.697482896672703], [-95.39277923256375, 29.697646646789394], [-95.3918642222932, 29.69786465679166], [-95.39096346135875, 29.698071206966862], [-95.39020236143767, 29.698222997280137], [-95.38974089136117, 29.698296497131835], [-95.38689837990395, 29.698856887793276], [-95.38521172919786, 29.699181967622742], [-95.38292150800835, 29.699615428266135], [-95.38201158734067, 29.699793438574712], [-95.38135524682758, 29.69991052850796], [-95.37988529595681, 29.70019276851615], [-95.37737974426575, 29.70066345969551], [-95.37666175484011, 29.700817058772945], [-95.3760108447217, 29.700912648781532], [-95.37566706496256, 29.700935999477846], [-95.37515915493533, 29.700953289994445], [-95.37455474400727, 29.700979139460287], [-95.37426806384055, 29.70099889976808], [-95.37396123325942, 29.70106515882786], [-95.37326459342653, 29.70134516964493], [-95.37297143281313, 29.701411930285964], [-95.3725007929399, 29.701508229861524], [-95.37174277326086, 29.701594399532592], [-95.36738582007682, 29.70184197050627], [-95.3660254895521, 29.70191186045049], [-95.36441712899402, 29.702008560513626], [-95.36173690718634, 29.702161730181366], [-95.35794262595292, 29.7023936717347], [-95.35508393447981, 29.70255212119517], [-95.35445165356384, 29.702588771825727], [-95.35315207262825, 29.702720901652757], [-95.35240508358955, 29.702866052100024], [-95.35227883278522, 29.702893951773614], [-95.3516693119866, 29.703055402502894], [-95.35043765194933, 29.703440992719877], [-95.34999087211955, 29.703610062795075], [-95.34958634080137, 29.703757381924458], [-95.34866519103178, 29.70413749233015], [-95.34388095834551, 29.70595244296419], [-95.3436226183111, 29.706065244057346], [-95.34045821753891, 29.707273034432344], [-95.33879374642687, 29.707940894993023], [-95.33764832605141, 29.708408834800757], [-95.33680707461195, 29.7087754745954], [-95.33529187457316, 29.709249854910468], [-95.33353563292523, 29.709685036277765], [-95.33257126306397, 29.70989186617027], [-95.3317937032447, 29.71011049583318], [-95.33126605152553, 29.710226726556172], [-95.325925380119, 29.711415307010114], [-95.32551240905109, 29.71147679721483], [-95.32508012961691, 29.71148968724079], [-95.32442269881014, 29.711422437773756], [-95.32276383805933, 29.710964026938324], [-95.32177108762919, 29.71067296680271], [-95.32102124695155, 29.710490527392054], [-95.32018374698279, 29.71048843755888], [-95.31940001660571, 29.7106253975246], [-95.31853240544419, 29.710801067310253], [-95.31768972483215, 29.71112905740565], [-95.31726312564919, 29.711318917403155], [-95.31700558511902, 29.711490617859276], [-95.31669466476498, 29.711944488033925], [-95.31632253438505, 29.7128711880268], [-95.31539424407127, 29.715147129454323], [-95.31417199414814, 29.717671450105673], [-95.3136221445549, 29.71876218109563], [-95.3121365040229, 29.72236033228218], [-95.31190446381136, 29.72299053279358], [-95.31174789328833, 29.72354147325318], [-95.31166437423113, 29.723786473424386], [-95.31135169296189, 29.72455629375235], [-95.31111307343316, 29.7251374038956], [-95.31067458259285, 29.72605493475356], [-95.31053545275698, 29.726338894417797], [-95.31000020312464, 29.727634175496345], [-95.30846806246385, 29.731447716497055], [-95.30842017213403, 29.731605356563595], [-95.30796734273275, 29.732593536553914], [-95.30759969287402, 29.733460747562596], [-95.30728966196041, 29.733908017576987], [-95.30658271150502, 29.734542857676693], [-95.30611572233516, 29.73506716847228], [-95.3057774020064, 29.73555590806554], [-95.30337680109916, 29.741178450713925], [-95.30076897002687, 29.747459503433454], [-95.2991348997094, 29.75132812610063], [-95.29896693006003, 29.751637795206044], [-95.29878089908819, 29.751921095092587], [-95.29829195918647, 29.752419866129852], [-95.29602579839491, 29.754505206550434], [-95.29563156779834, 29.7549460468611], [-95.29532116800797, 29.7553170775635], [-95.29512725802705, 29.75576207757248], [-95.29504857803134, 29.756014197573094], [-95.29500049798465, 29.756287427152643], [-95.29477214811385, 29.758219048379633], [-95.29460941851978, 29.759575378593794], [-95.29452941780305, 29.760796370016784], [-95.29452444769062, 29.762097880087776], [-95.2945867588149, 29.766217911864985], [-95.29458778845972, 29.766657911724966], [-95.29453003841007, 29.76706207175954], [-95.29442235838204, 29.767457561870657], [-95.29419239938052, 29.76796050176859], [-95.29348642809336, 29.769000712835336], [-95.29190716824513, 29.771281083813836], [-95.2915899873069, 29.771968264276875], [-95.29146102724198, 29.772638004551315], [-95.29155328728204, 29.778161056960524]]}, "properties": {"OBJECTID": 64, "Road_Category": "Federal", "Shield_Category": "", "Route_No": "90", "Route_Name": "US 90", "Tollway_Owner": null, "Shape.STLength()": 206071.03347827715}}, {"type": "Feature", "id": 65, "geometry": {"type": "LineString", "coordinates": [[-94.64809014216004, 29.84006942599701], [-94.64727201194749, 29.84003390559962], [-94.62502480004328, 29.83921128696373], [-94.62105446919047, 29.839053687613145], [-94.61534224528884, 29.838886648115576], [-94.58271297879224, 29.83765834926028], [-94.57744493474864, 29.83737635964531], [-94.57239388255985, 29.836978760419143], [-94.56542096956865, 29.836453880358633], [-94.54043830665249, 29.834568540746417], [-94.49999221487886, 29.83155420230622], [-94.4966818533915, 29.831313583059643], [-94.48557183805826, 29.83046450257375], [-94.48236342547993, 29.83022667332224], [-94.44574472660811, 29.827454485220166], [-94.44175795348369, 29.827161233928173], [-94.44068623393926, 29.827103454268336], [-94.439576914, 29.827054804599506], [-94.43848976284102, 29.827050213991278], [-94.4364122014659, 29.827077585009704], [-94.43208515999915, 29.82711386494308], [-94.42506423640386, 29.82715009547695], [-94.42062746370445, 29.8271596155012], [-94.41142912872667, 29.82723929643875], [-94.40069425365233, 29.82731655750977], [-94.39880783292051, 29.827317987917272], [-94.39526299036642, 29.827339728246315], [-94.39463131028965, 29.82735919792694], [-94.39413172067438, 29.827407958113756], [-94.39359308011899, 29.827487608681388], [-94.39307009000478, 29.827590117691248], [-94.39255467864332, 29.827707728178645], [-94.39206463959036, 29.827826467960755], [-94.39156313856397, 29.827996447867182], [-94.39107981794211, 29.82814503881563], [-94.3905499486017, 29.828365488744495], [-94.39014228806101, 29.828524818504714], [-94.38966271821604, 29.82875486896076], [-94.38915521786646, 29.82902802933603], [-94.38869884770911, 29.82929605824175], [-94.38832700595376, 29.829567839441044], [-94.38792938724845, 29.829845838816464], [-94.38750296602319, 29.8301817089723], [-94.38711839674801, 29.83052681998056], [-94.38676805687406, 29.830866049707748], [-94.38403361510422, 29.833772741173707], [-94.38353211415107, 29.834321921285575], [-94.38230577426111, 29.835583101490847], [-94.37795661257967, 29.840098504985885], [-94.37506753130735, 29.842639615353388], [-94.36954138862568, 29.847550978475734], [-94.36800434856826, 29.848903968830097], [-94.36407172643275, 29.85239255038495], [-94.3594396743734, 29.85649475206976], [-94.35736544778801, 29.858308978365642]]}, "properties": {"OBJECTID": 65, "Road_Category": "Interstate", "Shield_Category": "Interstate", "Route_No": "10", "Route_Name": "IH 10", "Tollway_Owner": null, "Shape.STLength()": 97078.80900190848}}, {"type": "Feature", "id": 66, "geometry": {"type": "LineString", "coordinates": [[-94.8991546603365, 29.821592341716403], [-94.89911339066526, 29.821594582095507], [-94.89647836901419, 29.821814241807356], [-94.8947209384582, 29.821960621965527], [-94.89363454779324, 29.822057821409924], [-94.89102465545008, 29.822294712044148], [-94.87705658930936, 29.82349010397506], [-94.87497182787892, 29.823676523569123], [-94.87188717650207, 29.823947284439225], [-94.8638690626056, 29.824646095183475], [-94.85016833553982, 29.82579956595781], [-94.84670650348818, 29.826102626906845], [-94.84600588352608, 29.82616877636013], [-94.84335737187757, 29.826408407123463], [-94.84261048163707, 29.82647065698284], [-94.81534524825157, 29.828843179899298], [-94.81391201701696, 29.82896159951834], [-94.81252769656645, 29.82908343011075], [-94.81085183509276, 29.82923030021303], [-94.80917479483155, 29.829398650610603], [-94.80755881396553, 29.829550720793538], [-94.80597068308181, 29.829725070650667], [-94.804337912751, 29.829963390732583], [-94.80327935144543, 29.830116581133783], [-94.79961801931749, 29.8308052721621], [-94.79699717894182, 29.83129025199694], [-94.79380920702856, 29.83185363256287], [-94.79256355672243, 29.832077532869413], [-94.79041897433555, 29.832465923406982], [-94.78866856356862, 29.832758843871723], [-94.76962562477947, 29.836249116335342], [-94.76424761195273, 29.837228436655877], [-94.7625807606936, 29.837513567508452], [-94.75950850972482, 29.838074448221978], [-94.75724771842303, 29.838477248181146], [-94.75662066824589, 29.838563808295714], [-94.75616993840826, 29.838617948021824], [-94.75542892760265, 29.838703127432606], [-94.75465925795179, 29.838768247804154], [-94.75386260703765, 29.838817518274787], [-94.75308260637698, 29.83886738904633], [-94.75232971617139, 29.838887318506817], [-94.7500529351255, 29.83889416913849], [-94.73490838674891, 29.838930610336643], [-94.73307230641448, 29.838944279246547], [-94.70554580235193, 29.83987339231822], [-94.69587497779251, 29.840192662446135], [-94.69418663619517, 29.84025436349595], [-94.68192902003283, 29.84066722363741], [-94.68063766955703, 29.840694673869002], [-94.67858952839242, 29.84066608485529], [-94.6642746006838, 29.840534304372696], [-94.66348562103965, 29.840527574276543], [-94.65891256845246, 29.84046075541461], [-94.65489279601803, 29.84033081528727], [-94.65441027612853, 29.840314455790313], [-94.65207242483335, 29.840199336310903], [-94.65027654347784, 29.840162856155143], [-94.64872991266719, 29.84009046634511], [-94.64809014216004, 29.84006942599701]]}, "properties": {"OBJECTID": 66, "Road_Category": "Interstate", "Shield_Category": "Interstate", "Route_No": "10", "Route_Name": "IH 10", "Tollway_Owner": null, "Shape.STLength()": 80097.99393503963}}, {"type": "Feature", "id": 67, "geometry": {"type": "LineString", "coordinates": [[-95.15360258509098, 29.771185179690764], [-95.15355895695997, 29.77118825322607], [-95.1533439172581, 29.7712087531856], [-95.15277168612032, 29.77129457302856], [-95.15224626662223, 29.771406103445827], [-95.15170083612675, 29.771504503075317], [-95.1511926362681, 29.771617404075037], [-95.15077988513484, 29.771717414359085], [-95.1503008448548, 29.77184964359671], [-95.1426176413642, 29.773723944995776], [-95.13867552975823, 29.77469298599532], [-95.13421714749254, 29.77577851597647], [-95.12689236385246, 29.777534467699567], [-95.12285100223396, 29.778522698148418], [-95.12193170063838, 29.778796088997595], [-95.12115173066518, 29.779082018258357], [-95.12016837957052, 29.779482188745895], [-95.11924329033835, 29.779870229462677], [-95.1109580457513, 29.783363900874512], [-95.10998106583695, 29.783768091280596], [-95.1084269247562, 29.784415172330775], [-95.10747744462063, 29.784795012485986], [-95.10586050303789, 29.7853180827979], [-95.10428680167568, 29.785831772136486], [-95.10248719179515, 29.78644775270862], [-95.09234006693613, 29.789782135394955], [-95.09144558719885, 29.79004910515662], [-95.09047826630997, 29.79029168489149], [-95.08959533566369, 29.790462395595487], [-95.08800460444834, 29.790691336512815], [-95.08483402376935, 29.79100311611877], [-95.08412833293218, 29.79111937660155], [-95.0835719826432, 29.791212696949337], [-95.08304849258926, 29.79130726602003], [-95.0825646328095, 29.791432116172334], [-95.08215618190516, 29.791531176147817], [-95.08137963142495, 29.791745186678657], [-95.07301155729664, 29.794716238369876], [-95.07186571729684, 29.795066659132896], [-95.07137433650152, 29.795176809171622], [-95.07072788696685, 29.795291438972413], [-95.06995969556313, 29.7953405488701], [-95.06919334607122, 29.795353829301707], [-95.06855354573088, 29.795307389484716], [-95.0678423553445, 29.795207909239906], [-95.06705267420114, 29.79503356940797], [-95.06631447423821, 29.794818119495027], [-95.06570886426171, 29.794586308162373], [-95.06516302381938, 29.794344959079666], [-95.06207771184697, 29.79295509848058], [-95.06048256120903, 29.792233208489282], [-95.05918182982033, 29.791628657771906], [-95.0579882190657, 29.79114408840796], [-95.05739724881302, 29.79094869869583], [-95.05648875906604, 29.79068347824734], [-95.05592734777153, 29.790553868312703], [-95.05511086851256, 29.790421478178708], [-95.05383055710091, 29.790374847576032], [-95.05264189716328, 29.79043617864958], [-95.0515402959633, 29.790565518847675], [-95.05047622611443, 29.79076318840286], [-95.04930708491281, 29.79108868847971], [-95.04825906384563, 29.79145706942811], [-95.04769716387703, 29.791657738057552], [-95.04052642066236, 29.794346980535824], [-95.03176516678748, 29.797597742406484], [-95.0277693448231, 29.799085533311057], [-95.02722385377717, 29.799254693364837], [-95.02684774390097, 29.799394063236576], [-95.02590519352145, 29.79962997302098], [-95.02467762294746, 29.799804403657074], [-95.02334876236388, 29.799867134209777], [-95.01680489877266, 29.799990644742284], [-95.01291463744907, 29.80006745435569], [-95.01155185555746, 29.800118214611782], [-95.01030435535094, 29.800230434550436], [-95.00913501533249, 29.800392645059308], [-95.00473369288768, 29.801084875414386], [-94.99743838818432, 29.802229556042253], [-94.99096355610754, 29.803237757498266], [-94.98177360142478, 29.804676768996114], [-94.98037931104126, 29.80488726899639], [-94.97860066995983, 29.805204609051064], [-94.9707375067196, 29.806900320562857], [-94.96890462538649, 29.807308740996827], [-94.96770748420894, 29.807526920787033], [-94.96504236346861, 29.807945330613194], [-94.9428625417582, 29.811353044609707], [-94.9417732414245, 29.81155375416544], [-94.94067159164771, 29.811832954451713], [-94.93956616039705, 29.812183805421597], [-94.9384651700071, 29.81260664552092], [-94.92903688595996, 29.816818786636905], [-94.92229032206771, 29.81982348949608], [-94.92065406203318, 29.820555089431323], [-94.91999904137866, 29.820794559212615], [-94.91922973044788, 29.821015079114563], [-94.91842914982732, 29.821173569718418], [-94.91788322007314, 29.821238189768476], [-94.91738148950961, 29.82130142001199], [-94.91677264980223, 29.82132464006057], [-94.91585814872258, 29.821317750043594], [-94.91485876798644, 29.821285079886827], [-94.91410632808518, 29.821265330582825], [-94.90977875659553, 29.821141020659], [-94.90949107573947, 29.821129070259854], [-94.90881117513156, 29.82111134011766], [-94.90629981384028, 29.821048770534304], [-94.90590381369566, 29.82106158998503], [-94.90537582346315, 29.821078660914228], [-94.90454995296768, 29.821122090309004], [-94.90377834266567, 29.82117725102381], [-94.89921417063198, 29.821589111013946], [-94.8991546603365, 29.821592341716403]]}, "properties": {"OBJECTID": 67, "Road_Category": "Interstate", "Shield_Category": "Interstate", "Route_No": "10", "Route_Name": "IH 10", "Tollway_Owner": null, "Shape.STLength()": 84487.04630770872}}, {"type": "Feature", "id": 68, "geometry": {"type": "LineString", "coordinates": [[-95.56312167431204, 29.78456573624001], [-95.56020621546496, 29.78454678084554], [-95.55705951530419, 29.784516022024622], [-95.55437697371538, 29.78447978224637], [-95.55181951255913, 29.78442619199171], [-95.54523059791717, 29.784483861700092], [-95.54315019768275, 29.78450468246307], [-95.53817378563228, 29.784505622029844], [-95.53403064351595, 29.784465542551857], [-95.53178711161851, 29.78449415296593], [-95.52690644963482, 29.784452813236683], [-95.52368663800148, 29.7843897440287], [-95.5212719166912, 29.784384542940515], [-95.51639904410763, 29.78432729346724], [-95.51515568249951, 29.784341123683475], [-95.51357122255162, 29.784386223475344], [-95.51222661221337, 29.784439804556147], [-95.51142095090637, 29.78448354375591], [-95.51065767101437, 29.784507093927377], [-95.50881746005263, 29.784528625378883], [-95.50625833952509, 29.78451019484562], [-95.50376437706146, 29.784515704636668], [-95.50263884695461, 29.784490225079253], [-95.50167939651445, 29.784456175114105], [-95.50088470635359, 29.784442425152903], [-95.50009997545142, 29.784392894854324], [-95.49947997499534, 29.78436365515051], [-95.4980831751403, 29.78429237536888], [-95.49642206402869, 29.784204456192555], [-95.49408897288052, 29.78413599547639], [-95.49081653011389, 29.784135246084393], [-95.48859867976158, 29.784108725869633], [-95.48715552816432, 29.784089645512264], [-95.48445761715183, 29.78398279614255], [-95.48349137754938, 29.783926845753555], [-95.48219913620697, 29.783848485985114], [-95.47913800459774, 29.783723196621985], [-95.47714455388468, 29.783727435695244], [-95.47615606362098, 29.783751376041963], [-95.47517074241833, 29.783800427054214], [-95.47428241288347, 29.78385425632493], [-95.47354238262028, 29.783918197274428], [-95.47252070190324, 29.783998976536523], [-95.47177165141149, 29.784037426335473], [-95.47088881108809, 29.784085446492988], [-95.4695525298434, 29.784156116617016], [-95.46800728902689, 29.784208537180472], [-95.46679059867166, 29.784229627209527], [-95.46497039780112, 29.78422372728469], [-95.46337199668133, 29.784225747745346], [-95.46207502599341, 29.78417122803772], [-95.46120968608979, 29.784085407925787], [-95.46021574514322, 29.783877927478017], [-95.4595207650793, 29.783729496949753], [-95.45874098444648, 29.783551158121767], [-95.45791908405182, 29.783220907454815], [-95.45725954336548, 29.782842757175548], [-95.45678116342661, 29.782540927108048], [-95.4564052431106, 29.782285737557597], [-95.45570158156058, 29.78183964704196], [-95.45414525198363, 29.78080738661895], [-95.45353662196715, 29.780397166166367], [-95.45300235034374, 29.780084296485047], [-95.4525822008538, 29.779877486351054], [-95.45226058034976, 29.77971417633889], [-95.45184670055107, 29.77953129633132], [-95.45144421058406, 29.779370506353853], [-95.45101512020307, 29.779246706891307], [-95.45063359923637, 29.77916797648734], [-95.45013992977387, 29.779096046555214], [-95.44974371982785, 29.779065566127816], [-95.44896164859655, 29.77904832646193], [-95.44774946873841, 29.779054316448683], [-95.44546789739042, 29.77906726689762], [-95.44477912669151, 29.779060096509532], [-95.44408213592442, 29.779056137238854], [-95.4435344851946, 29.77904699628983], [-95.44295547575202, 29.77901914665898], [-95.4422046653909, 29.77896050670813], [-95.44104142384967, 29.77884484637015], [-95.44013939502987, 29.77874559668622], [-95.4301557588784, 29.777670477055647], [-95.42915320905088, 29.777550557716857], [-95.42818783862118, 29.777457107072046], [-95.42755635860927, 29.777409196685483], [-95.42710622802205, 29.7773845772733], [-95.42667565712838, 29.777352297154618], [-95.42613807738302, 29.777349646637667], [-95.42507206654771, 29.777353057241204], [-95.42426527676395, 29.777357427357952], [-95.41809656369833, 29.777444508514176], [-95.41431026108391, 29.7775086180354], [-95.40942080914674, 29.777549397898163], [-95.40872104808217, 29.777524058174517], [-95.4082105578777, 29.777507348445262], [-95.4076778666973, 29.777459328009087], [-95.40716229712493, 29.77739756841821], [-95.40663061781905, 29.777328048952818], [-95.40591990698347, 29.7772161190106], [-95.40302979538872, 29.776723608897], [-95.40205616445374, 29.77660213800123], [-95.40122803384331, 29.77653618818353], [-95.4003328235746, 29.776496518519313], [-95.39943521360038, 29.77650701837609], [-95.38854581814647, 29.77676721946153], [-95.38829545774888, 29.776774899811702], [-95.38664809683677, 29.77678893959047], [-95.38545126597427, 29.776860250222843], [-95.38440811631578, 29.777004829202873], [-95.38352145541384, 29.777164350270944], [-95.38248881504616, 29.77739269041201], [-95.3820957845998, 29.77748657004452], [-95.38120989449747, 29.77773909059171], [-95.38012290360287, 29.778130870103492], [-95.37875686309594, 29.77864111080029], [-95.3782142024883, 29.77880083088966], [-95.37748078233363, 29.778998201456453], [-95.3765966526561, 29.779068831086892], [-95.37583845138508, 29.779040901217066], [-95.37506459174229, 29.778915701597565], [-95.37412900035172, 29.778687691317195], [-95.37331905029511, 29.77841400212468], [-95.37217810953416, 29.778006161195247], [-95.37140206951442, 29.77771217086928], [-95.37079457861506, 29.777468971036384], [-95.37030796912445, 29.777208760397773], [-95.36972419884701, 29.776846040978402], [-95.36916149792594, 29.776281241038998], [-95.36857901737437, 29.775537600413163], [-95.36838678771042, 29.775282620973538], [-95.36815382757584, 29.774967850767666], [-95.36794986707052, 29.774637920490665], [-95.36741878642427, 29.773936109958242], [-95.36726878714681, 29.773687349915114], [-95.36674259652906, 29.772814719585313], [-95.36604616587333, 29.771654669290086], [-95.36556583512797, 29.770765849101103], [-95.36496657559897, 29.76969806811389], [-95.36455112500491, 29.769199598918565], [-95.36392491421466, 29.76871505806897], [-95.36269793386502, 29.768045497776676], [-95.36164136336996, 29.76759755816998], [-95.36076722309265, 29.767292717587495], [-95.36033593309536, 29.767190767201296], [-95.35986940238425, 29.767137788248224], [-95.35915977183808, 29.767176427600887], [-95.35831900219439, 29.76737539860196], [-95.35684690060789, 29.767867158281657], [-95.35578071934528, 29.768269927729474], [-95.35508192973293, 29.768596139008135], [-95.35294309901975, 29.769601918948826], [-95.35231519943711, 29.769823029609785], [-95.35186570875852, 29.769928609111513], [-95.35145042805057, 29.770006708861384], [-95.35106152698752, 29.77004988016311], [-95.3504097472092, 29.77008341892402], [-95.34877893611466, 29.7701097401667], [-95.34805527619224, 29.770097529565547], [-95.34753943671825, 29.77004269930023], [-95.34678638650446, 29.769957609834687], [-95.34584816514432, 29.76978674027197], [-95.34481518520664, 29.769572579852966], [-95.34330323348492, 29.769322989480155], [-95.34249720326343, 29.769180550125622], [-95.34162912370313, 29.769016169527603], [-95.34102016321415, 29.768920969613237], [-95.34084765179172, 29.7689083490465], [-95.33955069249608, 29.768966529822748], [-95.33848814212274, 29.76898488996326], [-95.3380424409294, 29.76901157928228], [-95.3369138205447, 29.76903467035487], [-95.3364602403525, 29.769053879765266], [-95.33596106934473, 29.769164760389845], [-95.33548655998243, 29.76927654014665], [-95.33513562930794, 29.769385680765215], [-95.33475795877985, 29.769536929961255], [-95.33282818899788, 29.77029878075355], [-95.32914633679209, 29.77175328155145], [-95.32748528594561, 29.77240289206628], [-95.3243822849928, 29.773595242471995], [-95.32347044445734, 29.77389907319317], [-95.32282879329775, 29.77406207373498], [-95.32223135425102, 29.774162082774094], [-95.32172636322954, 29.774222433831895], [-95.32134532366618, 29.774272992935657], [-95.32087493279384, 29.77429870263056], [-95.32042133258153, 29.77431785250154], [-95.31539243987795, 29.774286703402193], [-95.30745728570868, 29.774255004547122], [-95.30365944398, 29.77424352393242], [-95.30263002336444, 29.774255644999236], [-95.30162317200782, 29.774311664498498], [-95.30066177176332, 29.77444834436562], [-95.30012076241383, 29.774571884631712], [-95.29952051197328, 29.774729134985133], [-95.29910203132457, 29.774871575191288], [-95.298321551737, 29.77518009505836], [-95.29361956916878, 29.777135296373128], [-95.29309471809388, 29.7773217058574], [-95.29263282907088, 29.777472316209717], [-95.29223387876158, 29.77758713644549], [-95.29179164874586, 29.7776927160007], [-95.29154609798243, 29.77774323628648], [-95.29104179786502, 29.777832626738995], [-95.29010531821635, 29.777919467284303], [-95.28952810702566, 29.77794110679309], [-95.28438805474768, 29.77804276695602], [-95.28405760459528, 29.778023076864503], [-95.28373252431099, 29.778041257976916], [-95.28315441376154, 29.778065487313327], [-95.28077034297225, 29.778078697328308], [-95.28009594261106, 29.77806794773146], [-95.2795376025644, 29.778039957420468], [-95.27897210251132, 29.777990177384265], [-95.27847269159055, 29.777935667683924], [-95.27803935082989, 29.777876437558753], [-95.2722344085632, 29.776945337540187], [-95.26997197712716, 29.776588067586392], [-95.26525819414532, 29.775834287120098], [-95.26404216418287, 29.77562369702712], [-95.25614663012404, 29.77436237824788], [-95.25474809862601, 29.774148717299997], [-95.25303703778492, 29.773865447736252], [-95.25216567760484, 29.773781798151923], [-95.25140192758644, 29.773726978134988], [-95.24994828706143, 29.773674518345548], [-95.24891101537348, 29.773678717980253], [-95.24699186554425, 29.77370727835557], [-95.23710211882855, 29.773802718738377], [-95.23666634855314, 29.773793528559484], [-95.23633809025924, 29.773773999278234], [-95.23588801927761, 29.773721179342182], [-95.23541373929598, 29.773638978397436], [-95.23491655824989, 29.77356238892151], [-95.23442363866046, 29.77346388882731], [-95.23295111792535, 29.773135538521565], [-95.23273237781686, 29.77308676865516], [-95.23253403735303, 29.773042538381866], [-95.22179594227781, 29.77064806898194], [-95.22128121214708, 29.770543878556726], [-95.22096296173457, 29.770492578266015], [-95.22074504191421, 29.77045747849853], [-95.22020463159538, 29.770392987980365], [-95.21928218975751, 29.770356228487962], [-95.21847535001179, 29.770361689068412], [-95.21632551889803, 29.77039543860723], [-95.21502721852998, 29.770486708039083], [-95.21369533809886, 29.770623109036475], [-95.21138732651838, 29.770859029925806], [-95.20859996551343, 29.771134249408792], [-95.20774810435232, 29.77121691966264], [-95.20683125374389, 29.771282779948567], [-95.20608867429858, 29.771319310369318], [-95.20345878258048, 29.77143855061982], [-95.2004977814844, 29.77156340086068], [-95.20000345071193, 29.77157340058963], [-95.19928982971862, 29.771569650569898], [-95.19819647994615, 29.771497769944062], [-95.19699920825894, 29.771409310231466], [-95.19539190850755, 29.77129094100218], [-95.19015927563588, 29.770888060147907], [-95.18744617444675, 29.770734350709382], [-95.18492309273854, 29.77062074043887], [-95.18142064056194, 29.770545060543025], [-95.18001230093662, 29.77056330132531], [-95.17734811933838, 29.77064531113347], [-95.1735520473224, 29.770712361913322], [-95.16899446482451, 29.770801052256957], [-95.16474406239136, 29.77086873287754], [-95.15986786018041, 29.770941082766587], [-95.15695898890925, 29.77100947329894], [-95.1561921283066, 29.77103760297197], [-95.15503019723629, 29.77106500279427], [-95.15465089815717, 29.77107921372015], [-95.15415439696343, 29.771132032730392], [-95.15382328716518, 29.771169633461625], [-95.15360258509098, 29.771185179690764]]}, "properties": {"OBJECTID": 68, "Road_Category": "Interstate", "Shield_Category": "", "Route_No": "10", "Route_Name": "IH 10", "Tollway_Owner": null, "Shape.STLength()": 133831.17212556384}}, {"type": "Feature", "id": 69, "geometry": {"type": "LineString", "coordinates": [[-95.77731089515498, 29.785304604871985], [-95.77459424589996, 29.78528293691125], [-95.76958437251183, 29.785322216921887], [-95.76616946142332, 29.78539942786], [-95.76238673968386, 29.785428397322594], [-95.75982999823228, 29.785307048327137], [-95.75661669634982, 29.785223428208308], [-95.74993103297838, 29.785214568259978], [-95.74416197996267, 29.785236138918563], [-95.7415438198412, 29.78527773909851], [-95.73806619782263, 29.785286498989084], [-95.73406257543989, 29.78524754987532], [-95.73069664409388, 29.78521200974568], [-95.72849703195034, 29.785167819722343], [-95.72677180145475, 29.78509770931759], [-95.72480688050717, 29.78501949064852], [-95.7218334392252, 29.784949080443774], [-95.71899402799029, 29.784948950455565], [-95.7161182665733, 29.78499538073069], [-95.7137695347482, 29.785065550652575], [-95.71232084425777, 29.785100311409728], [-95.7110375928053, 29.785116721280367], [-95.70976828345988, 29.785127610580393], [-95.70837543266398, 29.785140290977154], [-95.70108649850502, 29.785102711438316], [-95.6967531764186, 29.7850502020498], [-95.69518569460917, 29.785004152006998], [-95.69325504499582, 29.78492661222724], [-95.69223537410069, 29.78491631263522], [-95.69112618396983, 29.784902522749732], [-95.68831797174032, 29.78489069206545], [-95.68408379924311, 29.78490197307312], [-95.68291470901943, 29.784874002513583], [-95.68191825908374, 29.784917842632158], [-95.679127147684, 29.78497829284591], [-95.67681281560824, 29.784977143423713], [-95.66743148155368, 29.784950003954712], [-95.65695075583623, 29.78488211491042], [-95.65005523220478, 29.784894254642712], [-95.64843653140974, 29.784899195431905], [-95.64727869132072, 29.78483128509702], [-95.64506608010518, 29.784835715271146], [-95.64411092937289, 29.784818885892513], [-95.6419136280755, 29.784863365257102], [-95.63765963655416, 29.784872436357745], [-95.63403981391626, 29.784893506932068], [-95.6315814833771, 29.784837956380294], [-95.62603812068339, 29.784863317404913], [-95.62519390018731, 29.784873847003922], [-95.6219023579646, 29.784898616592198], [-95.61774804609061, 29.78485037732042], [-95.61283582354481, 29.784832827305383], [-95.60657590985447, 29.78480869814027], [-95.60431000912044, 29.78476693844465], [-95.59519669410005, 29.784763418938937], [-95.59045048245397, 29.784754819313225], [-95.58918630100916, 29.78472003925537], [-95.58771952007943, 29.784733399464027], [-95.58350240880549, 29.78468775016952], [-95.5800649956345, 29.784659939609234], [-95.5756562238999, 29.784653349287098], [-95.57253392296012, 29.784654740840562], [-95.57038346195596, 29.7846256210888], [-95.56679775965429, 29.78461128032474], [-95.56323490779195, 29.78456647075472], [-95.56312167431204, 29.78456573624001]]}, "properties": {"OBJECTID": 69, "Road_Category": "Interstate", "Shield_Category": "Interstate", "Route_No": "10", "Route_Name": "IH 10", "Tollway_Owner": null, "Shape.STLength()": 67950.8212211274}}, {"type": "Feature", "id": 70, "geometry": {"type": "LineString", "coordinates": [[-96.15281771636326, 29.76453735270557], [-96.14276015144436, 29.767555884607088], [-96.14220419086435, 29.767742345058632], [-96.14170253153176, 29.767942414924125], [-96.14115837078272, 29.76817708428057], [-96.1407232708213, 29.768427044453563], [-96.14030234964594, 29.768665464989525], [-96.139683480242, 29.769053375275195], [-96.13918927973563, 29.769409195009587], [-96.136273809202, 29.771797786054368], [-96.13566851865689, 29.772251536707934], [-96.1352158977202, 29.772557876650225], [-96.13482047732015, 29.772809926978386], [-96.13453855797152, 29.772977407283012], [-96.13404893801028, 29.773266837312253], [-96.13369499672397, 29.77342388709169], [-96.13321808728335, 29.77364944804298], [-96.13273360720933, 29.773834747320926], [-96.13215685709443, 29.77403324793714], [-96.13169196643751, 29.774187137821688], [-96.1310798463719, 29.77435253766429], [-96.13029203549773, 29.774552578147492], [-96.12954213617788, 29.774721778028116], [-96.12821047543198, 29.77498522794881], [-96.12680679404527, 29.775214468445604], [-96.12540438400245, 29.775411718966243], [-96.12430757313444, 29.775538258834157], [-96.1233327524188, 29.775596489544775], [-96.1203919208038, 29.775722609367673], [-96.10906581456875, 29.776079760193117], [-96.10007341064112, 29.776362610958532], [-96.09951547054399, 29.77636886086759], [-96.09895682079267, 29.77635306113819], [-96.09839906013983, 29.77631590158276], [-96.09783750895504, 29.776255191577416], [-96.08719278358451, 29.7749742912308], [-96.08563177341686, 29.77478203146785], [-96.08426415231983, 29.774571720973665], [-96.08307000155382, 29.77438275086533], [-96.08049355029195, 29.77390578128535], [-96.07850673964802, 29.773569361415984], [-96.07724748877808, 29.77340233187308], [-96.07507554657492, 29.773119011836673], [-96.07292368660144, 29.772888770876108], [-96.0709548456683, 29.772744011646672], [-96.06833573411654, 29.77258999110762], [-96.06722062345868, 29.772508571415553], [-96.06640078308604, 29.77243528163064], [-96.065664122818, 29.772340632328024], [-96.064926962009, 29.77225792176603], [-96.0451977919418, 29.769801451346968], [-96.04450126256242, 29.76973186174989], [-96.04380277082797, 29.769710062270253], [-96.04311415130691, 29.76972420221392], [-96.04168431012984, 29.769871231586045], [-96.04014259932903, 29.770151642126837], [-96.03719683828426, 29.77088557222473], [-96.03604010692125, 29.771206393455653], [-96.03469373693785, 29.77149927385851], [-96.03273393567557, 29.771942403580137], [-96.0297685948095, 29.772660364486182], [-96.02487764224033, 29.77380439454385], [-96.02031765017182, 29.774892775619122], [-96.01893109885496, 29.775220335189125], [-96.01642921800497, 29.77583423599411], [-96.01519693806496, 29.776147526411226], [-96.01408488654553, 29.776465506670785], [-96.01124427541149, 29.777201288024205], [-96.00939452537204, 29.77763968704263], [-96.0000958897355, 29.779859088815545], [-95.99509229825568, 29.781057849554486], [-95.99336896697409, 29.781405390581554], [-95.99245044681113, 29.781560600147664], [-95.99116688551548, 29.78172102026802], [-95.99003098552197, 29.78179396097072], [-95.98464843318706, 29.78190483052254], [-95.98350705175844, 29.781952861758803], [-95.98297889212706, 29.781963691187322], [-95.98245002143437, 29.781953121675837], [-95.98192366059084, 29.781919900823105], [-95.98139823116058, 29.78186532071995], [-95.98087686024556, 29.78178885162482], [-95.98036113075455, 29.781690471474747], [-95.97984944961856, 29.781570881795385], [-95.97934654031857, 29.781430181851952], [-95.97885083909284, 29.781268361758535], [-95.97848829925435, 29.781134191470592], [-95.9780124597339, 29.7809509413673], [-95.97664025839063, 29.780400861614524], [-95.97599021809765, 29.78015211051822], [-95.9752987174509, 29.779911691344157], [-95.974598487415, 29.77969166086279], [-95.97389106698482, 29.77949279015908], [-95.97317485639122, 29.779314970802687], [-95.97245301595252, 29.779158340837142], [-95.97172553566145, 29.779023571439723], [-95.9709940154251, 29.77891004074319], [-95.97071594464241, 29.778872240932785], [-95.96938999398598, 29.778794340460333], [-95.96748040388026, 29.778782510460648], [-95.95133679551341, 29.77889739223942], [-95.93871648809721, 29.779021303660592], [-95.9378502090817, 29.779001913255957], [-95.93727493836239, 29.778983473158636], [-95.93648915748747, 29.778916412828817], [-95.93592076809051, 29.778839573020914], [-95.93537741715893, 29.778773083171867], [-95.92840824375753, 29.777843522909066], [-95.92585788172188, 29.777504343390394], [-95.92468503189859, 29.77734699363065], [-95.9238860813052, 29.77726746361462], [-95.92305820967863, 29.77722289352558], [-95.92240054064072, 29.777207723356373], [-95.92173550041609, 29.777204273432336], [-95.91990426832933, 29.77721114334372], [-95.91653855819328, 29.777220034252665], [-95.90195516063137, 29.77728419508743], [-95.90009779917203, 29.77726002479892], [-95.89843700811325, 29.777290044744262], [-95.89383963640682, 29.777299145215785], [-95.88116550972494, 29.77733183619835], [-95.87901474801234, 29.77733731677746], [-95.87321546596395, 29.777349636774705], [-95.86572230109934, 29.777387817207334], [-95.86243251927492, 29.777383377870965], [-95.85930242828401, 29.77739004778551], [-95.85739133721232, 29.77740298798553], [-95.85682534698053, 29.777392857688895], [-95.85613362664516, 29.777403747677393], [-95.85559673668055, 29.777386197973282], [-95.85500196626973, 29.777375117612703], [-95.85159109427433, 29.777213288124134], [-95.85060361299882, 29.77718096769411], [-95.84957600350725, 29.777189198019933], [-95.84832714238594, 29.7772069277851], [-95.83971976852624, 29.77732673932302], [-95.83557089640546, 29.77735799881158], [-95.83233425378586, 29.77738561985462], [-95.8249874608602, 29.777436989954374], [-95.82019481816577, 29.777480040090428], [-95.8196664482259, 29.777487750703056], [-95.81892496807444, 29.777538681179195], [-95.81834575776075, 29.77761170049461], [-95.81776472683651, 29.777726531283985], [-95.81725081734038, 29.7778435807942], [-95.81673544640509, 29.77799409131566], [-95.81636532651385, 29.778115881054035], [-95.81609144691939, 29.778232471095507], [-95.81572909611567, 29.778396391117216], [-95.81545521604684, 29.778512980776057], [-95.81504274544984, 29.77872549162072], [-95.81469776601594, 29.77893187115361], [-95.81435206530557, 29.77915497158548], [-95.81405218564583, 29.779389141762806], [-95.81366284542845, 29.77966943190058], [-95.8133148448979, 29.77994509169011], [-95.81213459480232, 29.781066692301994], [-95.81013252426706, 29.782950823718583], [-95.80966080411787, 29.783389903540417], [-95.80923964331747, 29.783770813921734], [-95.80854443295713, 29.78421447332883], [-95.80778801203196, 29.784608234584223], [-95.80712660303043, 29.784891464511453], [-95.80636999256656, 29.785099745097515], [-95.80574662210586, 29.78524064529973], [-95.80512612149289, 29.785315835030392], [-95.80433569114953, 29.785355484784848], [-95.80180519865225, 29.78540146506865], [-95.79445762605336, 29.78549254549985], [-95.79096325434935, 29.785508025379436], [-95.787128932096, 29.785464316277782], [-95.78171122980703, 29.785328516018133], [-95.7806204986779, 29.785334095955363], [-95.77910622705623, 29.785301636019817], [-95.77789883786616, 29.785309286936073], [-95.77731089515498, 29.785304604871985]]}, "properties": {"OBJECTID": 70, "Road_Category": "Interstate", "Shield_Category": "Interstate", "Route_No": "10", "Route_Name": "IH 10", "Tollway_Owner": null, "Shape.STLength()": 122136.67464946341}}, {"type": "Feature", "id": 71, "geometry": {"type": "LineString", "coordinates": [[-96.82000278739856, 29.68865609285051], [-96.80837483141555, 29.68948642719074], [-96.78971653189097, 29.690821909885788], [-96.78582761004516, 29.69108604994879], [-96.78461056869314, 29.691168690241476], [-96.78425358932029, 29.69119292890164], [-96.77668317540154, 29.691722050718752], [-96.77620559495296, 29.69174688106977], [-96.77230243292439, 29.692041090449717], [-96.77172594198083, 29.692074250229147], [-96.7709985116846, 29.69211551060506], [-96.73309671336159, 29.692387633435704], [-96.7321937528668, 29.692352383548425], [-96.73115551204215, 29.692265793997255], [-96.70443006844282, 29.688582943948134], [-96.70327074846175, 29.68843316434388], [-96.70234249725002, 29.688337234145273], [-96.70141176739791, 29.68831300392385], [-96.70031478541311, 29.688344234352957], [-96.69884620559044, 29.688425584720814], [-96.68035251656195, 29.689574336281872], [-96.66731062007396, 29.690402367995574], [-96.65891117601703, 29.690913998488693], [-96.64812189048865, 29.691578049914902], [-96.62066052576006, 29.693241651714477], [-96.61961778605387, 29.693285591973147], [-96.6187127453019, 29.6933092816835], [-96.59154630149683, 29.69349025428926], [-96.57230139226668, 29.69364668546139], [-96.56594085877623, 29.693677155528338], [-96.56233730728275, 29.693694276350165], [-96.56055504538996, 29.69370518589917], [-96.55943313591112, 29.693662755450823], [-96.55859863476822, 29.693628126154135], [-96.55798399574518, 29.69357553612425], [-96.55708320490868, 29.693479286202443], [-96.54465709852853, 29.691944737115765], [-96.54416564859648, 29.691895436442465], [-96.54367491812887, 29.691880776766375], [-96.54322126789988, 29.6918696770195], [-96.54275435682148, 29.69189941635263], [-96.54229015636507, 29.691935646379683], [-96.54178306701688, 29.692017066392026], [-96.54130175684017, 29.692119767310896], [-96.54080229550401, 29.6922348369775], [-96.5396579659579, 29.692593956838905]]}, "properties": {"OBJECTID": 71, "Road_Category": "Interstate", "Shield_Category": "Interstate", "Route_No": "10", "Route_Name": "IH 10", "Tollway_Owner": null, "Shape.STLength()": 89316.05679845091}}, {"type": "Feature", "id": 72, "geometry": {"type": "LineString", "coordinates": [[-95.33612453409859, 29.808329436411157], [-95.33597832358271, 29.8085303762654], [-95.33583046315138, 29.808741035866706], [-95.33575860367134, 29.808898456614013], [-95.33556446371011, 29.809307487319785], [-95.33544899411211, 29.80960737630682], [-95.33533999260843, 29.80996351715905], [-95.3352351332502, 29.810423857070948], [-95.3351685135854, 29.810749667842064], [-95.33517420361447, 29.811540977415508], [-95.33520828378562, 29.812654557416007], [-95.3352074634562, 29.81710383039843], [-95.33524417473492, 29.819942361567282], [-95.33531231528048, 29.822845691819598], [-95.3353957052305, 29.82543366306002], [-95.3353652752799, 29.82736512403806], [-95.33532072491622, 29.82805869426334], [-95.33521031571402, 29.828818074247106], [-95.3350904955598, 29.82947211491537], [-95.33426369487155, 29.833538307289476], [-95.33377392541996, 29.836029077196915], [-95.3336784957493, 29.836494548072604], [-95.33360020581722, 29.836909028000044], [-95.33353191536072, 29.837386838013376], [-95.33347789559559, 29.837834337935288], [-95.33342600481754, 29.838388338843007], [-95.33340816479718, 29.838756858070077], [-95.3333989148452, 29.839175578564863], [-95.33347771578767, 29.844469900602537], [-95.33353687559658, 29.84704979261923], [-95.33355319561127, 29.848754513465792], [-95.33368876603559, 29.851209054480666], [-95.33368751642293, 29.852484354073763], [-95.33369827662999, 29.85372623497819], [-95.33350143635647, 29.859281006891326], [-95.33341982760365, 29.86126254757597], [-95.3332362168449, 29.86305415907096], [-95.33318893662485, 29.863538718554285], [-95.3329839368521, 29.86439690932522], [-95.33282778693818, 29.86495553947473], [-95.33268269762569, 29.865353089284138], [-95.33250969743614, 29.865815509989606], [-95.33231105691034, 29.8662628095868], [-95.33211812736064, 29.866685189499957], [-95.33163995659186, 29.86761741069124], [-95.33070129595944, 29.869165071954487], [-95.32987892610022, 29.870582771648383], [-95.32642269498453, 29.87651106492528], [-95.32457099426895, 29.879751116391674], [-95.32188334338352, 29.884341187992955], [-95.31952951282476, 29.888396940183092], [-95.31638019095392, 29.89387127269752], [-95.31509008076871, 29.896072334070833], [-95.31394339997183, 29.89803895428979], [-95.31273909062867, 29.900171245212025], [-95.31240379898456, 29.90086087483722], [-95.31213857992311, 29.901429235969296], [-95.3119958000956, 29.901793615905714], [-95.3118080192852, 29.902265376397835], [-95.31165871002536, 29.90262366688142], [-95.31147771002816, 29.903181857044935], [-95.31132142933437, 29.903683496247048], [-95.31091492974886, 29.90520057720422], [-95.31022474973803, 29.908152328805812], [-95.31001786971636, 29.909015919097513], [-95.30966147830463, 29.9104859296631], [-95.3092980598179, 29.912062570283997], [-95.30869064959876, 29.914605951373076], [-95.30846467946768, 29.915509672448284], [-95.30832305832513, 29.915931161543675], [-95.30812779917296, 29.916436982465235], [-95.30793766853253, 29.916837492523914], [-95.30767787882834, 29.91731215298422], [-95.30744658836495, 29.917653613042624], [-95.30576102860284, 29.920108264726895], [-95.30390700776067, 29.922744124823318], [-95.30352642741404, 29.923324585090153], [-95.30324569759762, 29.923726475434577], [-95.30273116677718, 29.92453704601179], [-95.30238591673152, 29.925124395801877], [-95.30186065713134, 29.926110086892102], [-95.3010407869982, 29.927902627179137], [-95.29981982597718, 29.930700698250302], [-95.29856103587893, 29.93370831004712], [-95.29713059490867, 29.936907711178282], [-95.29574660525248, 29.940048162298254], [-95.29034332327922, 29.95228943753244], [-95.28442320194038, 29.965647253476057], [-95.28124318040334, 29.972790426824865], [-95.28026432993032, 29.975007608180274], [-95.27962384949444, 29.976388678548666], [-95.27926616980508, 29.97705623908704], [-95.27878774987171, 29.977939878821193], [-95.2784885497852, 29.97853768971773], [-95.27831606859472, 29.97891006959885], [-95.27795740013501, 29.97982212971201], [-95.27745254823422, 29.98113152105223], [-95.27697797815934, 29.98242145060201], [-95.27645031903778, 29.983761362255393], [-95.27574046897195, 29.98560374299806], [-95.27508292926414, 29.987329393316184], [-95.27351688786415, 29.99117890526494], [-95.27105303697688, 29.99737801782366], [-95.27076421719171, 29.99821115852314], [-95.27063353735237, 29.998628228062767], [-95.27039654769588, 29.999415359625484], [-95.27011250711243, 30.000263058845707], [-95.26968800685725, 30.001278139912223], [-95.26808552713301, 30.004963231004172], [-95.26634584514319, 30.008858962257708], [-95.26443051535261, 30.013074194532916], [-95.26312334536594, 30.016012655784408], [-95.2622098846178, 30.018227397194895], [-95.25896723467632, 30.02621963037184], [-95.2580399338678, 30.028380831525084], [-95.25759561417978, 30.029457481914818], [-95.25714752347902, 30.030610711828235], [-95.25687363358841, 30.031583442948893], [-95.25667658394322, 30.032338473215994], [-95.25644355349218, 30.033264783562228], [-95.2561072636984, 30.0348360342018], [-95.2553368921891, 30.038272495764616], [-95.2549147133634, 30.04001646654332], [-95.2544000430721, 30.042294007068815], [-95.2531058427499, 30.047970799384725], [-95.25269723318618, 30.04977282060036], [-95.25235310321494, 30.051329610805535], [-95.25202433253058, 30.052638622062897], [-95.25191238325449, 30.05312273197723], [-95.25093606224146, 30.05653020314447], [-95.25031848275559, 30.058654694051032], [-95.2491585919815, 30.062527325517195], [-95.2485399918349, 30.064529716737688], [-95.24552384105448, 30.074598971145708], [-95.24359375092176, 30.08094487373106], [-95.24167113067355, 30.087374906955628], [-95.23761265995267, 30.100850302657207], [-95.23691446967287, 30.10325521397161], [-95.23659978962331, 30.104375043912977], [-95.23430392898781, 30.111960367066875], [-95.2309900789261, 30.12303852143031], [-95.23013644863245, 30.125825442270422], [-95.22894198140476, 30.12970678023128]]}, "properties": {"OBJECTID": 72, "Road_Category": "Interstate", "Shield_Category": "Interstate", "Route_No": "69", "Route_Name": "IH 69", "Tollway_Owner": null, "Shape.STLength()": 122877.60426112455}}, {"type": "Feature", "id": 73, "geometry": {"type": "LineString", "coordinates": [[-95.80570514392124, 30.354703224922176], [-95.80290490292442, 30.355301635844153], [-95.78737055463851, 30.358601718294654], [-95.78651289479689, 30.35882822832901], [-95.78574312455396, 30.359092739062678], [-95.78484471414029, 30.359472778333046], [-95.78401150393452, 30.359887578702153], [-95.7838006936354, 30.360003119555568], [-95.78320515292928, 30.360376738553555], [-95.78274524254927, 30.36069123939402], [-95.78238552335893, 30.360959489235118], [-95.77752237032364, 30.364836011687476], [-95.77667464035197, 30.36554522123853], [-95.77616372986294, 30.365900581705368], [-95.77587715019747, 30.366110021272057], [-95.77359455970279, 30.367941093246312], [-95.77147941830155, 30.36960323422683], [-95.76809635606897, 30.372306284390653], [-95.76678038615808, 30.373340475929755], [-95.7641509449654, 30.375452176527503], [-95.75857405226137, 30.380178868883778], [-95.75801608222737, 30.38062400884675], [-95.75754351180774, 30.38095877929509], [-95.75700833235403, 30.381278599038442], [-95.75643288169819, 30.381575669446416], [-95.755994431216, 30.38177139991199], [-95.75540776107938, 30.38199403953744], [-95.75479101109471, 30.382187719523014], [-95.74817245825578, 30.38409093098413], [-95.74753708658521, 30.38429972126022], [-95.7467385273869, 30.384637571293638], [-95.74630497689532, 30.384856341603108], [-95.74591818570292, 30.385071612367515], [-95.74533436635099, 30.385446872659756], [-95.74017684404969, 30.38915733369039], [-95.73924404347095, 30.38979632364608], [-95.73865301345892, 30.390147504443675], [-95.7381718329217, 30.390393994681684], [-95.73758175263681, 30.39064943453721], [-95.73690976236861, 30.390887844922474], [-95.73625873212292, 30.391064585163484], [-95.73573585203363, 30.391179534704012], [-95.73521702065888, 30.39126653554422], [-95.73475273094644, 30.391321815579534], [-95.73441873187548, 30.391347494633745], [-95.73387628032015, 30.391358004889625], [-95.73327777073614, 30.391339105048417], [-95.73274694066745, 30.391299075355064], [-95.73235438124458, 30.391250105225012], [-95.73182044988121, 30.39115994502201], [-95.73106840940586, 30.39098574570036], [-95.73037865897865, 30.390764864786036], [-95.72871140771502, 30.39011523445456], [-95.72808005730961, 30.38989899564766], [-95.72762822813638, 30.389771544576725], [-95.7272283573521, 30.38967885423717], [-95.7264099070811, 30.38954136485989], [-95.72452605555138, 30.389366074678488], [-95.72068914487029, 30.389064725149577], [-95.71610016147758, 30.388689694996653], [-95.71493620142945, 30.38858261606929], [-95.71182929968192, 30.38834024513082], [-95.71082406926081, 30.388285895611475], [-95.70861577747135, 30.388283575568064], [-95.70472908641136, 30.388306226064632], [-95.70182736487729, 30.388339455771536], [-95.701227954057, 30.388330255875182], [-95.69779321304085, 30.388356596535708], [-95.6972546619577, 30.388410706375428], [-95.69660256078527, 30.388553776662803], [-95.696255571235, 30.388656606973992], [-95.69509413126724, 30.389044447297895], [-95.69471552104028, 30.3891340469152], [-95.69415812061906, 30.389227796867875], [-95.69359984114747, 30.389272356914933], [-95.69148166907382, 30.389274086863654], [-95.6894229788119, 30.389256646879133], [-95.68848425797724, 30.389212346885753], [-95.68727994679743, 30.38909198761898], [-95.67942922244733, 30.38786478728317], [-95.67790753166479, 30.387612027114614], [-95.67639724118168, 30.387325937515023], [-95.66475221475847, 30.38512806765125], [-95.6608164426557, 30.384313028227687], [-95.65942392269241, 30.38405810775693], [-95.65619078095081, 30.38349949696047], [-95.65455387940486, 30.383184207852583], [-95.6540273994491, 30.383068428103226], [-95.65325773913354, 30.382872416959167], [-95.65274826918639, 30.38272716710928], [-95.6520586479299, 30.382505347391923], [-95.65137956778652, 30.38225816783875], [-95.65059608717897, 30.381935167294795], [-95.64973457700086, 30.381531207443274], [-95.64906074671171, 30.381183127122295], [-95.64271098319864, 30.377610255898126], [-95.64085828154774, 30.376522435454863], [-95.6359421991294, 30.37375584491701], [-95.6350532785412, 30.373287525179876], [-95.63461086853532, 30.3730734248466], [-95.63380608795045, 30.372718634469212], [-95.62713763415283, 30.36985756404096], [-95.6248149532447, 30.368795053375507], [-95.62367558222638, 30.368292063793476], [-95.62176092114521, 30.367493883543055], [-95.62026833981305, 30.36691213364455], [-95.61900726957147, 30.366447373590308], [-95.61074265531903, 30.3635424826241], [-95.60057863017147, 30.36005021195972], [-95.59393203630566, 30.357698691579042], [-95.5931041165615, 30.35742361130831], [-95.59045523444922, 30.356603171159055], [-95.58910645291579, 30.356141440668676], [-95.58741985317313, 30.35553346128616], [-95.58499577060017, 30.35456912099049], [-95.58373834119575, 30.35409161066256], [-95.55786224622526, 30.344920248970663], [-95.55359016470906, 30.343409828227426], [-95.55287422393225, 30.343175067931877], [-95.5514589735104, 30.342795758227364], [-95.55102063290678, 30.342699258420105], [-95.55021250293927, 30.342551418441694], [-95.54934740254062, 30.342428748604373], [-95.54859676123799, 30.34235084865259], [-95.54816662061248, 30.34231550855705], [-95.54739841015298, 30.342283378985954], [-95.54581932074227, 30.34228674875612], [-95.53176080363352, 30.342565840285292], [-95.53103137256373, 30.342566110099952], [-95.53022242271578, 30.342541730358295], [-95.52893777176081, 30.34243305037436], [-95.52775758168855, 30.342267549585667], [-95.5263371310203, 30.341961560212585], [-95.5254858394602, 30.341731709587826], [-95.5246914388554, 30.341479079908055], [-95.5238190581761, 30.341157979925082], [-95.52273586796025, 30.340693649303628], [-95.5218915381824, 30.34027474997698], [-95.52125878833759, 30.33992447905781], [-95.52079446722871, 30.339642520002663], [-95.52008713675572, 30.339181209844526], [-95.51795122552436, 30.337650458928792], [-95.51620389401441, 30.33643551811823], [-95.5114374118781, 30.333261057598182], [-95.50844074024552, 30.331269776473626], [-95.50791054976938, 30.33092812666484], [-95.50741956029545, 30.33063807698417], [-95.5067262385166, 30.330256255913838], [-95.50611231890663, 30.329955046397444], [-95.49856341520552, 30.32665831587448], [-95.49666435330336, 30.325865405652348], [-95.49524670211846, 30.325273475923776], [-95.4940625321633, 30.324733345351213], [-95.49222898193986, 30.323946704794253], [-95.48583710729417, 30.321143814155093], [-95.4817321154087, 30.319372633828525], [-95.48144754456536, 30.319235394198163], [-95.47424225159612, 30.31609334307379], [-95.47272639022509, 30.31543803244043], [-95.47166648924473, 30.315007472869677], [-95.4715451002435, 30.314948683160654]]}, "properties": {"OBJECTID": 73, "Road_Category": "State", "Shield_Category": "State", "Route_No": "105", "Route_Name": "SH 105", "Tollway_Owner": null, "Shape.STLength()": 116096.9684709906}}, {"type": "Feature", "id": 74, "geometry": {"type": "LineString", "coordinates": [[-94.74212994781425, 30.246975367264056], [-94.74137300743514, 30.244029335306227], [-94.74123587633838, 30.243428175087818], [-94.74104948640247, 30.242293834457026], [-94.74100121657516, 30.24183103468161], [-94.74096492636522, 30.24122494467858], [-94.74073407483722, 30.231589741087795], [-94.74070256568208, 30.229734579745077], [-94.7407401956024, 30.228863488890614], [-94.74079858591652, 30.22829804896244], [-94.74094537510233, 30.227376248533645], [-94.74113176578011, 30.226546058116114], [-94.74284572527687, 30.22014308558331], [-94.74313094555191, 30.219047435336616], [-94.74333899569008, 30.218142614896646], [-94.74454141592994, 30.21178437229724], [-94.7446240957933, 30.211179742647886], [-94.74469710656555, 30.21033976095234], [-94.74471323589097, 30.209834371573912], [-94.7447157554849, 30.207502461213913], [-94.74470006514493, 30.206704210691854], [-94.74468013373429, 30.189334393384772], [-94.7446453140068, 30.18877659206629], [-94.74456792383815, 30.188064302968318], [-94.74448636442564, 30.18752776207474], [-94.74439514393093, 30.18706820247078], [-94.74386341313252, 30.184856140902824], [-94.74015027947404, 30.169946415211427], [-94.73993820987118, 30.1689052641507], [-94.73982874997877, 30.16811886478231], [-94.73975859965445, 30.16721199455748], [-94.73970116911323, 30.16615525343014], [-94.73919243807862, 30.15661743984343], [-94.73797253537128, 30.133739071239052], [-94.73721978367223, 30.119946765318875], [-94.73720195343554, 30.119449845396677], [-94.73720848429556, 30.11906877492498], [-94.73723528416275, 30.11870011394013], [-94.73729631346622, 30.1182407148419], [-94.73735632297772, 30.11790996377962], [-94.73746612370664, 30.117479804309205], [-94.73767342418991, 30.116861193704782], [-94.73796898377962, 30.116194283386474], [-94.7381692237489, 30.11583059296968], [-94.73824070369666, 30.115703063124307], [-94.73837110424718, 30.115497723575327], [-94.73875019383888, 30.114958243215288], [-94.74454660649711, 30.107216889074685], [-94.74510332624334, 30.10639273829766], [-94.74651220764758, 30.104251397826395], [-94.74690287676273, 30.103632267974238], [-94.74747327750808, 30.102792556602186], [-94.75223004915863, 30.0955635042884], [-94.75258788007298, 30.09506607409142], [-94.75282368924961, 30.094773323295275], [-94.75306845998145, 30.094503043321957], [-94.75349066955398, 30.094081143665417], [-94.75372024916977, 30.093877163702906], [-94.75440783957798, 30.09333986244423], [-94.75896964192663, 30.090154461583648], [-94.7590885221239, 30.090072591118513], [-94.76202826317588, 30.08800063949765], [-94.77170053778853, 30.08098095634604], [-94.7724044482868, 30.080411076786092], [-94.77276963756258, 30.08013942654961], [-94.77349436863722, 30.07964546556971], [-94.77439196862993, 30.07910698580587], [-94.77300270858743, 30.076453354442293], [-94.77209829657933, 30.07455897396882], [-94.77186691765351, 30.07396695411876], [-94.77168327707282, 30.0733974239194], [-94.77152812623495, 30.072778923740707], [-94.77143517650393, 30.07227455327095], [-94.77135905677268, 30.07162647310727], [-94.77132640673872, 30.070953092854126], [-94.77125293639747, 30.062354979366066], [-94.77118991576792, 30.060088777571906], [-94.77124426568844, 30.059690807970316], [-94.77134771597909, 30.05893340718773], [-94.77153404585549, 30.05801040668401]]}, "properties": {"OBJECTID": 74, "Road_Category": "State", "Shield_Category": "State", "Route_No": "146", "Route_Name": "SH 146", "Tollway_Owner": null, "Shape.STLength()": 73791.3265377155}}, {"type": "Feature", "id": 75, "geometry": {"type": "LineString", "coordinates": [[-96.18709291711262, 30.129243935537513], [-96.18578253695462, 30.12937269777459], [-96.18134361402713, 30.1297740483795], [-96.17918193298067, 30.129856708104604], [-96.16371147571691, 30.13010787903294], [-96.15349524917642, 30.130263179737558], [-96.15110813804418, 30.130301029951166], [-96.14298382547453, 30.130218980865113], [-96.14229306506122, 30.13020858068307], [-96.14162735441154, 30.130177850531936], [-96.14092616345461, 30.130124961011177], [-96.14025006332824, 30.130051750644753], [-96.13953844258083, 30.129956370534956], [-96.13887614244646, 30.129841400745967], [-96.1382151014255, 30.129694850965368], [-96.13751774160386, 30.129547191143732], [-96.13691767178518, 30.129391951012902], [-96.1318629689963, 30.12814215068866], [-96.12619667668547, 30.126725950637983], [-96.11049493787202, 30.122854300058595], [-96.1026900737925, 30.120891279639597], [-96.09985700196104, 30.120218679806356], [-96.09607660988459, 30.119259469575322], [-96.0867254755649, 30.116948329150187], [-96.08399779548307, 30.116260587231398], [-96.0837731639744, 30.116203949466982], [-96.08060293140511, 30.115452779410358], [-96.07838335088461, 30.114878419649365], [-96.07582258844319, 30.11434618860417], [-96.07488283836676, 30.114201249761877], [-96.07406285863827, 30.114091619545828], [-96.07333717776991, 30.11404813884661], [-96.07207003697499, 30.113903609561742], [-96.07091059691174, 30.11379400977738], [-96.06970271648039, 30.113682909574216], [-96.06411313354204, 30.11309897977935], [-96.05957274132668, 30.112652720069896], [-96.05849808064906, 30.112545639557133], [-96.05724612965143, 30.11232764982267], [-96.05660953890927, 30.112181420256405], [-96.05616019974113, 30.112040789929516], [-96.05556003895265, 30.111859599173812], [-96.05505312893766, 30.111700990156162], [-96.05456357800523, 30.111508569688365], [-96.05398022811642, 30.11125661899241], [-96.05350909819845, 30.11101808956021], [-96.05299343732044, 30.1107967093727], [-96.05249560700348, 30.11050431994387], [-96.05198704586033, 30.11019339963967], [-96.05150227637135, 30.10989374936719], [-96.05101924607966, 30.109551988177127], [-96.05053706553187, 30.109189169710692], [-96.05003500490365, 30.10872032910736], [-96.04944130519269, 30.10812214891841], [-96.04874421502339, 30.107383717769242], [-96.04810814477374, 30.1066366475914], [-96.0474824444394, 30.1059320572476], [-96.04594268330281, 30.104166056827474], [-96.04236847116438, 30.10012022603554], [-96.04147192081108, 30.09907857548554], [-96.04008446031764, 30.097627565105025], [-96.03878475916419, 30.09652789480789], [-96.03828626802445, 30.096153774171857], [-96.03755246778161, 30.09563993386444], [-96.03677886774052, 30.095168984158818], [-96.03594927710391, 30.094646404348044], [-96.0352964765647, 30.09422142371854], [-96.03463917687657, 30.09378806439895], [-96.03373840640168, 30.093203093392983], [-96.03241871558365, 30.09239168317429], [-96.03126513502545, 30.091745093397094], [-96.03042081338386, 30.091349802840117], [-96.02960891392684, 30.09105040347947], [-96.02858948338626, 30.090786672874952], [-96.02791721297183, 30.09062864333209], [-96.02712257221856, 30.090498413100203], [-96.02666386232981, 30.090452453060916], [-96.02542950177416, 30.09040334359455], [-96.02376883038627, 30.090404133302922], [-96.02235072036966, 30.090401943153264], [-96.02120153916883, 30.09034491327107], [-96.01963432834756, 30.090137753114153], [-96.0189123584854, 30.09000974358068], [-96.01834686827756, 30.089907713035036], [-96.01763907804812, 30.089721503090843], [-96.01590196606327, 30.08914888271117], [-96.0151714261111, 30.088866713882144], [-96.01330362525495, 30.088013763201776], [-96.00790372214229, 30.085395572360422], [-96.00451089045652, 30.08374368222164], [-96.00242567933584, 30.082756911199667], [-96.00099894807362, 30.082090130863865], [-96.00010422837128, 30.081745771689455], [-95.99895532737625, 30.08139339109142], [-95.9981997564486, 30.08120096136179], [-95.99725006548823, 30.081012960859507], [-95.9965039654503, 30.080884061262385], [-95.99560008530239, 30.08076072102923], [-95.9945084846962, 30.080665101056336], [-95.99302491388497, 30.080605821412036], [-95.9909986528771, 30.08056000157464], [-95.98940199142838, 30.08051517158876], [-95.98643793076715, 30.080450771300086], [-95.98531132955902, 30.08043628179416], [-95.98419861915683, 30.080380061651795], [-95.98292039936824, 30.08022373159757], [-95.9813712477956, 30.079879642206162], [-95.9785630470772, 30.07921110194342], [-95.97717173640896, 30.078861401352846], [-95.97418470459539, 30.0781238617393], [-95.97030862235883, 30.077199961133612], [-95.9598240565943, 30.074622001584068], [-95.95476240418004, 30.073364790484614], [-95.95273422249475, 30.07288915103784], [-95.95039181062997, 30.07239291060973], [-95.94861207118416, 30.072062141647997], [-95.9470959405653, 30.07180301112496], [-95.94587928942067, 30.07162718052599], [-95.9446137984346, 30.071460330774666], [-95.9421653173806, 30.07118192115124], [-95.9401978466864, 30.070992621130024], [-95.93826671512336, 30.070804450989403], [-95.93419957362504, 30.070400381918994], [-95.92734700967839, 30.06966453225002], [-95.92557279907729, 30.0694917317796], [-95.92437818856264, 30.069369111730538], [-95.92260512754882, 30.06912426166937], [-95.921805097015, 30.068984251482448], [-95.92122510674177, 30.068834241346035], [-95.9204971458563, 30.06858055205267], [-95.91956968571036, 30.06819743100566], [-95.91859467561659, 30.06771836095562], [-95.91472572352427, 30.065791560862866], [-95.9133137421044, 30.065082080889184], [-95.91182870038266, 30.064380789790164], [-95.91086365108413, 30.063991349800006], [-95.90784080920956, 30.062977000460084], [-95.89436162175582, 30.05851564915646], [-95.89133868004726, 30.057511438683562], [-95.88959509872853, 30.056924229729734], [-95.88811547898696, 30.056374179166905], [-95.8873894684139, 30.05606608906556], [-95.88662896761178, 30.05571468901445], [-95.88536509713704, 30.0550842484682], [-95.8847566562695, 30.0547264681568], [-95.88324697612687, 30.053760497795764], [-95.87950133370228, 30.051246267633946], [-95.87766222224832, 30.050018816819325], [-95.87393008006606, 30.04751315613051], [-95.86932563811558, 30.044412045455594], [-95.86844168752448, 30.0438351752218], [-95.86715587605836, 30.043023854777196], [-95.86628089557807, 30.042521045106515], [-95.86451614525258, 30.04157816461342], [-95.8628763539399, 30.040829074662323], [-95.86128092278348, 30.040176284227837], [-95.8584435420785, 30.039103514060244], [-95.84882030605263, 30.035532293263802], [-95.84743781593248, 30.03500222370085], [-95.84656920544508, 30.034636512874563], [-95.84563299446907, 30.03415264327197], [-95.8445495348012, 30.033432033341846], [-95.84349664413503, 30.032564831931136], [-95.84251192294289, 30.031501022186443], [-95.84131509212573, 30.029894231552678], [-95.83964873139729, 30.02769533015815], [-95.838708190919, 30.02647336021832], [-95.83814049024316, 30.025875000499603], [-95.83770884986156, 30.02549191973465], [-95.83731165950876, 30.02515211927978], [-95.83666508978541, 30.02470424024561], [-95.83556324864202, 30.024125039164257], [-95.83473014837267, 30.02378148956314], [-95.83422508774186, 30.02358422996915], [-95.83195507605339, 30.022664229110145], [-95.83024508632644, 30.02201422954111], [-95.82851509532796, 30.021294239344524], [-95.82748346420428, 30.02090128925423], [-95.82657497426123, 30.020546779527546], [-95.82437055145759, 30.019646608049477], [-95.82257194139395, 30.0189444585359], [-95.8179167389019, 30.017357697704263], [-95.8166157782284, 30.016865167966177], [-95.8141833367691, 30.015969836968], [-95.81300702614472, 30.015498847139607], [-95.80686052274554, 30.013053626791162], [-95.79910714841269, 30.010096116834255], [-95.79587918685841, 30.008902765884717], [-95.79330408486305, 30.007936246044075], [-95.79038641479244, 30.006771535607026], [-95.78591334148605, 30.005229315443785], [-95.78111469976885, 30.00349770490637], [-95.77778500736686, 30.002239544263567], [-95.77441541568463, 30.000898174560994], [-95.7715500842055, 29.99980816464334], [-95.76897567661206, 29.99884983071828]]}, "properties": {"OBJECTID": 75, "Road_Category": "Federal", "Shield_Category": "Federal", "Route_No": "290", "Route_Name": "US 290", "Tollway_Owner": null, "Shape.STLength()": 144491.95454922144}}, {"type": "Feature", "id": 76, "geometry": {"type": "LineString", "coordinates": [[-95.61554694621981, 29.916888991444203], [-95.6159109070053, 29.91672711092779], [-95.62409888002438, 29.912938079192376], [-95.62469989036684, 29.91264252906407], [-95.625338210207, 29.912297118965068], [-95.62593496100915, 29.911947278012008], [-95.62646146063368, 29.911616068376112], [-95.62700159249722, 29.911241287720138], [-95.62765980229642, 29.910744897263825], [-95.62837530248046, 29.910148898045506], [-95.62870848259884, 29.909846627597755], [-95.629175371742, 29.909401827700187], [-95.62978293255001, 29.908766517248612], [-95.63048904363163, 29.907916816318647], [-95.63103223406867, 29.90718657683458], [-95.63656865633675, 29.898570822281503], [-95.63710630549221, 29.897711151947373], [-95.63749454605279, 29.897139811850437], [-95.63878256598804, 29.8950989307605], [-95.64325965788062, 29.88813001754403], [-95.64363030827367, 29.88747936761857], [-95.64391803828478, 29.886924166971802], [-95.64425437801053, 29.886207376943208], [-95.64443457795629, 29.88576452624781], [-95.6447109077999, 29.88499623632232], [-95.6448771586556, 29.884457415207336], [-95.64509971815939, 29.883557286172728], [-95.64525944779854, 29.882617115377162], [-95.64534158824392, 29.88192501521982], [-95.645393387922, 29.881062404443135], [-95.64539842772864, 29.880547253887173], [-95.64537890764649, 29.879187453683546], [-95.64512755743819, 29.86165357722665], [-95.64505869595442, 29.855851503931948], [-95.64509713631337, 29.85507644355332], [-95.64516951608344, 29.854356633875366], [-95.64542874555238, 29.8522836332133], [-95.64578234642791, 29.84916102156263], [-95.64581456624055, 29.848500551647252], [-95.64581771559, 29.84792078171145], [-95.64581417549088, 29.846790900654867], [-95.64577025517059, 29.84421790955713], [-95.64576974446317, 29.842327529472076], [-95.64573650548787, 29.840725948327357], [-95.64571336467294, 29.837494187026905], [-95.64568585450822, 29.836009436277617], [-95.64569441408635, 29.83549973609963], [-95.64553468247058, 29.81975200895645], [-95.64555217319521, 29.81574292796255], [-95.64556889271367, 29.815041517762396], [-95.6455599718296, 29.814419997604247], [-95.64554575241033, 29.814037077739638], [-95.64548489257884, 29.81328710654465], [-95.64526905159481, 29.811426725844314], [-95.64521660177323, 29.81068319577543], [-95.64518845196649, 29.808517404937355], [-95.64516225216252, 29.808116704945363], [-95.64509255113337, 29.80376470311931], [-95.6450847013776, 29.802099013225206], [-95.64498795077267, 29.796011740126175], [-95.64495221057398, 29.79279472798512], [-95.6449323707506, 29.791008908541528], [-95.64491064951699, 29.79065476776623], [-95.64490514000954, 29.790211467288255], [-95.64490186000116, 29.789948537667204], [-95.64482295004001, 29.784633625103474], [-95.64478880932322, 29.782523174401803], [-95.64468932908206, 29.777839162536377], [-95.6446465881488, 29.777319183088697], [-95.64454138942965, 29.77676186172266], [-95.64434494876105, 29.77608010242244], [-95.64417986732657, 29.775719701358568], [-95.64403974812957, 29.775355541166313], [-95.64343095845544, 29.773915310663103], [-95.64321724751638, 29.7733219213148], [-95.6431371972684, 29.773012521328827], [-95.64304905795935, 29.772565930981504], [-95.64300474751354, 29.772170570610303], [-95.64298551708862, 29.77182468985883], [-95.64299942748085, 29.77135200967934], [-95.64307504825628, 29.77069585017369], [-95.64446743792121, 29.76458111730615], [-95.6445774174981, 29.763920037039625], [-95.64462608792526, 29.763155876908595], [-95.64460418607055, 29.758830964851665], [-95.64458310717737, 29.756631423366844], [-95.64456485727656, 29.75631934409795], [-95.64457766630402, 29.755739463625787], [-95.64454417563059, 29.75108821134224], [-95.64456227616094, 29.744491539482866], [-95.64452364554768, 29.743747789430678], [-95.64426877484712, 29.74155957765887], [-95.6441974547588, 29.74072063765236], [-95.64417013511643, 29.739780586354616], [-95.64414307443901, 29.73721283609557], [-95.64411796528027, 29.736825276666284], [-95.64409414461706, 29.735604706036224], [-95.64408686476413, 29.73473064509474], [-95.64405464469597, 29.73414970451846], [-95.64400547356422, 29.730189393796742], [-95.64396928361133, 29.725403820964008], [-95.64401904420735, 29.72423527062664], [-95.64418892336495, 29.722187179937187], [-95.64424246282807, 29.720850749710387], [-95.64419789301806, 29.717931198858622], [-95.6441473835598, 29.714759837086266], [-95.64405714189282, 29.708712884523337], [-95.64403831233176, 29.707479374100107], [-95.64402629192234, 29.706372143857852], [-95.6439768712048, 29.703454812050733], [-95.64356329983258, 29.67753002171424], [-95.64352802918245, 29.675949021830505], [-95.64322040826742, 29.66579322680363], [-95.64322509845299, 29.665257817177743], [-95.64328003832364, 29.664374296867273], [-95.64338768866081, 29.6635618060563], [-95.64347815842139, 29.663042165752678], [-95.64360384813789, 29.662423715059568], [-95.6438160587161, 29.661626305013886], [-95.64403023762252, 29.66097462520323], [-95.6442765982438, 29.66033413465563], [-95.64476336809477, 29.65927385419739], [-95.64528035909444, 29.658342083578383], [-95.64566410820056, 29.657736434008605], [-95.6460491190398, 29.657183572647895], [-95.64667524833264, 29.656385492501123], [-95.64784686898794, 29.65502240272648], [-95.64852520020686, 29.65419270170865], [-95.64900641980537, 29.653534981637325], [-95.64947589019121, 29.652819510834956], [-95.6497497400301, 29.652354080606816], [-95.65006120059377, 29.651771670902335], [-95.65029969063788, 29.65128587049912], [-95.65055408051909, 29.650712490196625], [-95.65071468072766, 29.65030267016089], [-95.65097812133247, 29.649540810272995], [-95.65120050076416, 29.64875758992498], [-95.65137945134809, 29.647941728579745], [-95.65151716100219, 29.647075308868697], [-95.65158020083301, 29.6464523183906], [-95.65161898041701, 29.645618038318887], [-95.6516132307084, 29.64412040772655], [-95.65150200984101, 29.635794734090535], [-95.65146674974969, 29.634286423523758], [-95.65143318962032, 29.631507612169933], [-95.65139988989755, 29.63056375230845], [-95.65129994890741, 29.629623461744746], [-95.65115525895105, 29.62876993136172], [-95.65042605773252, 29.62580749027149], [-95.65026240821487, 29.624893979840795], [-95.65018203830347, 29.62418963953478], [-95.65013526773848, 29.623552939560778], [-95.65011265807887, 29.622508088223046], [-95.65010135843085, 29.62166509876466], [-95.65004365765945, 29.617360136842713], [-95.65002480780366, 29.615953236119594], [-95.64996172697683, 29.61546899676734], [-95.64987537629464, 29.6150303057161], [-95.64977552666483, 29.61465604610447], [-95.64963287612369, 29.614289575853295], [-95.64949749685081, 29.61399753560955], [-95.64937145685644, 29.613733615100777], [-95.64917334704764, 29.613420864985237], [-95.64902403570679, 29.613202504967944], [-95.64877337633844, 29.612878685116378], [-95.64819625525764, 29.612265514897963], [-95.64779855581698, 29.61190881462989], [-95.64720250464191, 29.61148040373916], [-95.64649119539304, 29.611020214203222], [-95.6420710024813, 29.608346414190038], [-95.64026780200005, 29.607189974041074], [-95.63788810001097, 29.605487372746683], [-95.63775941944803, 29.60539531199417], [-95.63413443780497, 29.602866311825466], [-95.63306664632432, 29.602257341916875], [-95.6319162564212, 29.60180505132518], [-95.62252806217735, 29.598393270183774], [-95.59915451838866, 29.589992028937026], [-95.59684456800503, 29.589163498364353], [-95.59544753707344, 29.588654919157733], [-95.59428335549299, 29.588210818516593], [-95.59332121558478, 29.587738658788194], [-95.59238231467862, 29.587197098350686], [-95.59147911461395, 29.586516028235522], [-95.59050497378342, 29.585845607315193], [-95.57458997467077, 29.57489028474293], [-95.57311422479943, 29.57388766422613], [-95.57036001258021, 29.571951663178954], [-95.56973134160083, 29.57145187335035], [-95.56908806202618, 29.570868982857263], [-95.5686494325505, 29.57042420267826], [-95.56832135144091, 29.570059433392835], [-95.56476082929379, 29.565999810660426], [-95.55252656186562, 29.55204284650419], [-95.55212530137062, 29.55148908678706], [-95.55179339110673, 29.550953796310168], [-95.55001736021659, 29.54801868556795], [-95.54908045907224, 29.5464039942724], [-95.54748385853833, 29.543867572879098], [-95.54653450750602, 29.54232119257971], [-95.54620768802315, 29.54189539325445], [-95.54604717670509, 29.541716692362694], [-95.54581745699782, 29.5414951226278], [-95.54536351715103, 29.54112482264279], [-95.5449347563659, 29.5408492926221], [-95.54437031725362, 29.540566872244604], [-95.54387326580975, 29.54038197143136], [-95.54335395571823, 29.54023912208853], [-95.54278933551028, 29.540146142665236], [-95.54247390528698, 29.540117412350426], [-95.54215775490525, 29.540107232496922], [-95.5392085443695, 29.54012293260721], [-95.53863722310668, 29.540101672871124], [-95.5381238737183, 29.540057002372908], [-95.53769191350189, 29.539998621737098], [-95.53718939319036, 29.539905532270158], [-95.53670101262152, 29.53978886275355], [-95.51174212986909, 29.532373400856205], [-95.5109574088237, 29.53213252187053], [-95.51001145849322, 29.531855850820147], [-95.50948301848268, 29.531700710866286], [-95.50815246748776, 29.531296831280653], [-95.50676180641425, 29.530874701250823], [-95.50642989403447, 29.53075899139186]]}, "properties": {"OBJECTID": 76, "Road_Category": "State", "Shield_Category": "State", "Route_No": "6", "Route_Name": "SH 6", "Tollway_Owner": null, "Shape.STLength()": 171297.1814156485}}, {"type": "Feature", "id": 77, "geometry": {"type": "LineString", "coordinates": [[-95.25873097151428, 29.77477528806453], [-95.25866975097304, 29.774785857320495], [-95.25830992155619, 29.77485018741149], [-95.25797603139513, 29.774945397919506], [-95.257215690245, 29.775178587990908], [-95.25697789066682, 29.775269457673268], [-95.25680945034873, 29.775346928470796], [-95.25666842084632, 29.77542541837642], [-95.25643426045062, 29.775584197955897], [-95.25597779974449, 29.775897218159443], [-95.25557605962459, 29.776239778979658], [-95.25496463971034, 29.776875508994948], [-95.25454422901842, 29.777362399785254], [-95.25358988806808, 29.778468340004682], [-95.25209219807775, 29.780181169513497], [-95.25144595747919, 29.780931609850022], [-95.25081784810276, 29.78160766090547], [-95.25040907754475, 29.782008480967562], [-95.24970418684191, 29.782659741157055], [-95.24894647672018, 29.783280371606526], [-95.24840602643228, 29.7836690023286], [-95.24744116662632, 29.784301482487805], [-95.24594728528267, 29.78523309298546], [-95.24385062481952, 29.786539473078154], [-95.24168142387845, 29.787893064289054], [-95.24017284201403, 29.788856985042095], [-95.23839030261045, 29.789955644742502], [-95.23736449119284, 29.790600865626796], [-95.23680396096384, 29.790914225811658], [-95.23639641094549, 29.79112405566957], [-95.23513373121989, 29.79179669696426], [-95.2337617904951, 29.792517005956526], [-95.23209033867903, 29.793388656673912], [-95.23094912925812, 29.793991966977714], [-95.2293308677083, 29.79483581827078], [-95.2282507278628, 29.79545217826713], [-95.22733956729402, 29.79606411913445], [-95.22651413639637, 29.796690058944723], [-95.22584611636103, 29.797228689089426], [-95.22468044585635, 29.798390999364514], [-95.22362306573865, 29.799460549805254], [-95.22164592420788, 29.80147917062669], [-95.21996787414218, 29.80319309167487], [-95.21831171310416, 29.8048791029429], [-95.21679480228418, 29.806412373025147], [-95.21550805185802, 29.807620413922756], [-95.2137627717622, 29.809459694868792], [-95.21096820015606, 29.812242045740543], [-95.21007320979982, 29.81322982680272], [-95.20971928974518, 29.81369456752411], [-95.20883788955507, 29.814929677827983], [-95.20813533873273, 29.815976628065545], [-95.20785166868036, 29.81638238851021], [-95.20764872768653, 29.81665475833041], [-95.20742562835846, 29.817001768056688], [-95.20709474891882, 29.817397249392734], [-95.20640770815984, 29.818097829083683], [-95.20578401792189, 29.81863432866759], [-95.20522301731181, 29.81906908009233], [-95.20472009763047, 29.8194126893617], [-95.20443440797136, 29.819610119367812], [-95.2039817066611, 29.819881200040818], [-95.20325715615137, 29.820265699762768], [-95.20261627686523, 29.820568170192992], [-95.20119528551855, 29.821239640282307], [-95.19842455500851, 29.822556511040528], [-95.1956800131409, 29.823859672108252], [-95.19454291244145, 29.824404562242083], [-95.19161111067523, 29.825755802722554], [-95.18901361966176, 29.82689594355761], [-95.186949809674, 29.827800564133874], [-95.17976576460141, 29.830921375278052], [-95.17653232388176, 29.832338687108972], [-95.17585534979253, 29.832632359728585]]}, "properties": {"OBJECTID": 77, "Road_Category": "Federal", "Shield_Category": "", "Route_No": "90", "Route_Name": "US 90", "Tollway_Owner": null, "Shape.STLength()": 34256.20767270379}}, {"type": "Feature", "id": 78, "geometry": {"type": "LineString", "coordinates": [[-94.8334521407579, 29.289236554808507], [-94.83472124122997, 29.288893555234356], [-94.83536750109506, 29.288754955154648], [-94.83604448151674, 29.28867067491121], [-94.83682055192264, 29.28861991501531], [-94.83766370247946, 29.28857190534321], [-94.83834988298796, 29.288568174968045], [-94.83910383375449, 29.28855214461762], [-94.84005944349505, 29.288540254775388], [-94.8412439341343, 29.288530334403053], [-94.84246206510635, 29.288584064194353], [-94.84379941509007, 29.288665354749753], [-94.84530951642914, 29.28876433406319], [-94.84634940660365, 29.288805493735403], [-94.84680801748983, 29.288812513946862], [-94.84732484785488, 29.28881410440561], [-94.84793691753103, 29.28878442431473], [-94.8485894179783, 29.288748574726448], [-94.84915381819536, 29.288693503791986], [-94.85017420886086, 29.288559753817985], [-94.85099189924836, 29.28840136370704], [-94.85157336922904, 29.28827665389182], [-94.85215162929128, 29.28812838380498], [-94.85276690078624, 29.287954273192376], [-94.85795696189432, 29.286248532258856], [-94.85920255368225, 29.285830391990288], [-94.8596908935396, 29.285701322692425], [-94.86020685431286, 29.28558579197577], [-94.86067909352907, 29.285493302626495], [-94.86120653414608, 29.285427891531544], [-94.8616909447956, 29.285373132417288], [-94.86218882422793, 29.2853313513464], [-94.86272711463361, 29.285328451789436], [-94.86301690452696, 29.2853291522033], [-94.86334128439063, 29.285346271364407], [-94.86378509580909, 29.28537997127146], [-94.86424565554563, 29.285433890992724], [-94.86474197624821, 29.28552224177026], [-94.86521218675682, 29.285609971579046], [-94.86572662690641, 29.28574030121026], [-94.86626206619474, 29.28589491187511], [-94.8667075369974, 29.28606540155596], [-94.86718430706716, 29.28625832129703], [-94.86835215843351, 29.286815951261335], [-94.86939249866752, 29.287425632205025], [-94.87120553977776, 29.288362371982615], [-94.87377947086152, 29.289777033050886], [-94.8769062225427, 29.29131965315403], [-94.87926116470902, 29.29245833351686], [-94.88515622681138, 29.295290204876757], [-94.88875694887722, 29.297081894989862], [-94.8902151198934, 29.297881884922266], [-94.89178260177053, 29.298646955165008], [-94.89358618197741, 29.299502275425144], [-94.89657545359182, 29.30097672620717], [-94.89950251540048, 29.302423755995967], [-94.9008289554168, 29.303060996437683], [-94.90303166722697, 29.304006806916835], [-94.90365871752633, 29.30431722706689], [-94.90447926890444, 29.30482896753433], [-94.90483765764264, 29.305083317581424], [-94.90508071769305, 29.30530518698483], [-94.90533908841964, 29.305652067132296], [-94.90557039861802, 29.305986868031464], [-94.90606099943446, 29.3067787977575], [-94.90718526026899, 29.30860337884671], [-94.90751495959965, 29.30914429830862], [-94.90776584073157, 29.309530168419315], [-94.90805361101158, 29.309962339374604], [-94.9084330106049, 29.31047737969145], [-94.90874566128969, 29.31086602998207], [-94.90914010088508, 29.3112860400246], [-94.90981047193746, 29.311930289878145], [-94.91018077137068, 29.312240059898258], [-94.912820032732, 29.31433553102459], [-94.9230042895807, 29.32237632305342], [-94.92877821310739, 29.32697216558143], [-94.93115389335559, 29.328681586029397], [-94.93376729529483, 29.330723295606365], [-94.93477531651173, 29.33149624683963], [-94.93660756724158, 29.332960996655174], [-94.93885666846884, 29.334872017602336], [-94.94853750454266, 29.342538620028165], [-94.9516384954308, 29.344987680447964], [-94.95213842539702, 29.3453639215126], [-94.95260149656099, 29.34568920140586], [-94.95309375712965, 29.34599586055356], [-94.95367568703197, 29.346316000858774], [-94.95423448659474, 29.34660278098414], [-94.96964179564264, 29.353338472768115], [-94.97963679141547, 29.35772451408149], [-94.98314990337305, 29.35926187480073], [-94.98443581343356, 29.3598424051056], [-94.98513398440235, 29.360211544947205], [-94.9856382148392, 29.360508644421692], [-94.98603611488339, 29.360786684389673], [-94.98640635516261, 29.361053725220042], [-94.98830398658517, 29.36258372620697], [-94.99249780841896, 29.36597947729045], [-94.99766157205148, 29.370153888206357], [-95.00359393490402, 29.374938610336745], [-95.00583247599835, 29.376764270514187], [-95.00789463725599, 29.378428401260933], [-95.00825279848614, 29.3787148213305], [-95.00956304785578, 29.37979805141375], [-95.01275376997937, 29.38238344185754], [-95.01354312101665, 29.383027862596933], [-95.01419769122573, 29.383615103202338], [-95.01475158136995, 29.38413440283736], [-95.0196765040618, 29.389136264852603], [-95.02073343532666, 29.390255434488687], [-95.03026984081552, 29.39990410886412], [-95.03299004254366, 29.402694718971823], [-95.0369218839853, 29.406673330394224], [-95.03813898591545, 29.40792731071011], [-95.03947241663894, 29.409282621492267], [-95.0402089963778, 29.41004225205846], [-95.04089911682125, 29.410733042694844], [-95.04122983767505, 29.411064093058936], [-95.04920697222451, 29.419203004766214], [-95.05321902395781, 29.423245016421696], [-95.0560781257163, 29.42617697725563], [-95.06046226953143, 29.430625248861094], [-95.06392713056856, 29.434133330551244], [-95.06842433423637, 29.4387174125328], [-95.0689284438724, 29.439251651550116], [-95.06940021457055, 29.43975494272939], [-95.06980604462397, 29.440221022558486], [-95.07062136568386, 29.44119291272589], [-95.07249833580896, 29.443517353394352], [-95.07700657912078, 29.449083676322378], [-95.08016810099139, 29.45298440733725], [-95.082173972894, 29.45546909770382], [-95.08496108432304, 29.458900419763857], [-95.0878971759213, 29.462537380435595], [-95.09075602676259, 29.466065651804847], [-95.09352205914169, 29.469460102470315], [-95.09482040987206, 29.471106133694853], [-95.09516653041025, 29.471551103091], [-95.0954558799976, 29.4719647338105], [-95.09572263000518, 29.472390124043283], [-95.1069973278504, 29.491210231312657], [-95.10710331791462, 29.49138711155922], [-95.10973806930723, 29.495802202341334], [-95.11370460237772, 29.502422075411232], [-95.11412251346803, 29.5031061755963], [-95.11705201495023, 29.50802682714229], [-95.1217642777777, 29.515850020141006], [-95.12222752849907, 29.516665180317045], [-95.12278916939073, 29.51771736046336], [-95.12351068841278, 29.519011211276244], [-95.12418835973857, 29.520133331994174], [-95.125339270173, 29.522056062475553], [-95.12562281054767, 29.52252883246086], [-95.12604555048568, 29.523236723073534], [-95.12624848037629, 29.523562773772774], [-95.12649801124498, 29.52392853267366], [-95.12664858066812, 29.524146873282344], [-95.12692273162547, 29.524519322862606], [-95.12727185185294, 29.524968193716056], [-95.12770757106499, 29.525497363674038], [-95.12808585198842, 29.525915183494092], [-95.12856049246697, 29.52641163434294], [-95.12954804290443, 29.527445654096358], [-95.13071930367506, 29.52863522527647], [-95.13116984372964, 29.52911975487793], [-95.13139318455669, 29.529348935245295], [-95.1319929939452, 29.529959325879528], [-95.13256519431508, 29.53055484594037], [-95.13542184655938, 29.53362051697989], [-95.1361126766733, 29.534365347802606], [-95.13661030794998, 29.534940067304436], [-95.13705248773411, 29.535457506567607], [-95.13739362787179, 29.53585132676578], [-95.13794380840295, 29.536442208284136], [-95.13973731937466, 29.538356668592186], [-95.14160953039985, 29.540374999362783], [-95.15121241623866, 29.5504145326127], [-95.15412209779296, 29.553440293600858], [-95.16147341210471, 29.56111864643868], [-95.16263957339305, 29.562355666383652], [-95.16388134369761, 29.563778626411874], [-95.16583909486401, 29.566050267392875], [-95.1689239371848, 29.569666188904264], [-95.17288737921014, 29.574280381133853], [-95.17878230257014, 29.58114508260725], [-95.1805705340939, 29.58319726379649], [-95.18107993432659, 29.583765874104774], [-95.18183128472998, 29.584477274299626], [-95.1825679146899, 29.585143595075657], [-95.18432412591052, 29.58666438534589], [-95.18771575764633, 29.589644066357383], [-95.18956577961187, 29.591258116817272], [-95.19065036939185, 29.592214696523918], [-95.19214844126701, 29.59350857782402], [-95.19314674072076, 29.594461238272764], [-95.19771818391642, 29.59900855968043], [-95.19947944478103, 29.600736460172417], [-95.20396442753974, 29.60513616123247], [-95.20552608890758, 29.606513661978024], [-95.20918506042001, 29.609841703228664], [-95.21048140144475, 29.611050934119007], [-95.21243692332004, 29.612836853921582], [-95.2145924740119, 29.61477539483106], [-95.21604889500539, 29.61614627499896], [-95.21844442629227, 29.618271705932486], [-95.22340060912218, 29.62279883731207], [-95.2288041422515, 29.627726719781023], [-95.23616373658811, 29.634379121511813], [-95.24230446082537, 29.640011633658727], [-95.24368846083165, 29.641327454163545], [-95.24444334261678, 29.642181254569998], [-95.24486662163476, 29.642713344104042], [-95.24542891271525, 29.643498904641728], [-95.24590322298705, 29.644203204822553], [-95.24646407304894, 29.64506203547869], [-95.24770385460508, 29.64694958570273], [-95.24962105594196, 29.64982256659936], [-95.25139248618362, 29.652514487462767], [-95.25201783746125, 29.653467328828924], [-95.25378767731236, 29.65616149922875], [-95.25781138072446, 29.662251021378868], [-95.25840419102488, 29.66317883216874], [-95.25963520202437, 29.66501766189441], [-95.26102481289658, 29.66712288332578], [-95.26237186342166, 29.669177174220614], [-95.26268985332752, 29.6696599437523], [-95.26409441456066, 29.67166478472309], [-95.26463843481952, 29.672335085049536], [-95.26520490488404, 29.672926485551326], [-95.26737625623247, 29.675153485984755], [-95.27314587017236, 29.68101225824888], [-95.27668777165009, 29.684474229322813], [-95.27765174271875, 29.68547582986679], [-95.27995914433362, 29.687816040752786], [-95.28287510587332, 29.690741082027284], [-95.28434990656712, 29.692294112108556], [-95.28572626749082, 29.694042362661534], [-95.28691268818689, 29.695404873681984], [-95.28878965897347, 29.697238434318695], [-95.29071542081145, 29.69878609430109], [-95.29176961107899, 29.69956861517431], [-95.29215889120434, 29.699821514848857], [-95.29257682175778, 29.700145594555345], [-95.2955831832407, 29.702064114778768], [-95.30154177625036, 29.705892926380862], [-95.30447549869997, 29.7078811076788], [-95.31078409189814, 29.712112738428903], [-95.31296025316414, 29.71359078907607], [-95.31538043391055, 29.715138239858682], [-95.3185950961382, 29.717193239431516], [-95.32069262761992, 29.718356839987724], [-95.32366602934842, 29.719897930365025], [-95.32583045988929, 29.72104533098346], [-95.32873399269201, 29.722874871196737], [-95.33225722429397, 29.725121482970113], [-95.33492255489708, 29.72682030242679], [-95.33665983721562, 29.727951833368852], [-95.3376496170763, 29.728593813852193], [-95.33841367745715, 29.72908249313647], [-95.33935640794071, 29.72968535357297], [-95.34061027889453, 29.73050588360662], [-95.34210475963707, 29.73166394484147], [-95.34361470070525, 29.7328545148153], [-95.34511062130375, 29.734037694456212], [-95.34605490249251, 29.734730914993328], [-95.34738364304837, 29.735584515848032], [-95.350996685448, 29.737875835927632], [-95.35256894586979, 29.738877246132198], [-95.35327468617014, 29.739326396405875], [-95.35610413777958, 29.741152537446784], [-95.35684063847151, 29.741634717305494], [-95.3587845094723, 29.742829057761288], [-95.35945315991832, 29.74318998707548], [-95.36074465079253, 29.743767297830107], [-95.36265986103197, 29.744534407961424]]}, "properties": {"OBJECTID": 78, "Road_Category": "Interstate", "Shield_Category": "Interstate", "Route_No": "45", "Route_Name": "IH 45", "Tollway_Owner": null, "Shape.STLength()": 243805.3636388646}}, {"type": "Feature", "id": 79, "geometry": {"type": "LineString", "coordinates": [[-95.36265986103197, 29.744534407961424], [-95.36317220253763, 29.744753738843652], [-95.36585303347405, 29.74615611889422], [-95.37253699762255, 29.750194429482324], [-95.37299869646132, 29.75049824970244], [-95.37337007778538, 29.750793830230364], [-95.37365679833314, 29.751081370982593], [-95.37389775760732, 29.751377129837245], [-95.37414225807677, 29.751717540605917], [-95.3742687182492, 29.751975340842854], [-95.37444684843766, 29.752342160525906], [-95.37457529893021, 29.752737720653542], [-95.37463536840423, 29.753140670965717], [-95.37466335787894, 29.753502870652486], [-95.37470012851755, 29.754375281287153], [-95.37471776962828, 29.757571793534037], [-95.37459071911086, 29.75844783335665], [-95.37453146942188, 29.7587375827836], [-95.37448141855731, 29.758953453254207], [-95.37437992929259, 29.75929608333102], [-95.3742567289839, 29.759736873847825], [-95.37414415832995, 29.760074143520054], [-95.37394777934615, 29.760618884010498], [-95.37366208801436, 29.761140073961187], [-95.37342072866747, 29.761442964719016], [-95.37285667812932, 29.7619715554259], [-95.37245657821131, 29.762273594788514], [-95.3720241878657, 29.762539824689146], [-95.37128017795989, 29.762918355397435], [-95.37071899696794, 29.763150185290936], [-95.37003514719538, 29.76345669467741], [-95.36918970649559, 29.763821615394164], [-95.36866929609772, 29.764089855698355], [-95.36824633669748, 29.76433632534647], [-95.36791604564725, 29.76460131608145], [-95.36764755582354, 29.76487847657482], [-95.36740688618748, 29.765166526751], [-95.36726600548455, 29.76538402683296], [-95.36690352548942, 29.766083236468422], [-95.36682174569593, 29.76633495714892], [-95.36587886561703, 29.76837224724057], [-95.36558712577079, 29.769090877937586], [-95.36550154533865, 29.769447387985778], [-95.36544251542132, 29.76975877801941], [-95.36547506462296, 29.770614999123406], [-95.36569375500058, 29.77137504880253], [-95.36632436605626, 29.772483779213577], [-95.36720527691821, 29.773890410210175], [-95.3681440262371, 29.775501920182307], [-95.36846644723599, 29.77611262077774], [-95.36863064681648, 29.77658839091242], [-95.36871968779248, 29.77709630181163], [-95.36874905708525, 29.77754762181295], [-95.36871315824835, 29.778649631958938], [-95.36853378764668, 29.779703161916125], [-95.36839765738263, 29.78119885298968], [-95.36849284748449, 29.782899323683477], [-95.36862081795046, 29.783554514048156], [-95.36875542838098, 29.78399385385541], [-95.36890508770574, 29.784358943898543], [-95.3691819788289, 29.784853843896748], [-95.36939484860929, 29.785169614578198], [-95.36987702949816, 29.78589119465182], [-95.37135595002671, 29.78811192530954], [-95.37154574976637, 29.788549105916605], [-95.37166537039612, 29.788908445732048], [-95.37173339974683, 29.78923901571021], [-95.37176385008422, 29.789521445990722], [-95.37180258025352, 29.791448306774967], [-95.37176130118219, 29.792241997758307], [-95.37168793024131, 29.79344857734431], [-95.37170108072083, 29.79475950873148], [-95.37173865120809, 29.797625368780245], [-95.37175729137586, 29.79919522055158], [-95.37178128166504, 29.799679040842133], [-95.37183374072431, 29.80016670061993], [-95.37190841082565, 29.800814160093847], [-95.3721211917726, 29.802012761634536], [-95.37260500263453, 29.80442338193264], [-95.37301279186792, 29.80656396246259], [-95.37339480212097, 29.808407223535095], [-95.37360135267235, 29.80913003379174], [-95.37386734300884, 29.809918794129082], [-95.3741897532011, 29.810740424159125], [-95.37510569326109, 29.812971645077386], [-95.3755510039565, 29.814081825811478], [-95.37611508505651, 29.815504746383066], [-95.37675408497772, 29.817015556425343], [-95.3773879053114, 29.818370306729584], [-95.37795904666945, 29.819541167296304], [-95.37838505709492, 29.82038416830484], [-95.37872144637906, 29.821083648634392], [-95.3790886368375, 29.821812298305602], [-95.37942235693782, 29.82256778936319], [-95.3796356870309, 29.823150579109267], [-95.37987509737678, 29.823860548759342], [-95.38012998762656, 29.824813969796725], [-95.38028679768168, 29.825585100155717], [-95.38070220886094, 29.827410940347622], [-95.3808439981151, 29.828011591725023], [-95.38109892883655, 29.82865519156435], [-95.38148018798634, 29.82944053119923], [-95.38188648887564, 29.830096301514565], [-95.38223800915806, 29.830539292184596], [-95.3829294392324, 29.831400202118324], [-95.38515643144041, 29.834192833732285], [-95.38632158233096, 29.83569386416317], [-95.38713111269244, 29.836929453837165], [-95.38854082379669, 29.839070435885365], [-95.39056417387143, 29.842173376149958], [-95.39167393487052, 29.843864677295397], [-95.3928401859455, 29.84554433807292], [-95.39826296934308, 29.85320104009663], [-95.40102858174345, 29.857120302219073], [-95.40185248181203, 29.85834092205497], [-95.40220888161008, 29.858928252060693], [-95.40264981227392, 29.859757982483952], [-95.40779545565881, 29.869900856241582], [-95.40813329562346, 29.870532616636968], [-95.4086113560383, 29.87136467715238], [-95.4090127160455, 29.871995746965823], [-95.40997091797408, 29.873521797482347], [-95.41031055793377, 29.87407413736469], [-95.41051669835288, 29.87446360785682], [-95.41060732719919, 29.87463977837391], [-95.410726627936, 29.874871688570355], [-95.41090585738574, 29.875260048333402], [-95.41100734842314, 29.87555749885708], [-95.41118831885403, 29.876005058236995], [-95.41153174809537, 29.87685987862477], [-95.41162687866607, 29.8772279791678], [-95.41176019877705, 29.877807819721717], [-95.41182860848407, 29.878404219203603], [-95.41188399939722, 29.878835660495866], [-95.41190945901113, 29.87919777031779], [-95.411971608331, 29.879812670054324], [-95.41197376920242, 29.880179659917253], [-95.41210382995648, 29.889153023665173], [-95.41227629079847, 29.898280138252392], [-95.41245933267967, 29.90815172186432], [-95.41251462225242, 29.911662723674205], [-95.41254968232779, 29.9134571235381], [-95.4125904130031, 29.915130304824725], [-95.41260501208521, 29.917543945801373], [-95.41256657258819, 29.918269695061127], [-95.41252101225389, 29.91958416609256], [-95.41240182252685, 29.921049296542197], [-95.41192819370865, 29.928632289829363], [-95.41184935329508, 29.93078965049671], [-95.41188106416723, 29.931783841202012], [-95.41195768309434, 29.93340108235028], [-95.41204174409249, 29.934423032987745], [-95.41220116426007, 29.93530155297644], [-95.4123727636544, 29.93590688258069], [-95.41266357400136, 29.936948643756036], [-95.4132462843717, 29.938561324493925], [-95.41400665569732, 29.940663655210113], [-95.41485195626592, 29.943101016232138], [-95.4161792667365, 29.946818857369323], [-95.41687745720407, 29.94887647754507], [-95.4173178585173, 29.950017288045462], [-95.41762092782139, 29.950915757907282], [-95.41772650798592, 29.95133227899525], [-95.41797868821472, 29.95246338899188], [-95.41814648908199, 29.95367561013662], [-95.41836665892666, 29.95600148104691], [-95.41843741930526, 29.957272001669462], [-95.41851747965077, 29.960771712502307], [-95.41850851994083, 29.96185098302146], [-95.41853441950384, 29.9626092732059], [-95.41857900979592, 29.963177973716686], [-95.41866677983916, 29.963821503930678], [-95.41878997054903, 29.96440723397647], [-95.41908464960659, 29.965630554705744], [-95.41971336052177, 29.96821828547862], [-95.42003900129914, 29.96965780568171], [-95.42034829087437, 29.97087836639808], [-95.42097028241656, 29.97348497757812], [-95.42136315230397, 29.975229438666556], [-95.42171351280146, 29.976944109888446], [-95.42182789261827, 29.97764587892898], [-95.42260005392941, 29.981956720871665], [-95.42291327396981, 29.983499731749088], [-95.4234912046386, 29.986667933140296], [-95.42591800655029, 30.00028099842174], [-95.42767371891924, 30.00974772272512], [-95.42782336814767, 30.01105086242816], [-95.42817387017715, 30.014527724312817], [-95.42887302960709, 30.021371146950848], [-95.42904524112771, 30.023324877165763], [-95.42913988012451, 30.025404038161945], [-95.42924056217065, 30.035896392213104], [-95.42932910307671, 30.03798262424052], [-95.4294971727145, 30.03959177394251], [-95.43010159335498, 30.043388725391893], [-95.43056261362054, 30.046352936664338], [-95.43077746460328, 30.047717666895856], [-95.43101212451886, 30.048883887869746], [-95.43168783387064, 30.052020389250274], [-95.43196155486456, 30.053202869553342], [-95.43235720491475, 30.05517150005102], [-95.43271758605785, 30.057044851812012], [-95.4344667473807, 30.066568004685482], [-95.43517135823532, 30.07029926600257], [-95.43604529863863, 30.074778778031902], [-95.43621082915831, 30.07560607855564], [-95.43646346957057, 30.07699559872883], [-95.43693351946742, 30.079934180011602], [-95.43703589054762, 30.080835470992007], [-95.4370327099908, 30.081424590861285], [-95.43698804951778, 30.081843590710925], [-95.43693394969297, 30.082306720726333], [-95.43683451972593, 30.082723711014637], [-95.43668099978329, 30.083371601251663], [-95.43652355012728, 30.08415513208648], [-95.4355250709235, 30.08849542319247], [-95.43538409007323, 30.089188013811075], [-95.43528262047653, 30.08988697501817], [-95.4352473496755, 30.090390384284383], [-95.43523179003118, 30.091077594621506], [-95.43533117027147, 30.093179065582202], [-95.43545812047219, 30.09553881649191], [-95.43550366133053, 30.09730658697861], [-95.4355100005919, 30.097473627464147], [-95.43555295046178, 30.098575277232392], [-95.43561262106851, 30.10559823037839], [-95.43562182133235, 30.10645477089411], [-95.43562464187958, 30.106747760821893]]}, "properties": {"OBJECTID": 79, "Road_Category": "Interstate", "Shield_Category": "", "Route_No": "45", "Route_Name": "IH 45", "Tollway_Owner": null, "Shape.STLength()": 139134.54483087896}}, {"type": "Feature", "id": 80, "geometry": {"type": "LineString", "coordinates": [[-95.43562464187958, 30.106747760821893], [-95.43562745204629, 30.106989121176664], [-95.43564913157684, 30.107336511901362], [-95.43568267180827, 30.107708812241786], [-95.4357349022335, 30.108047141488086], [-95.43581202255207, 30.108460592213916], [-95.43590120192799, 30.10885962205548], [-95.43605077226506, 30.109305352524675], [-95.43644603176782, 30.110592363115934], [-95.4364900218455, 30.11071899251402], [-95.43726567390979, 30.113084612919238], [-95.43736353349053, 30.11330089357211], [-95.43753876374194, 30.113624913438997], [-95.43768058387289, 30.11391445350955], [-95.43792527332847, 30.11429577396563], [-95.43816360440744, 30.114670474085163], [-95.4383725234925, 30.114945153810602], [-95.44033464581463, 30.117313815110368], [-95.44072861580244, 30.1178870457932], [-95.44095606572141, 30.11825145541684], [-95.44137289569063, 30.119063015335914], [-95.44151816576411, 30.11936013534009], [-95.4416451965208, 30.119692075414832], [-95.44178285592228, 30.12006648666623], [-95.44195703674168, 30.120667276030233], [-95.44216775622587, 30.121624826310548], [-95.44322720733861, 30.126808518578798], [-95.44521410975632, 30.136731052911536], [-95.44648824111454, 30.14311989497983], [-95.44718822081957, 30.146489726287864], [-95.4484546832135, 30.152685308602663], [-95.4487706927906, 30.15406718902312], [-95.4494810934561, 30.157580880819836], [-95.45006254374053, 30.160672331514455], [-95.45041995522418, 30.163349962232303], [-95.4508158650728, 30.16739086461041], [-95.45108763605013, 30.17030995623038], [-95.45184883659992, 30.178288488729653], [-95.45259059767545, 30.185977461477517], [-95.45274181758374, 30.187335532025454], [-95.45283131838873, 30.187920642069972], [-95.45296850801658, 30.18880327306598], [-95.45307558862142, 30.189549292725456], [-95.45320587879198, 30.19028624334241], [-95.45327409908977, 30.190649873631397], [-95.45339122854485, 30.191183484787416], [-95.45560254076923, 30.202168748014284], [-95.45574064084491, 30.202906428641306], [-95.45584816102743, 30.203619598430702], [-95.45593014203007, 30.2043356197344], [-95.4559781113315, 30.20483123953248], [-95.45622716131842, 30.207449680118103], [-95.45668348241803, 30.21237433253264], [-95.45739653321813, 30.22018289618113], [-95.4584718249311, 30.23212230061425], [-95.45854736561319, 30.233073790739716], [-95.458598185517, 30.23356546087662], [-95.45868034607084, 30.234478811713785], [-95.45872416596598, 30.235118661956076], [-95.45874983588787, 30.235615341370476], [-95.4587060655616, 30.23630655169446], [-95.4586946254178, 30.236741022488776], [-95.4586921351863, 30.23683526212779], [-95.45856754668097, 30.239031853235005], [-95.45851955529412, 30.239925733407436], [-95.45846074622423, 30.240396204443805], [-95.45840204595608, 30.240821354195745], [-95.45832710593379, 30.241343873423112], [-95.45826546569401, 30.24168308441182], [-95.45803191626183, 30.24264456460629], [-95.45783779618651, 30.243374884838246], [-95.45769548582945, 30.24397346459946], [-95.45739576523226, 30.24524924544448], [-95.45717046640588, 30.246156575964026], [-95.45702814615811, 30.24684199633076], [-95.45688647547139, 30.24758135633318], [-95.4568213061628, 30.248374637338202], [-95.45680480587623, 30.249512937661756], [-95.45681838633288, 30.25106724748323], [-95.45682104579556, 30.25257646853243], [-95.45680096669444, 30.258058120842012], [-95.45674801732179, 30.265506634020852], [-95.45675051740906, 30.266710334125786], [-95.45670448842723, 30.274907517489194], [-95.45671938885314, 30.275556227583568], [-95.45677318788631, 30.276587328125927], [-95.45684943905472, 30.277144228736496], [-95.45697175829001, 30.2778116191493], [-95.45711919907207, 30.278430428962263], [-95.4572929887702, 30.279094709562592], [-95.4575469990443, 30.279870710496784], [-95.45789707913488, 30.280664969584727], [-95.45832034994484, 30.281503520153535], [-95.45857208002727, 30.28198935996539], [-95.45882447957054, 30.282461210320353], [-95.45909434979875, 30.282905621045778], [-95.4594583706417, 30.283409501384057], [-95.46090903098963, 30.285448171137826], [-95.4615422014869, 30.286405891841103], [-95.46198503226371, 30.28716881301675], [-95.46240301267272, 30.287975373103567], [-95.46260061252208, 30.288378253232764], [-95.46312513324308, 30.289599233195258], [-95.46342649351604, 30.290446233395038], [-95.46384601379654, 30.291703114387747], [-95.46433160446836, 30.29313057461064], [-95.46721841694135, 30.30202587768336], [-95.46764918666716, 30.30328808841723], [-95.46818294653228, 30.30490527867065], [-95.46896758769665, 30.307227069801755], [-95.4692513282645, 30.30806468043576], [-95.46995969835683, 30.310179690601554], [-95.4715451002435, 30.314948683160654]]}, "properties": {"OBJECTID": 80, "Road_Category": "Interstate", "Shield_Category": "Interstate", "Route_No": "45", "Route_Name": "IH 45", "Tollway_Owner": null, "Shape.STLength()": 77442.45445736009}}, {"type": "Feature", "id": 81, "geometry": {"type": "LineString", "coordinates": [[-95.56984617931357, 30.718190826206808], [-95.56984684903632, 30.7181916777635], [-95.56990281867326, 30.718262898984545], [-95.57086543939738, 30.719723178452924], [-95.57203843956921, 30.72147093999567], [-95.57300983139794, 30.72291120007488], [-95.57371335098787, 30.723924270175363], [-95.57419955136275, 30.72455302975689], [-95.57462786267052, 30.725028920811756], [-95.57529411161973, 30.725718971261962], [-95.57616639206003, 30.726519371574426], [-95.58087236504159, 30.73054190273527], [-95.58217711574805, 30.73165846367873], [-95.58288459605185, 30.73223868361994], [-95.58340807718521, 30.732666993190016], [-95.5840743279621, 30.733166673710578], [-95.5861206589808, 30.734499174177085], [-95.5895774605071, 30.73678923430815], [-95.58959034062921, 30.736797663625115], [-95.5942527031446, 30.73984690565283], [-95.60153957697871, 30.744611886620635], [-95.61086869276097, 30.750724118674327], [-95.61128793332895, 30.751008468486162], [-95.61615665614796, 30.75419101959062], [-95.62072064915354, 30.75720901025175], [-95.62610315124596, 30.760714861130452], [-95.63347098625535, 30.76556172266253], [-95.63431104590416, 30.766101602441143], [-95.63844208928383, 30.768811263985803], [-95.63965857001604, 30.769643833599574], [-95.64165907093957, 30.77092592477685], [-95.64357757221208, 30.772180263995867], [-95.64728723439337, 30.77461284518588], [-95.65014675565017, 30.776488945829545], [-95.65599343839004, 30.78031197713797], [-95.66532027367104, 30.78642864840423], [-95.6682920466867, 30.788384559599553], [-95.67049639758801, 30.789869249481637], [-95.67342313921141, 30.791749019815313], [-95.6752553294508, 30.792962551282038], [-95.67627850069519, 30.793676390336913], [-95.67713510041858, 30.794366431518515], [-95.6778727417486, 30.794937500799303], [-95.67863415276699, 30.79562755125332], [-95.6801094328598, 30.797055221836278], [-95.682845804125, 30.799862992647427], [-95.69153084012795, 30.80876217570239], [-95.69406242201805, 30.81140341671404], [-95.69688984345491, 30.814376207574263], [-95.69767099317524, 30.815206617960367], [-95.69807741336803, 30.815639588153132], [-95.69908057449925, 30.816712947741237], [-95.70074567530305, 30.818457588684115], [-95.7016599864562, 30.81943603926019], [-95.70587954868549, 30.823874100367178], [-95.70732105937813, 30.82541585095459], [-95.7081920901147, 30.82632387178979], [-95.71082977090288, 30.82909467205361], [-95.71444452424652, 30.832937773642154], [-95.71539797522257, 30.833940393499145], [-95.71616105543657, 30.834735613675555], [-95.71701745575608, 30.83552819491629], [-95.71782635650283, 30.836192824468878], [-95.72199561869607, 30.83926153541558], [-95.72656365033421, 30.842647836200754], [-95.73215986482182, 30.84679916727355], [-95.73658033770815, 30.850076779683157], [-95.73960997921961, 30.85230279910682], [-95.74179423007767, 30.853932010226504], [-95.74299364091891, 30.85480473068891], [-95.74453954174913, 30.85597040083053], [-95.74542373282205, 30.85659712048827], [-95.74657028301688, 30.85746231129818], [-95.74749003329218, 30.85818785077866], [-95.74806077414513, 30.858677791663244], [-95.748470154063, 30.85905324171422], [-95.74901891425999, 30.85958840154518], [-95.74969143542843, 30.860334442506176], [-95.7514715353477, 30.862524472859356], [-95.75233181642209, 30.86354094318092], [-95.75420612739696, 30.86586041428845], [-95.75731154996465, 30.86969680589363], [-95.76027337136613, 30.87339711691828], [-95.76055704156019, 30.873756876679273], [-95.76153621215816, 30.87494953681476], [-95.76256478320765, 30.87622996743936], [-95.7650643045702, 30.879328128024675], [-95.76969763732822, 30.885075010548658], [-95.77168420860399, 30.887531641179176], [-95.77226258881178, 30.888246941801473], [-95.77257926897852, 30.888637851825337]]}, "properties": {"OBJECTID": 81, "Road_Category": "Interstate", "Shield_Category": "Interstate", "Route_No": "45", "Route_Name": "IH 45", "Tollway_Owner": null, "Shape.STLength()": 89608.19834437735}}, {"type": "Feature", "id": 82, "geometry": {"type": "LineString", "coordinates": [[-95.22894198140476, 30.12970678023128], [-95.22883555723786, 30.13005258434863], [-95.22777234767747, 30.13371811618134], [-95.22667227824861, 30.137250238136353], [-95.22651271767637, 30.13778797790103], [-95.22631836721688, 30.138374328535114], [-95.22614211821036, 30.138817728785448], [-95.2258559770287, 30.139477219372043], [-95.22560947753404, 30.140004159556106], [-95.2252826873299, 30.14059509948632], [-95.22494345756776, 30.141214300527196], [-95.22471839764945, 30.141531389379125], [-95.22385061551896, 30.14281054993742], [-95.21809603423357, 30.151189934381332], [-95.2167728737568, 30.15316371448892], [-95.21582092368931, 30.154677086047137], [-95.21555775411849, 30.155058865940298], [-95.21514016374906, 30.155792186553942], [-95.21240116256281, 30.160042108446056], [-95.21068563206299, 30.162682439314338], [-95.2075967411711, 30.16744929135722], [-95.20719514035012, 30.16804455182739], [-95.20627148996091, 30.169335522971238], [-95.20471582973333, 30.171645693516318], [-95.2034464788258, 30.173525495068834], [-95.19944819656983, 30.179430957181605], [-95.19804309769297, 30.181483007653963], [-95.19608761623762, 30.184405719639496], [-95.19416894565015, 30.187210811116106], [-95.19343813548205, 30.188358021695823], [-95.19266145527128, 30.189660002108894], [-95.19124120445258, 30.19213602244395], [-95.19077401417047, 30.19283646312264], [-95.19002472366887, 30.193917944112084], [-95.18955049358584, 30.19456472441906], [-95.18819421310138, 30.196329463922684], [-95.1875092933999, 30.19725016515739], [-95.18687978280383, 30.198189265753047], [-95.18503036140197, 30.20093440718277], [-95.18388410130984, 30.202655657176667], [-95.18315739156401, 30.20371666751255], [-95.18149899037353, 30.206180959035084], [-95.18069706092109, 30.207390399925746], [-95.18000608986345, 30.20839056019801], [-95.17920653031625, 30.209568081238082], [-95.17835357905348, 30.210820371465793], [-95.17684449891246, 30.21300566166877], [-95.17628967841313, 30.21382859306955], [-95.17504964832627, 30.215651733769697], [-95.17385799778596, 30.217390373821342], [-95.17079262616157, 30.2219433060639], [-95.16943539603513, 30.223927886965473], [-95.16906236610554, 30.224583517754553], [-95.1687126162974, 30.225169647942966], [-95.16838536474401, 30.225747038030494], [-95.1679988864511, 30.226513998351553], [-95.16503829452877, 30.232508391465288], [-95.1632996840299, 30.23600008245932], [-95.16273040458412, 30.237045672341008], [-95.16196948409063, 30.23855603340385], [-95.16163497339255, 30.239166694276257], [-95.16140102378161, 30.239584684190554], [-95.1611167230622, 30.240028704071538], [-95.16080491371554, 30.240471674533723], [-95.16050987395451, 30.240855424143465], [-95.1601567835684, 30.24129682514775], [-95.15941634234602, 30.242093795328422], [-95.15791764194562, 30.243556905773225], [-95.15610168107719, 30.24528605665858], [-95.15496398106775, 30.246520017540785], [-95.1541729406978, 30.247558677732606], [-95.15294016046715, 30.248894028583777], [-95.1521519600295, 30.249875789227065], [-95.15112778854512, 30.251060529482597], [-95.14920388824423, 30.25371036037361], [-95.14859389822986, 30.254672641896263], [-95.14723811784329, 30.2566516421229], [-95.14324795586047, 30.26251671495479], [-95.13891483519271, 30.26881541805253], [-95.13718126423825, 30.27144460915432], [-95.13576303388413, 30.273431819790403], [-95.13466298337923, 30.274799480973986]]}, "properties": {"OBJECTID": 82, "Road_Category": "Interstate", "Shield_Category": "Interstate", "Route_No": "69", "Route_Name": "IH 69", "Tollway_Owner": null, "Shape.STLength()": 60822.49053155843}}, {"type": "Feature", "id": 83, "geometry": {"type": "LineString", "coordinates": [[-96.18778264794477, 28.88423105073766], [-96.188189687947, 28.8841039012806], [-96.18980054942062, 28.883601370810233], [-96.19042858945998, 28.883405439431918], [-96.19135548069376, 28.883080450381186], [-96.19165864014086, 28.88296382017274], [-96.19204017031035, 28.882754499798594], [-96.19231181122541, 28.882600019953024], [-96.19248238978089, 28.882490899096318], [-96.1927114804169, 28.882335129330418], [-96.19304361139338, 28.882098929689203], [-96.19330009113824, 28.881889759916213], [-96.19361406141478, 28.881608129720533], [-96.19391813118858, 28.881327418861712], [-96.19410850154915, 28.88112331930474], [-96.19431232191681, 28.880885699105814], [-96.19462315211443, 28.880511379317202], [-96.19523553213607, 28.87965176843823], [-96.19591963211492, 28.878687558342516], [-96.1964974321795, 28.87790332719478], [-96.19691680209364, 28.877349317483826], [-96.1972941727021, 28.876901596865043], [-96.19782586257736, 28.87637671637012], [-96.19816360273276, 28.87610810649407], [-96.1984956326146, 28.875816996153947], [-96.19974129375339, 28.87504306597562], [-96.20007191427851, 28.874890276306886], [-96.20040242364499, 28.874742026308976], [-96.20115087366239, 28.87447017577191], [-96.20628903631706, 28.872781915438228], [-96.20682142731913, 28.87258496479608], [-96.20686793688287, 28.872567765169972], [-96.20730238720931, 28.872394844872193], [-96.2075678873556, 28.872296554487075], [-96.20783873753088, 28.87218957473723], [-96.20810509809664, 28.872069165009187], [-96.20842660758422, 28.871883603869872], [-96.20872919767486, 28.871657934353397], [-96.20880575792019, 28.871577684050386], [-96.20902049739331, 28.87139763412448], [-96.20915185870668, 28.871206423423743], [-96.20924299851757, 28.871042713896365], [-96.20929485857071, 28.87088354419525], [-96.20935432886215, 28.870695903743744], [-96.20943018810097, 28.870422673311893], [-96.20947974854467, 28.87014932363566], [-96.20950470827961, 28.869889893414737], [-96.20955298854577, 28.86941756298379], [-96.20957413824401, 28.86919551350526], [-96.20959017792215, 28.868682283044905], [-96.20959192753445, 28.868481812573417], [-96.20961579836397, 28.865476111881147], [-96.20967215698803, 28.854941327338974], [-96.2096638867436, 28.8532132665011], [-96.209687096549, 28.85189682639765], [-96.2097500955771, 28.841646821141072], [-96.20974325602255, 28.8409325016776], [-96.20976023622758, 28.84001123172301], [-96.20983228483476, 28.82315188412758], [-96.20988152426976, 28.816785331159668], [-96.20997648315924, 28.796900403864605], [-96.21001938231551, 28.790869580643395], [-96.21001384265762, 28.789810070789876], [-96.21002402211118, 28.788901659605678], [-96.21006984119248, 28.782126477123793], [-96.21013892942206, 28.76552117056558], [-96.21016036020028, 28.76372967987941], [-96.21026992807373, 28.74290470186059], [-96.21031140740224, 28.7354694679618], [-96.21031312732853, 28.73306365757173], [-96.21034003724073, 28.72948835521616], [-96.21036568686938, 28.72865412547721], [-96.21036125738637, 28.725756264490983], [-96.21039413605268, 28.722013182083998], [-96.21042159652151, 28.713843119002398], [-96.21126525642825, 28.713810358574765], [-96.22033483094019, 28.713860208341245], [-96.22232618122344, 28.71385509848439], [-96.2234583723717, 28.71387313844395], [-96.2238452233397, 28.713861637888872], [-96.22619501322994, 28.71388252836216], [-96.22743974426405, 28.71387115875186], [-96.23835768997486, 28.71392854712378], [-96.23903536059181, 28.71391615772967], [-96.2438895930912, 28.713965026731067], [-96.24418655262846, 28.71396928714699], [-96.24450914339519, 28.713997857361754], [-96.2449049730011, 28.714067377091432], [-96.24520608355704, 28.714148487191707], [-96.24555882392765, 28.714290027081308], [-96.24649434505837, 28.71475999730177], [-96.2539743580696, 28.71873205807495], [-96.25549577013172, 28.719525309226185], [-96.2618615323899, 28.722921169481197], [-96.26307430305529, 28.72355282961389], [-96.26369312332972, 28.723830730003073], [-96.26439875429158, 28.72405613041661], [-96.2650910044296, 28.724197940065633], [-96.26566073516985, 28.72425449984455], [-96.26615915456392, 28.724266720694853], [-96.26651842484509, 28.724251590436552], [-96.26689831526389, 28.7242134401395], [-96.26747331642022, 28.72411475923142], [-96.26817251582271, 28.72393209950786], [-96.26875192658035, 28.723699549407606], [-96.26919419704362, 28.723485789807103], [-96.27214895785986, 28.72173800806741], [-96.27285864810011, 28.72137611839816], [-96.27350507918405, 28.721086347827814], [-96.27427531892793, 28.72080026827191], [-96.27533232943392, 28.72048786806076], [-96.27619496944689, 28.720285478172514], [-96.27671997021608, 28.720190757618393], [-96.27752297063334, 28.720076767347], [-96.27844133142644, 28.72000675763491], [-96.27950173157775, 28.719978886798543], [-96.28287748348993, 28.71991788705081], [-96.2836979432307, 28.719916706867483], [-96.28851399546302, 28.7198238766111], [-96.28996827762593, 28.719810556712115], [-96.29202596784901, 28.719761086452365], [-96.29292274841605, 28.719758396300783], [-96.29400715921469, 28.719727066389005], [-96.3212228491146, 28.719261594271845]]}, "properties": {"OBJECTID": 83, "Road_Category": "State", "Shield_Category": "State", "Route_No": "35", "Route_Name": "SH 35", "Tollway_Owner": null, "Shape.STLength()": 102708.08444506674}}, {"type": "Feature", "id": 84, "geometry": {"type": "LineString", "coordinates": [[-96.3580625497991, 30.08732451909306], [-96.35217526626516, 30.082184237383068], [-96.35184881574676, 30.081876996801025], [-96.35153693636326, 30.081555596375697], [-96.3512454458337, 30.081220036213747], [-96.35104835561083, 30.08095882604235], [-96.35068398581583, 30.0804184764187], [-96.35032689493713, 30.07981892572559], [-96.34126720894334, 30.063999360236455], [-96.34088084878648, 30.063365220673738], [-96.34068885916227, 30.063078809586283], [-96.34043331846479, 30.062763879188914], [-96.34014022818373, 30.062454089652785], [-96.33968515785648, 30.062057379555995], [-96.33917873815118, 30.061700769068622], [-96.33869531744938, 30.061424769090298], [-96.33802772787197, 30.06113029974133], [-96.33730173652492, 30.060884299978795], [-96.33614821599411, 30.060530199467973], [-96.33030962303494, 30.058736619154054], [-96.32938472313229, 30.0583929590499], [-96.32841391199618, 30.05794680810819], [-96.3277351719862, 30.057572908764353], [-96.32725684175985, 30.05726759856949], [-96.32665579082035, 30.05684750863899], [-96.32609458003962, 30.05639582826553], [-96.3256598610052, 30.056005777947266], [-96.32504943037767, 30.055385008163633], [-96.32456574010621, 30.05481161811867], [-96.32419450974898, 30.054303907727594], [-96.32384798907542, 30.053767516814105], [-96.32361370928103, 30.053358466897727], [-96.3233419486584, 30.052812227219114], [-96.32312810872128, 30.052316107222584], [-96.32274080904352, 30.05126152589735], [-96.32113793735297, 30.046711114826984], [-96.32105833683589, 30.046485104309372], [-96.31976229622443, 30.042805433545784], [-96.31929352607122, 30.041592212499612], [-96.31924924590527, 30.041506312728302], [-96.3185539153183, 30.039857722387726], [-96.318236425113, 30.039155581771816], [-96.31768736465375, 30.0380523913484], [-96.31729283402582, 30.037322661800637], [-96.31142815018305, 30.026747537430648], [-96.31114831001281, 30.02620780727058], [-96.31094055070075, 30.025766586566313], [-96.31074100048721, 30.025302086445002], [-96.31050596037822, 30.024685786917576], [-96.31023495993473, 30.023836886911386], [-96.31008844879219, 30.0232762862588], [-96.30987596899297, 30.022304845362143], [-96.3094458589911, 30.020508695018457], [-96.3073832664753, 30.011578171881183], [-96.30701807686924, 30.010138091543464], [-96.30320048280566, 29.997381045844666], [-96.30152224227157, 29.991838473729857], [-96.30124268253881, 29.99104057386803], [-96.30101180117256, 29.990453733219525], [-96.30073616108531, 29.989831763403348], [-96.30041563135043, 29.98921814304122], [-96.29974348093573, 29.988109113317847], [-96.29920990124768, 29.98735363167647], [-96.29184822605033, 29.977650848493237], [-96.28902472438227, 29.97396334724244], [-96.2879784735704, 29.972719377373302], [-96.28709892324586, 29.971773687569087], [-96.28634607272528, 29.971003526443862], [-96.2859371226226, 29.97061634659104], [-96.2849802214588, 29.969756716364525], [-96.28423905146231, 29.96912739559105], [-96.28028845936413, 29.965995965364154], [-96.27246233363437, 29.959849592655942], [-96.2716796836049, 29.959223182943074], [-96.27135968389675, 29.95894339253039], [-96.27081331440097, 29.958429743177536], [-96.2702423932942, 29.957879173256934], [-96.26982656267285, 29.9574824423078], [-96.26965107252528, 29.957318952309354], [-96.26929798222007, 29.957046212075618], [-96.26870900227873, 29.956694141930498], [-96.26832303201408, 29.956465662726643], [-96.26824117122543, 29.95641576199335], [-96.26785880232022, 29.95618268190964], [-96.26744442200001, 29.955890521873265], [-96.26430950973828, 29.953425791047906], [-96.26372243982583, 29.952988231090576], [-96.26336557978215, 29.952769901165293], [-96.26311194862299, 29.952638340786294], [-96.26284046929715, 29.9525208810508], [-96.25770239625149, 29.950503900325796], [-96.25767061599579, 29.95049143037277], [-96.25696590588515, 29.950217410250136], [-96.25673284534206, 29.950126780225464], [-96.25480966471693, 29.94939925981178], [-96.25289590396028, 29.948647750357104], [-96.25226753295036, 29.945117578408013], [-96.25174090333248, 29.942781927107642], [-96.25023834096982, 29.93410021413102], [-96.25014271035481, 29.933652444404952], [-96.25001495112511, 29.933209744140868], [-96.24985823044673, 29.93275943395785], [-96.24966739056106, 29.932310242899803], [-96.24944286006473, 29.931868913554762], [-96.24918902057382, 29.931437453204566], [-96.2489084896361, 29.93101758302096], [-96.24670112823472, 29.927904432095367], [-96.2460181586263, 29.926989982134348], [-96.24475410799252, 29.92552218147563], [-96.2442024968443, 29.924902811030723], [-96.23806278347897, 29.918002818948903], [-96.23752599286051, 29.917421739017144], [-96.2370903634232, 29.917001468400176], [-96.23398379062964, 29.91420619707897], [-96.23362288978285, 29.91383884732868], [-96.23328645026322, 29.913496397358728], [-96.23251930959663, 29.912671147086243], [-96.22818341753087, 29.907646905963304], [-96.22120522359928, 29.899409252777428], [-96.21676160021323, 29.89416774074957], [-96.21568102975314, 29.8929469699108], [-96.2140432981124, 29.890947169758878], [-96.21297960823823, 29.889576369122448], [-96.21205890725639, 29.888479338890782], [-96.20899179527031, 29.884848887342137], [-96.20669582396798, 29.882210477116825], [-96.20515201305048, 29.88034194629773], [-96.20426114289046, 29.879266425070444], [-96.20279621147148, 29.87764170527214], [-96.20126656075551, 29.875832073753354], [-96.20031672046892, 29.8747333244301], [-96.19868649008032, 29.872934313799323], [-96.19736957795268, 29.871374022657317], [-96.19709665913456, 29.871065492241545], [-96.19391470686746, 29.867311351746178], [-96.18639106180002, 29.858380288516358], [-96.17905767776384, 29.849757514950188], [-96.17583744556612, 29.846035483882837], [-96.17245456349251, 29.842060793343517], [-96.17165770225695, 29.841082041879346], [-96.17109818249374, 29.840243251915542], [-96.17052339232352, 29.839271191667297], [-96.16995147205583, 29.83812336152824], [-96.16945516068903, 29.83683423053581], [-96.16910220148236, 29.8355638007301], [-96.16820635026195, 29.832022709296627], [-96.16729237923428, 29.828980727791375], [-96.16674911876362, 29.827038976599756], [-96.16645512899517, 29.825838856291774], [-96.16305303527258, 29.812571800746742], [-96.16263314558266, 29.81078130083386], [-96.16240161469872, 29.809697940383636], [-96.1621921252158, 29.808757059704906], [-96.16213535484822, 29.808212209368886], [-96.16204410470166, 29.807237759120216], [-96.16197722499385, 29.806573539309294], [-96.16189707413865, 29.805440658266228], [-96.16187101457226, 29.804717507896285], [-96.16186025397352, 29.8012542368519], [-96.16181760354304, 29.800159675866823], [-96.16161211344499, 29.798069915255297], [-96.16152563361123, 29.797488215099115], [-96.16144017418497, 29.796947475036056], [-96.16129020302103, 29.79614977420761], [-96.16084930272886, 29.794305594213863], [-96.15928311228171, 29.78813618136992], [-96.15843979018776, 29.784737129855802], [-96.15825190041195, 29.784001160794976], [-96.15620651970542, 29.775896396249188], [-96.15562273905554, 29.773582236162376], [-96.15532249872233, 29.772452875552915], [-96.15478420867112, 29.770324015404356], [-96.1544070771702, 29.768832474253067], [-96.15421744714833, 29.76818585393311], [-96.15388278755876, 29.767155673212095], [-96.15352869657758, 29.766211773318734], [-96.15328098691079, 29.76557473292082], [-96.15281772566739, 29.764537352903268]]}, "properties": {"OBJECTID": 84, "Road_Category": "State", "Shield_Category": "State", "Route_No": "36", "Route_Name": "SH 36", "Tollway_Owner": null, "Shape.STLength()": 139206.49042702492}}, {"type": "Feature", "id": 85, "geometry": {"type": "LineString", "coordinates": [[-95.48115536319764, 29.64081186778822], [-95.48151987324032, 29.640563397946142], [-95.48175445376813, 29.640319807184184], [-95.48195398267767, 29.640125736672758], [-95.48207184334031, 29.63987845706459], [-95.4821732035761, 29.639321066942852], [-95.48214130386884, 29.638488077138078], [-95.4821312324421, 29.63775646556842], [-95.48209236307339, 29.635986615795677], [-95.4820832423864, 29.63541722492346], [-95.4820763233408, 29.634716055139666], [-95.48202158209335, 29.630274704022593], [-95.48197616192459, 29.629639463265146], [-95.4819777226858, 29.629181483708273], [-95.48197765210773, 29.628928183373823], [-95.48198689223838, 29.62873072239579], [-95.4820297922433, 29.628492831939283], [-95.4820631325984, 29.62828930307284], [-95.48214171184188, 29.62805268270041], [-95.48221350234991, 29.62779153246049], [-95.48237147315248, 29.627471002358707], [-95.48249973254504, 29.62720788179106], [-95.48269564219902, 29.626922441539204], [-95.48300218239655, 29.626553161941743], [-95.48324061272348, 29.62633043130755], [-95.48349001211334, 29.62611007187959], [-95.48384094306225, 29.625854361169893], [-95.48404488285496, 29.625733121895152], [-95.48437300412695, 29.625554831095386], [-95.4846887929147, 29.625394630936214], [-95.485238703266, 29.625130071009497], [-95.48580312343394, 29.62484806037584], [-95.48657750462546, 29.624468850782765], [-95.48687944452728, 29.624320151196123], [-95.48741551445256, 29.624047030168494], [-95.48762729555408, 29.623910990839427], [-95.48781842550545, 29.6237772110526], [-95.48794950546822, 29.62368317019475], [-95.4882567152196, 29.62340992993175], [-95.48849073519841, 29.62316400948816], [-95.48868703522785, 29.622919720223926], [-95.48886351554842, 29.622659779162376], [-95.4890316850291, 29.622357650142217], [-95.48932918524542, 29.621778939019148], [-95.48961956602321, 29.62120596921494], [-95.49018524580393, 29.620089377860097], [-95.49059460645303, 29.61931423772274], [-95.4909499758059, 29.618668788017136], [-95.4914126856582, 29.617850657434346], [-95.49172824554466, 29.617310407135243], [-95.49191381591355, 29.617015957585753], [-95.49246215669423, 29.616123106753736], [-95.49290476639725, 29.615441866004904], [-95.49316993667026, 29.615041485672766], [-95.49353518645792, 29.614477155842913], [-95.49377119781823, 29.614114625581216], [-95.49422033798936, 29.613439596033793], [-95.49433617831444, 29.613265645300437]]}, "properties": {"OBJECTID": 85, "Road_Category": "Toll", "Shield_Category": "Fort Bend Parkway", "Route_No": "11", "Route_Name": "Fort Bend Parkway", "Tollway_Owner": "HCTRA", "Shape.STLength()": 11585.919610731364}}, {"type": "Feature", "id": 86, "geometry": {"type": "LineString", "coordinates": [[-95.5980572399316, 30.025050225279944], [-95.59717321647749, 30.023592495588986], [-95.59431704489194, 30.01898895380752], [-95.58971042221705, 30.011582941885326], [-95.58911627164476, 30.010572650522366], [-95.5867395198615, 30.006394989822052], [-95.5859893488408, 30.005225699176904], [-95.5854375789829, 30.004433008794724], [-95.58399164775584, 30.00247567869871], [-95.58211251728693, 30.000136967521566], [-95.58088749647506, 29.998638327393195], [-95.57982300569391, 29.99745101702181], [-95.5792191249783, 29.996691967018503], [-95.57718059328894, 29.994569205831127], [-95.57600897394626, 29.99333524474083], [-95.57504593226797, 29.992208224681605], [-95.57458862239984, 29.991689694579986], [-95.57409562180356, 29.99105026424194], [-95.57370641244783, 29.990546073649966], [-95.57319995180309, 29.989896003397178], [-95.57201168048229, 29.988128842496284], [-95.57035396915248, 29.985434322945604], [-95.5686696688924, 29.982850240598008], [-95.5673038967066, 29.980617930811707], [-95.56605995703511, 29.97837395963193], [-95.56360513523337, 29.97379994860192], [-95.5630089653717, 29.97284704786866], [-95.56243335419501, 29.97207126720494], [-95.56144334433155, 29.970887886518007], [-95.56045661294687, 29.96993197673949], [-95.55961036287454, 29.9692083262117], [-95.55869497142547, 29.968494226948007], [-95.55764018199855, 29.967823106257992], [-95.55616161063342, 29.96692562515259], [-95.55353799973234, 29.965286215675434], [-95.55125736851242, 29.963782335051945], [-95.55012008685743, 29.962948814596658], [-95.54916710673425, 29.96222720401894], [-95.54741768576505, 29.960789443903487], [-95.54579585488722, 29.9594187134006], [-95.5444160938855, 29.958181563404445], [-95.54259929179385, 29.95665037272355], [-95.54071508190201, 29.955203462509623], [-95.53951124127076, 29.95436354240459], [-95.53788230963315, 29.9532928317986], [-95.53630431953836, 29.95224877039322], [-95.5352101884166, 29.95147659132665], [-95.53127586554481, 29.948573949645958], [-95.52849314475218, 29.946473898868604], [-95.52642492292887, 29.944816358635947], [-95.52527603198494, 29.94388638886331], [-95.52235726106957, 29.94162782841242], [-95.51935495883318, 29.93936155769796], [-95.51622670797289, 29.936973985711994], [-95.50975422335739, 29.93207661439083], [-95.50946759444473, 29.93185188439864], [-95.5092035433946, 29.931618274579428], [-95.50731901197902, 29.93003277496006], [-95.50652439187166, 29.929397513639742], [-95.50039042763281, 29.924756601887797], [-95.49732033608589, 29.92241450199384], [-95.49456395506223, 29.92035188038655], [-95.49409750443124, 29.92003665113896], [-95.49229124294368, 29.918898340646283], [-95.47524929390754, 29.908226697773042], [-95.46899029016011, 29.904200375877668], [-95.46772826970802, 29.9033716856078], [-95.46738504957662, 29.903099916108435], [-95.46705753011622, 29.90278197559928], [-95.46442733811514, 29.899975794710116], [-95.46334550677177, 29.8988435139047], [-95.46300503681154, 29.898558223960688], [-95.46259756620658, 29.898283993754095], [-95.46220469662636, 29.89807101450155], [-95.46174901581796, 29.89788322495848], [-95.46136113547028, 29.89776382343452], [-95.46109021532953, 29.89769730414084], [-95.46055107568732, 29.897614354023684], [-95.4602066351378, 29.897590074443997], [-95.45457105169642, 29.89759095484361], [-95.43356027158148, 29.897951825228052], [-95.43127981043494, 29.897974316435167], [-95.4287925195429, 29.897974466769302], [-95.42338117700308, 29.898031276459466], [-95.41431827201112, 29.8982136979689], [-95.41271546143741, 29.898267997462508], [-95.41227630024127, 29.8982809878692]]}, "properties": {"OBJECTID": 86, "Road_Category": "State", "Shield_Category": "State", "Route_No": "249", "Route_Name": "SH 249", "Tollway_Owner": null, "Shape.STLength()": 79961.56195890503}}, {"type": "Feature", "id": 87, "geometry": {"type": "LineString", "coordinates": [[-95.63820572982814, 30.101575220693967], [-95.6381939252264, 30.101520604873542], [-95.63813775454831, 30.101116614203143], [-95.63801635413809, 30.100542684870305], [-95.63778555887345, 30.099664135498738], [-95.63778108503614, 30.099647104412966], [-95.63761556399383, 30.09913581394726], [-95.63730643508461, 30.098317643773346], [-95.63700631379935, 30.097531043554056], [-95.63669650459323, 30.096929723211836], [-95.63638805330868, 30.0961797726888], [-95.63588692259172, 30.094991901984613], [-95.63563496314572, 30.09403850175751], [-95.63557818281589, 30.09294803225814], [-95.63566862273744, 30.091215680856322], [-95.63595758247911, 30.089420360310754], [-95.63612037305184, 30.08832312952872], [-95.63617000206544, 30.087453878690923], [-95.63594549253133, 30.08577424858866], [-95.63540829162802, 30.084203267670002], [-95.63496261085007, 30.083356177911003], [-95.63393998073035, 30.08150599679186], [-95.63311677083477, 30.08004641589935], [-95.63275970028435, 30.07941479636112], [-95.63230168951746, 30.078392615927665], [-95.63164385898257, 30.077192704957422], [-95.63032471883771, 30.07455693414458], [-95.62928854762627, 30.072547123656005], [-95.62852769690898, 30.07156403351159], [-95.6275149066873, 30.07056178221351], [-95.62617054589049, 30.069488633003736], [-95.62351015503646, 30.067240572205524], [-95.6226695231395, 30.066397151972783], [-95.62202613425163, 30.06554239150359], [-95.6216836025434, 30.065010790923896], [-95.62007635247238, 30.062156739291343], [-95.61978394156117, 30.061643299895582], [-95.6188159418966, 30.06012910851559], [-95.61799248043855, 30.058864969068722], [-95.6175903099392, 30.058308748611946], [-95.6167906390854, 30.05663430859129], [-95.61580521879846, 30.053325086581506], [-95.6155089179384, 30.05252257694866], [-95.61511142811378, 30.051632955832687], [-95.61448392828616, 30.050414716039953], [-95.61268869718215, 30.047764404089385], [-95.61165146702821, 30.046229193886074], [-95.61025977535071, 30.044485073291582], [-95.60756592347403, 30.041339362473146], [-95.60614843301073, 30.039388072303833], [-95.60476632265436, 30.037187501058614], [-95.60166570948309, 30.031551568906213], [-95.60071487951093, 30.02996910853001], [-95.59882598717927, 30.02651087729245], [-95.59814563689028, 30.02519598661404], [-95.5980572399316, 30.025050225279944]]}, "properties": {"OBJECTID": 87, "Road_Category": "Toll", "Shield_Category": "Tomball Tollway", "Route_No": "249", "Route_Name": "Tomball Tollway", "Tollway_Owner": "HCTRA", "Shape.STLength()": 31229.91580387784}}, {"type": "Feature", "id": 88, "geometry": {"type": "LineString", "coordinates": [[-95.38660355119261, 29.597326756036928], [-95.38796262127838, 29.597279446110782], [-95.38924306231296, 29.59723000557834], [-95.39132504349702, 29.59715543536767], [-95.39396139491375, 29.59711529559915], [-95.39695645603435, 29.597082795992748], [-95.39992664771555, 29.59697927525196], [-95.40226103897606, 29.596903154634887], [-95.40670737100548, 29.59677480410781], [-95.40975088278753, 29.59670146376922], [-95.4125882835963, 29.596685383694215], [-95.4172310866459, 29.59664214425318], [-95.4185034570965, 29.596660174625132], [-95.41949588671397, 29.596714833235474], [-95.42103932846035, 29.596882903850624], [-95.42243365903714, 29.597036223316056], [-95.42364952950425, 29.597117613378536], [-95.42457017036135, 29.597165563197983], [-95.42563663050319, 29.59718012352628], [-95.42643903072153, 29.59718108364371], [-95.42773586208453, 29.597134442894383], [-95.42835802197018, 29.597100832969872], [-95.42893527246065, 29.597048252801063], [-95.429485022698, 29.596997123394853], [-95.4298365330873, 29.596972483283658], [-95.43090909321013, 29.596845953065717], [-95.4316931338072, 29.596742052750113], [-95.43239409377117, 29.59663514332945], [-95.43271406394, 29.596587192960804], [-95.43313251464026, 29.596536192439636], [-95.43430891572491, 29.596453052839756], [-95.43599474605313, 29.596474212340897], [-95.43843540731905, 29.596529182254695], [-95.442480098981, 29.59657579206468], [-95.44516252072216, 29.596578251691994], [-95.44593954061318, 29.596563151634008], [-95.44641448092531, 29.596560781276143], [-95.44726919243834, 29.59655651135464], [-95.44929133275872, 29.59650365166319], [-95.45143819372429, 29.59650250071905], [-95.45236282495355, 29.596492661770473], [-95.45299021462212, 29.596504431713672], [-95.453948324797, 29.596558701617152], [-95.45432830525156, 29.596587480519283], [-95.45494956648137, 29.59666078179446], [-95.45559588570988, 29.596750111360812], [-95.45636086639615, 29.5968899611202], [-95.4569600162145, 29.597017251628014], [-95.45763282630051, 29.59718684076352], [-95.4582524781301, 29.597361142007422], [-95.45884128780615, 29.597547551243494], [-95.45946600824865, 29.59777490158986], [-95.4598860576179, 29.59792594172497], [-95.46122580924529, 29.59852323105936], [-95.46193647979538, 29.598871792176737], [-95.46320191996395, 29.599477181302273], [-95.4640849610667, 29.599930441738913], [-95.46473147068367, 29.60023202211605], [-95.46817405276673, 29.601712312672607], [-95.46903732383421, 29.602077902283106], [-95.4703854840943, 29.60268810306392], [-95.47328173562597, 29.604001522782845], [-95.47500325664025, 29.60482133360698], [-95.47701754744939, 29.605754873895584], [-95.47975955890146, 29.6070228639271], [-95.48304938115557, 29.60853340471788], [-95.48413506133056, 29.60903523472786], [-95.4908196345, 29.612095145980124], [-95.49271271627913, 29.612991805252914], [-95.49474049733308, 29.613949755457536], [-95.49585822828635, 29.6144787357988], [-95.49678897916407, 29.61496139564559], [-95.49750694877869, 29.61537016586857], [-95.49894688055393, 29.61620752650489], [-95.50098805089185, 29.61736778640963], [-95.5018169319576, 29.61779113666641], [-95.50323706215488, 29.618489456449176], [-95.50431957265832, 29.618964236751903], [-95.50645148352696, 29.619813407397515], [-95.50819924449884, 29.620491767715663], [-95.50867413530891, 29.620681098112236], [-95.5099957358121, 29.62120057762018], [-95.51117788719323, 29.621653668159528], [-95.51164487662447, 29.62186194796837], [-95.51263953802055, 29.62236154864597], [-95.51330008855929, 29.622737147937233], [-95.51401197834461, 29.623188688305405], [-95.51474559880877, 29.623684049050585], [-95.51534416927005, 29.62415479804367], [-95.51595540907788, 29.624678868524544], [-95.51728874970762, 29.625783829791494], [-95.5177034108814, 29.62614226917502], [-95.51800269992188, 29.626377628438185], [-95.51867981153504, 29.626950299133465], [-95.52658682538657, 29.63359966123224], [-95.52896431628989, 29.63557743263722], [-95.53067196829679, 29.636940052484153], [-95.53257082883246, 29.638587043035397], [-95.53388761989582, 29.639753004338452], [-95.53391571053596, 29.639778164034436], [-95.53680684149585, 29.64220068417926], [-95.53820682288574, 29.643373685072], [-95.53895771322718, 29.644011094425753], [-95.53954007325639, 29.64449160522763], [-95.54005700332536, 29.64493289587496], [-95.54160088351858, 29.646243326267705], [-95.54333394575283, 29.647719046298935], [-95.54611041660218, 29.65003795641053], [-95.54769919800425, 29.651363107599952], [-95.548905868362, 29.65237230391787]]}, "properties": {"OBJECTID": 88, "Road_Category": "Toll", "Shield_Category": "Sam Houston Tollway", "Route_No": "8", "Route_Name": "Sam Houston Tollway", "Tollway_Owner": "HCTRA", "Shape.STLength()": 58257.15508230624}}, {"type": "Feature", "id": 89, "geometry": {"type": "LineString", "coordinates": [[-95.548905868362, 29.65237230391787], [-95.55025708968519, 29.653502358051362], [-95.55256913005496, 29.655394939123326], [-95.55374920090958, 29.65639493913516], [-95.5551761826577, 29.657621750334954], [-95.55583680210225, 29.65823329974533], [-95.55642819254287, 29.65886885065036], [-95.5568086534203, 29.659318510770166], [-95.55731573367918, 29.65997755000066], [-95.55773005413135, 29.6605631301225], [-95.55792399318564, 29.660882790397654], [-95.55801290406245, 29.660995920597514], [-95.55833601370723, 29.661575670828014], [-95.55851716450783, 29.661926650761806], [-95.5587770540107, 29.662441900564936], [-95.55904629454642, 29.66302210165985], [-95.55931759432066, 29.66368366166929], [-95.55947046550507, 29.66414516233982], [-95.55968372531207, 29.66493931212818], [-95.55979790624197, 29.665419282533577], [-95.55993017592004, 29.6661643233818], [-95.56002138518417, 29.666650102842368], [-95.56015462599262, 29.667834313622254], [-95.56021038599094, 29.668475163262087], [-95.56042828697554, 29.672924235266944], [-95.56043761600247, 29.673731535269642], [-95.56039152696948, 29.674569485878287], [-95.5602159368924, 29.675918527005617], [-95.55990094283015, 29.67737873960425]]}, "properties": {"OBJECTID": 89, "Road_Category": "State", "Shield_Category": "Beltway", "Route_No": "8", "Route_Name": "SH 8", "Tollway_Owner": null, "Shape.STLength()": 10369.394152145593}}, {"type": "Feature", "id": 90, "geometry": {"type": "LineString", "coordinates": [[-95.55990094283015, 29.67737873960425], [-95.55940775709095, 29.679664908377617], [-95.55871989647338, 29.683098189049865], [-95.55824234623084, 29.685415030689366], [-95.55783620661624, 29.68733112164936], [-95.5575616963568, 29.68868991186916], [-95.55739947555452, 29.689418022515433], [-95.55732530591274, 29.689878172502578], [-95.55726415622618, 29.690219783106535], [-95.55719693656481, 29.690693392180783], [-95.55713526616132, 29.691159263812366], [-95.55708749608209, 29.692084423561063], [-95.55707137687943, 29.692815483664816], [-95.55708264687306, 29.694986374689773], [-95.55711918658722, 29.69814098633481], [-95.557130997127, 29.699529666091816], [-95.55715826748559, 29.700747007000338], [-95.55720074671227, 29.701469067041835], [-95.55728883789935, 29.702516667476296], [-95.55730368747922, 29.7033127786264], [-95.55731380818513, 29.7044331187295], [-95.55732980773315, 29.70623335868819], [-95.55736290777031, 29.709956390689783], [-95.5573699379465, 29.711790441190814], [-95.5573833583684, 29.714941653229467], [-95.5573909887671, 29.716092192926673], [-95.55738231936255, 29.717103343886333], [-95.5573987188724, 29.718227764951813], [-95.55744610905329, 29.721640596104404], [-95.55751035930433, 29.72614608725059], [-95.55752761906929, 29.727358977305055], [-95.55753214931516, 29.729665808647123], [-95.55757571972289, 29.732031150113166], [-95.55764781062933, 29.736945562443065], [-95.55766171095289, 29.737196651751493], [-95.55770327052748, 29.740098992799144], [-95.55769477155218, 29.740919883931547], [-95.55770606142416, 29.74199123345934], [-95.55774330114568, 29.743321323977067], [-95.55776298134576, 29.74489218525521], [-95.55779839103691, 29.74736503612308], [-95.55780115238768, 29.747558166100493], [-95.55780484176093, 29.747813956722652], [-95.55786672154574, 29.753969139059507], [-95.5580514437243, 29.760817871186983], [-95.55807161319537, 29.76108521166448], [-95.5580975632821, 29.76142906153797], [-95.55822186292266, 29.76205347216747], [-95.55832770352178, 29.76238773268728], [-95.55844140284093, 29.76271565270453], [-95.55852851304255, 29.762963302847453], [-95.5586540431548, 29.76319908262958], [-95.558798924355, 29.763508262139634], [-95.55894684315992, 29.76375143220797], [-95.55914529420913, 29.764049272515948], [-95.55935222455228, 29.76432757270913], [-95.56040334404082, 29.765463113130853], [-95.56089639475897, 29.76600794358043], [-95.56119981510683, 29.766395613198537], [-95.56145509525736, 29.7667491833022], [-95.5617068850013, 29.767166793533743], [-95.56191048592409, 29.767517683622547], [-95.56205024512224, 29.767773794190404], [-95.5622090660788, 29.768109903532785], [-95.56241203554163, 29.76863927399091], [-95.5625302963463, 29.76903345491298], [-95.56261042610572, 29.769432914569236], [-95.56266515545826, 29.76972570458443], [-95.56270988610731, 29.77007104491286], [-95.56273162652515, 29.770422175228074], [-95.56280685650222, 29.772784275518777], [-95.56285368734358, 29.776059807808856], [-95.56305521773895, 29.782167859609395], [-95.56308171741753, 29.783074480090917], [-95.56310247799091, 29.783941240786554], [-95.56312504868615, 29.784768391272852], [-95.56313581757959, 29.785687681139503], [-95.56319650819417, 29.788467362091428], [-95.56323659827486, 29.79081649390726], [-95.56349134875734, 29.797070926466727], [-95.56358465898757, 29.80177041786789], [-95.56364072031421, 29.804698569347142], [-95.56369699094716, 29.812492912628368], [-95.56370108972496, 29.812711692442278], [-95.56370577078543, 29.812960182954743], [-95.56371063085331, 29.81784360408976], [-95.56376171091392, 29.822884756723873], [-95.56376739181516, 29.82550771763399], [-95.56377709293267, 29.829745699156526], [-95.56379723229821, 29.83079094015399], [-95.56384221307484, 29.839924963777538], [-95.56383395263892, 29.841197943501108], [-95.56382166324111, 29.842250454337577], [-95.56375396316005, 29.844282325615282], [-95.56378936412584, 29.848263567374993], [-95.56381210312153, 29.850241067160237], [-95.56380224313658, 29.85144391885545], [-95.563899244218, 29.8552684902835], [-95.56396978417567, 29.85769060022083], [-95.56389257479202, 29.859697651663527], [-95.56384754500678, 29.86117034200357], [-95.56389871573965, 29.8658385240546], [-95.56391707545008, 29.866274754466602], [-95.56391991555117, 29.866791804378057], [-95.56384806533254, 29.86753463442327], [-95.56362556523727, 29.868311845349005], [-95.56338116495289, 29.86884895581307], [-95.56299900519777, 29.869515276049942], [-95.56252167587269, 29.87010167624727], [-95.56192325512284, 29.870693416063393], [-95.5612840547986, 29.87121671683539], [-95.56062819388761, 29.87162455665367], [-95.56004209429729, 29.871948676958276], [-95.55945950290656, 29.87219632687116], [-95.55885718291138, 29.872395426872348], [-95.55575099129699, 29.873591308099886], [-95.5555210720939, 29.873688248163543], [-95.55508781202708, 29.87385686822223], [-95.55417638197962, 29.874190228475197], [-95.55374939042618, 29.87435786804108], [-95.55330268045515, 29.8745334380116], [-95.55261092038492, 29.874827438082185], [-95.55196890986487, 29.8751737089309], [-95.55138824003178, 29.8755726385866], [-95.5508519898423, 29.876013548361275], [-95.55047547906752, 29.876384269230062], [-95.5502219203903, 29.876681199302414], [-95.54985440939333, 29.877155599686738], [-95.54944544884549, 29.877827280499123], [-95.54922093839343, 29.878320529634582], [-95.54905042929282, 29.878748990249637], [-95.54893336931553, 29.879215900424782], [-95.54883667943467, 29.87981204143343], [-95.54879992969751, 29.880407270962635], [-95.54884292901956, 29.882689581595205], [-95.54886666881188, 29.88410746292127], [-95.54890077937195, 29.88462393286332], [-95.54942005052906, 29.887595964036777], [-95.54946741991893, 29.88797093394006], [-95.54949769001455, 29.888393233600187], [-95.54949264049783, 29.888914434157964], [-95.5495628005638, 29.894494796134165], [-95.54960709043881, 29.89769729754275], [-95.54961898073815, 29.898192787790716], [-95.54967144052364, 29.898563398525877], [-95.54977456139427, 29.899092398879393], [-95.55000102122739, 29.899837888326896], [-95.55013013088583, 29.900180889717053], [-95.55025832091484, 29.900458109368845], [-95.55040874255239, 29.900739799532452], [-95.55055995151493, 29.901004779386863], [-95.55072917236056, 29.901295509757528], [-95.5509394727305, 29.90161363948777], [-95.55121932202321, 29.901956870061543], [-95.5514994025227, 29.902295039695474], [-95.55186956230777, 29.902691950229336], [-95.5523029731693, 29.903117749967567], [-95.55397829347105, 29.904741070680338], [-95.55416603405136, 29.904944661313753], [-95.55438595345997, 29.90520495052504], [-95.55467045417281, 29.905573590898076], [-95.55487114383172, 29.9058736208604], [-95.55509221514274, 29.90623499063975], [-95.55526279531631, 29.906559221438947], [-95.5554303646588, 29.90694902134934], [-95.55555047438547, 29.907236121833776], [-95.55566966414742, 29.907543401968915], [-95.55577032481868, 29.90787528195435], [-95.55584781496756, 29.908206362271972], [-95.55593154557776, 29.908653842633022], [-95.55598657466601, 29.90909527188792], [-95.55600423596924, 29.90984354334876], [-95.55607113565102, 29.916405984881237], [-95.55610745697643, 29.919638196191258], [-95.55608852662823, 29.92022027649572], [-95.55608719707253, 29.920742507024908], [-95.55607211673241, 29.920940097122585], [-95.55601723650834, 29.92132587714269], [-95.55592281723959, 29.921764127527183], [-95.55580522650614, 29.922169266910824], [-95.5557335857708, 29.922382158250127], [-95.55560212624691, 29.92270633766224], [-95.55538987599192, 29.923158628738083], [-95.55523694625698, 29.923456368104922], [-95.555034906151, 29.92381302892399], [-95.55482777618202, 29.924154338613693], [-95.5546234362092, 29.9244351277285], [-95.55435955587102, 29.924749198710856], [-95.55410843527686, 29.925038468992494], [-95.5537986953823, 29.92534081942844], [-95.55353784564724, 29.92558931853358], [-95.55321816534659, 29.925855969991385], [-95.55280232543568, 29.926177439565755], [-95.55248566477648, 29.92639609918444], [-95.55219309582994, 29.926577829672272], [-95.55160611429461, 29.92689012932833], [-95.55118832479468, 29.927101670415485], [-95.54836938304425, 29.928247260110396], [-95.54750815249896, 29.928560580412224], [-95.54686627273541, 29.928770441091967], [-95.54631242174159, 29.92895813096123], [-95.54566821248557, 29.929218430767907], [-95.54508955136558, 29.92944061098134], [-95.54292060037587, 29.93031421122708], [-95.53085129550195, 29.935262464089497], [-95.53026900429751, 29.93546948429668], [-95.5296574738099, 29.935662454725307], [-95.52889297309984, 29.935888125302558], [-95.52841134384555, 29.936017665340344], [-95.52791256389497, 29.936141544959714], [-95.52725651335105, 29.93627854569205], [-95.52662269256487, 29.936396135310734], [-95.5259819526202, 29.93649210570574], [-95.5253390721337, 29.93656594504431], [-95.52469243196302, 29.93661828559668], [-95.52361987184801, 29.936652046243047], [-95.51711884802316, 29.936925186294825], [-95.51622671763076, 29.936973976034167], [-95.51535754756787, 29.936987306712517], [-95.51530978714933, 29.936988036346303], [-95.51190617527715, 29.937040166689844], [-95.50844114372208, 29.937105487024674], [-95.50656095244486, 29.937135196709338], [-95.49980490931077, 29.937228418046143], [-95.49801497882326, 29.937261218220417], [-95.495986366532, 29.937291237640533], [-95.49021412350179, 29.93735186877128], [-95.48285167004724, 29.937471198430654], [-95.4696594735061, 29.937636269593106], [-95.46794672263313, 29.937672510631593], [-95.46522613108552, 29.937676389586688], [-95.46424794091887, 29.937657910342754], [-95.46269236995866, 29.937613800106387], [-95.46199944011336, 29.93760653071963], [-95.46124510004168, 29.93762331050867], [-95.46016935924771, 29.937637360710283], [-95.45812594865751, 29.93768527003597], [-95.45491655604629, 29.937721970850948], [-95.45339317528926, 29.937727391011943], [-95.45262840465783, 29.93775250098215], [-95.45215532494706, 29.93777056050471], [-95.45081508403491, 29.937853791934863], [-95.4498889831455, 29.937890611188255], [-95.448943653646, 29.937909230800262], [-95.44197240039972, 29.93803587148926], [-95.440776889534, 29.938048511746462], [-95.43994491808164, 29.938041361924284], [-95.43934267733285, 29.938028482083315], [-95.43876132779435, 29.93799884188505], [-95.43756058705965, 29.93789443153369], [-95.4367209276168, 29.937803002021933], [-95.43582844587364, 29.937693881798264], [-95.43511018625588, 29.937657582136666], [-95.43451837507364, 29.93763630160219], [-95.43437877603651, 29.93763791176761], [-95.43396548528108, 29.93764267285172], [-95.43345185515555, 29.937667942903932], [-95.43291734440056, 29.9377099626353], [-95.43235193390171, 29.937768392413705], [-95.43150066341609, 29.93792153278494], [-95.43096202465631, 29.938050892728846], [-95.42923171365838, 29.938501933280765], [-95.42729975374156, 29.939005498975497]]}, "properties": {"OBJECTID": 90, "Road_Category": "Toll", "Shield_Category": "Sam Houston Tollway", "Route_No": "8", "Route_Name": "Sam Houston Tollway", "Tollway_Owner": "HCTRA", "Shape.STLength()": 134962.67641364376}}, {"type": "Feature", "id": 91, "geometry": {"type": "LineString", "coordinates": [[-95.42729975374156, 29.939005498975497], [-95.42509191121717, 29.939580933786633], [-95.42454278094868, 29.93971865305423], [-95.42322121038819, 29.940069123969213], [-95.42248801993713, 29.94023971452779], [-95.42193118964342, 29.940361084021212], [-95.42148652952419, 29.940441044156394], [-95.42101900901798, 29.940501704037615], [-95.42052934811862, 29.940550654566945], [-95.42006422858263, 29.940586763857098], [-95.41709146753372, 29.940626905075703], [-95.41538049638582, 29.940639994084805], [-95.41400659118047, 29.94066033731295], [-95.41400544538217, 29.94066035454321], [-95.41311777501033, 29.940649195326287], [-95.41215965407747, 29.94067015482733], [-95.40934053401745, 29.940705215619417], [-95.40682477184487, 29.940725404934085], [-95.40456801134455, 29.940759315282417], [-95.40371675994882, 29.940728506116173], [-95.40271905955467, 29.940606495784195], [-95.40182243914947, 29.94043256598399], [-95.4001597583296, 29.94002373584431], [-95.39846956728454, 29.939583585163387], [-95.3971681570085, 29.939270035409507], [-95.39630818693747, 29.93905053486283], [-95.39532063486799, 29.938837896183284], [-95.39463444581769, 29.93875237539867], [-95.39376126463401, 29.938695445499988], [-95.3911518630729, 29.938676514969575], [-95.38805847217704, 29.938710685986557], [-95.3827952800413, 29.93875175582873], [-95.38204689824163, 29.938761416328642], [-95.3745938054533, 29.938857366407255], [-95.36946981243597, 29.93889790701277], [-95.3654190105242, 29.938937017566086], [-95.36222764852386, 29.938956877891933], [-95.35983006699273, 29.938995567898264], [-95.35629058517343, 29.939016967824493], [-95.35601836617315, 29.939019008171794], [-95.35170048422205, 29.939051807809786], [-95.34553173932623, 29.939112458435066], [-95.34398176876505, 29.939127649159552], [-95.33641480520173, 29.939183339660875], [-95.33192896336115, 29.939220549958222], [-95.3243909389224, 29.939276590517395], [-95.31254631303466, 29.939380371308516], [-95.31204903337402, 29.93939085109451], [-95.3112397721062, 29.939407901553462], [-95.31057067232923, 29.939448871285425], [-95.30990565246267, 29.939525351045898], [-95.30922226173315, 29.939621351830862], [-95.30835211118576, 29.939740751731804], [-95.30744290081512, 29.939828401988475], [-95.3066628012124, 29.93988546274512], [-95.30454336985088, 29.939928342534284], [-95.30336916875025, 29.939948822834335], [-95.29739631575096, 29.94005280249655], [-95.29580195491944, 29.940034152603136], [-95.29574633749284, 29.9400350107466], [-95.29281801334197, 29.94008016294362], [-95.2905485118365, 29.940107142819258], [-95.28928853082192, 29.94013112320094], [-95.2881327706728, 29.94015896297204], [-95.2867595510331, 29.940244393700393], [-95.28568718968226, 29.940346044348242], [-95.28303423790601, 29.940621363731676], [-95.2813523949305, 29.940772611466517]]}, "properties": {"OBJECTID": 91, "Road_Category": "State", "Shield_Category": "Beltway", "Route_No": "8", "Route_Name": "SH 8", "Tollway_Owner": null, "Shape.STLength()": 46421.050361935486}}, {"type": "Feature", "id": 92, "geometry": {"type": "LineString", "coordinates": [[-95.16387056075475, 29.813116697736298], [-95.16363583587146, 29.811861719518166], [-95.16348820541239, 29.81042128883568], [-95.16338463583449, 29.809161068641682], [-95.16338257460772, 29.805121076964006], [-95.16334161418395, 29.800345684514856], [-95.16333740464526, 29.79906942399171], [-95.16331488387053, 29.798460263377333], [-95.16328150432382, 29.797916813161432], [-95.1630754133819, 29.79628241344725], [-95.16282246349877, 29.795128892512416], [-95.16240680304165, 29.793592291931354], [-95.161930103219, 29.792328571577066], [-95.16123724203905, 29.790681210435885], [-95.160963791839, 29.7900070905751], [-95.16034963215056, 29.788541419788675], [-95.15976780113616, 29.787117630099285], [-95.15922529071925, 29.785830318090547], [-95.15892970015291, 29.785029308182803], [-95.15876906964017, 29.78451405818287], [-95.1586646501649, 29.784027398365815], [-95.1585944595217, 29.78346270863419], [-95.15850503951584, 29.78056326623256], [-95.15842784029732, 29.779383396647287], [-95.1583570000346, 29.77883189579826], [-95.15821103935119, 29.778096185572192], [-95.15804334945085, 29.777530586008876], [-95.15780972887134, 29.776900145953682], [-95.15743530950994, 29.77606275504767], [-95.1569791388522, 29.77524125500964], [-95.15651657859775, 29.77454713429321], [-95.15540364808443, 29.773161993647225], [-95.15444889710884, 29.77213673343153], [-95.15361208661731, 29.77119520356717], [-95.15360258498896, 29.771185182395964], [-95.15098697593311, 29.76842641254956], [-95.15072698492779, 29.768162732077077], [-95.15047179566302, 29.767895502282173], [-95.15027669499177, 29.767685271736024], [-95.15008457445622, 29.76747297260467], [-95.14989545407397, 29.767258622627473], [-95.14970936400593, 29.767042272333203], [-95.14942841469187, 29.76670479164001], [-95.14915483418412, 29.76636273220838], [-95.14887958401881, 29.766004051116667], [-95.14872463279485, 29.76579523188497], [-95.14864836317936, 29.765688551758323], [-95.14852561334018, 29.765509421144785], [-95.14840560350322, 29.765328871543577], [-95.14828837322997, 29.765146951040737], [-95.14817394343142, 29.764963681007377], [-95.14806231400681, 29.764779091237553], [-95.14795351348756, 29.76459322047289], [-95.14784756340819, 29.764406100934632], [-95.14774448337177, 29.764217761177612], [-95.14760633207104, 29.763954660753555], [-95.14747378300649, 29.76368937053487], [-95.14734687270396, 29.763421990888315], [-95.14722565263376, 29.763152609971606], [-95.14711016269162, 29.76288132102553], [-95.1470004327089, 29.762608209779128], [-95.14689652184056, 29.762333379955976], [-95.14679844220922, 29.762056920385497], [-95.14670925195446, 29.76178833982542], [-95.14662558220117, 29.761518409485568], [-95.14654744190426, 29.76124721990678], [-95.14647488183489, 29.76097485019384], [-95.14641592143309, 29.760735420068933], [-95.14636125203387, 29.760495218708805], [-95.14620110239618, 29.759720529521438], [-95.14614143176604, 29.759395024042504]]}, "properties": {"OBJECTID": 92, "Road_Category": "State", "Shield_Category": "Beltway", "Route_No": "8", "Route_Name": "SH 8", "Tollway_Owner": null, "Shape.STLength()": 20900.73717635525}}, {"type": "Feature", "id": 93, "geometry": {"type": "LineString", "coordinates": [[-95.2813523949305, 29.940772611466517], [-95.28086884688517, 29.94081609331675], [-95.28056954647866, 29.940843003598086], [-95.27950641643527, 29.94087420428002], [-95.27853953574302, 29.94080996345015], [-95.27692882477037, 29.94063501427559], [-95.2751844141092, 29.940337404927064], [-95.27415884356338, 29.940164674573513], [-95.27413681432617, 29.94016032440134], [-95.27277325375192, 29.93989107437113], [-95.2715537521173, 29.93956273420045], [-95.2704024118134, 29.93919290370993], [-95.26831310086686, 29.938517534155483], [-95.25917114568912, 29.935526442942113], [-95.25797151464928, 29.935246633801626], [-95.25677305456955, 29.93496440292633], [-95.25560967307086, 29.9347946236747], [-95.25376132244531, 29.934634583780014], [-95.25185316089458, 29.934628904065008], [-95.25003335072087, 29.934653063592886], [-95.24848834080035, 29.934679434276763], [-95.24355875779669, 29.934732663895502], [-95.24231944723387, 29.934691283388258], [-95.24154482637398, 29.93463698412934], [-95.23830404389487, 29.934247684484667], [-95.23693001465536, 29.93411529416192], [-95.23605797369991, 29.934037094454233], [-95.23461352358395, 29.93403845526732], [-95.23156604141553, 29.934080634643337], [-95.22521920831397, 29.93418301544713], [-95.21744227346666, 29.934291996340068], [-95.21326173258082, 29.93437187585622], [-95.21190612210846, 29.934335906454688], [-95.21102452090119, 29.93421675630932], [-95.21014581083219, 29.934017775998985], [-95.20931005992443, 29.933774006312493], [-95.20808838961793, 29.93317866548076], [-95.20666621830739, 29.93227380553315], [-95.20374816658259, 29.92995061472154], [-95.20192680537227, 29.928436784310033], [-95.20128460610593, 29.92770517358522], [-95.20064188500172, 29.926635013834705], [-95.20032542426907, 29.926001604317708], [-95.20006913377648, 29.925208782938938], [-95.1998835449638, 29.924160962737396], [-95.19982938392512, 29.9236183025601], [-95.19995678319937, 29.921936322214602], [-95.20026002415375, 29.920026501704516], [-95.20106981389131, 29.914788118840463], [-95.20178818402262, 29.90991443746714], [-95.2025892138393, 29.904849844318516], [-95.20308745367171, 29.90152605344373], [-95.20313557354406, 29.89962817304481], [-95.20303684347427, 29.89456671997028], [-95.20301697250403, 29.891645968945618], [-95.20292667202685, 29.890703328458766], [-95.2025435223067, 29.889326139085274], [-95.20211535211354, 29.88844403872523], [-95.20146741234306, 29.887475148150106], [-95.19980759018931, 29.885537527301427], [-95.19568853863204, 29.880639875431793], [-95.19129587493026, 29.875555033566485], [-95.18964054493796, 29.873643092790743], [-95.18902168379232, 29.87303355283153], [-95.18854624322827, 29.87233850278228], [-95.18811256299313, 29.871619772159388], [-95.18771085254674, 29.870725421783295], [-95.18751366266115, 29.870030812230688], [-95.18737107336825, 29.869287751819318], [-95.1872318924848, 29.86552072030164], [-95.18713766221218, 29.86038165728853], [-95.1870535605294, 29.85536966586224], [-95.18695192045912, 29.850057673142512], [-95.18689040090217, 29.84838806198954], [-95.18679162038227, 29.847464782168565], [-95.18659602027675, 29.846391311846254], [-95.18629126997696, 29.845298540746892], [-95.18579616020449, 29.843956020635854], [-95.18535862901902, 29.843085570741103], [-95.18436810914841, 29.841683830341122], [-95.18338589791958, 29.84046427047842], [-95.18285476788574, 29.839943139298708], [-95.18129049637935, 29.838212159183982], [-95.17858281525736, 29.83567846871291], [-95.17588842357503, 29.832666557362664], [-95.17585534979253, 29.832632359728585], [-95.1733712421261, 29.83006376583886], [-95.1713591513338, 29.82778928609579], [-95.17101161052184, 29.827396394947975], [-95.16935561982214, 29.825524335147147], [-95.16793737871392, 29.823423784109327], [-95.16735915830608, 29.822368982752092], [-95.16728802856248, 29.82223922366647], [-95.16667962764885, 29.821129343263635], [-95.16611929676257, 29.820115032629463], [-95.16550583692714, 29.818775621634035], [-95.165158726711, 29.817893481418118], [-95.16477468649381, 29.81680616080953], [-95.16431970566272, 29.815291140300644], [-95.16399455585228, 29.813779639891486], [-95.16387056075475, 29.813116697736298]]}, "properties": {"OBJECTID": 93, "Road_Category": "Toll", "Shield_Category": "Sam Houston Tollway", "Route_No": "8", "Route_Name": "Sam Houston Tollway", "Tollway_Owner": "HCTRA", "Shape.STLength()": 72164.83616891208}}, {"type": "Feature", "id": 94, "geometry": {"type": "LineString", "coordinates": [[-95.22373955257929, 29.60096234281532], [-95.22800178995543, 29.600883837689864], [-95.22915581038271, 29.60087631799103], [-95.23278993235054, 29.60081428792773], [-95.23472359272264, 29.600781237666904], [-95.23695800511386, 29.600731427082593], [-95.23985562651154, 29.60066678742332], [-95.2423018365077, 29.600669777459355], [-95.24365577811587, 29.6006744077588], [-95.24465157810151, 29.600676076646913], [-95.24531240915124, 29.6006771775577], [-95.24706785961399, 29.60067041742905], [-95.24762560079944, 29.600663416906368], [-95.24764366041337, 29.60066318683541], [-95.24799138003829, 29.60065882722073], [-95.25037812096505, 29.60058316743596], [-95.25193163215201, 29.60052909713567], [-95.25666009482995, 29.600442906158555], [-95.25892871533509, 29.600388215895336], [-95.26634780943266, 29.600309765797476], [-95.26861072109917, 29.60026347535824], [-95.27420027321766, 29.600126575664806], [-95.27688050434104, 29.60008122465264], [-95.27850789463457, 29.60006263467313], [-95.28132579769084, 29.60009793485019], [-95.28640926988004, 29.600145713659224], [-95.28815664999125, 29.60013714368675], [-95.29087819253255, 29.600186512991492], [-95.29403496314526, 29.600297373429168], [-95.29658633465077, 29.600412083442453], [-95.29845312646451, 29.60044841283094], [-95.30143879700199, 29.600499833249767], [-95.30406184922624, 29.600487503560476], [-95.3062208602562, 29.600438383122025], [-95.30875826054785, 29.60041445283397], [-95.31174337225356, 29.60040621185612], [-95.31296515341828, 29.600398492846583], [-95.31373040332774, 29.600373941898066], [-95.31470081475521, 29.600330552279], [-95.31529206469914, 29.600306162145845], [-95.3161784548785, 29.60027949220611], [-95.31755503509882, 29.600284161679113], [-95.32089191697777, 29.60026879199166], [-95.3237533294735, 29.600273451528896], [-95.33469439401381, 29.600183521011058], [-95.33667668467142, 29.60017727084925], [-95.33834968681943, 29.600152980022653], [-95.34089174739101, 29.60014745040958], [-95.34403060937301, 29.600155419368875], [-95.34533962933871, 29.60015250976851], [-95.34628749106648, 29.60011999988344], [-95.34694308104902, 29.60006871980841], [-95.34756229101184, 29.600005339977198], [-95.34815745076898, 29.599930299479134], [-95.34888211141978, 29.59979358001349], [-95.3521298830192, 29.599112989159647], [-95.3531454835634, 29.598895449193947], [-95.35336812380815, 29.598847759350395], [-95.35430773505836, 29.598657489015103], [-95.35500251462453, 29.598524328630667], [-95.35594053486797, 29.598367048130974], [-95.3568615446947, 29.59824879854038], [-95.35829603653521, 29.598149388268844], [-95.366664000674, 29.597960297255376], [-95.37473555541627, 29.597799487328345], [-95.37634149644607, 29.59775241686592], [-95.37960562689778, 29.597625677124725], [-95.38658692734131, 29.59732746788619]]}, "properties": {"OBJECTID": 94, "Road_Category": "Toll", "Shield_Category": "Sam Houston Tollway", "Route_No": "8", "Route_Name": "Sam Houston Tollway", "Tollway_Owner": "HCTRA", "Shape.STLength()": 51836.57990913503}}, {"type": "Feature", "id": 95, "geometry": {"type": "LineString", "coordinates": [[-95.14614143176604, 29.759395024042504], [-95.14612263196797, 29.75929246850018], [-95.1461189416932, 29.75927230929032], [-95.14604700105673, 29.758822758899434], [-95.14598367145523, 29.756852048216], [-95.14595934147036, 29.75610910713165], [-95.14596275094033, 29.755223627632855], [-95.14593684084343, 29.753421477146155], [-95.14591396174909, 29.752857446336982], [-95.1458695006188, 29.751761366426067], [-95.14586370155799, 29.75024123594988], [-95.14577127065483, 29.746354153543724], [-95.14576995075193, 29.74419990255665], [-95.14575490033425, 29.741500601531676], [-95.14578855985623, 29.74083170161782], [-95.14585054972713, 29.740008300691823], [-95.14595014024576, 29.73898289031462], [-95.14605138992005, 29.738196899967917], [-95.14614362986383, 29.73759007994411], [-95.14627140940216, 29.7366854297118], [-95.14638881919485, 29.735714559186192], [-95.1465649595492, 29.733848358550482], [-95.14692789933555, 29.730476596941724], [-95.14723682901037, 29.7273002459329], [-95.14772862940175, 29.723082524179603], [-95.14786239018424, 29.722058433606982], [-95.14795992899981, 29.72164569378046], [-95.14810864848047, 29.72119662301014], [-95.14825827005755, 29.72083853266491], [-95.14834426953931, 29.720655132587627], [-95.1485667393012, 29.72026632252704], [-95.14872654021798, 29.720033093138287], [-95.14887419014578, 29.71982333274093], [-95.14913088024602, 29.719517222752074], [-95.15066410093665, 29.717708981420436], [-95.15135763133424, 29.716960030964827], [-95.1523785713118, 29.71585021022186], [-95.15281721139615, 29.71519681029114], [-95.15307061154954, 29.714737379775606], [-95.15331171162835, 29.714085999808436], [-95.15341377158285, 29.713582479881932], [-95.15347253095901, 29.713067719350878], [-95.15350492156443, 29.71240314956657], [-95.15351274049068, 29.712292278552876], [-95.1535151011427, 29.71218121917241], [-95.15351318161429, 29.71209509849671], [-95.15350798143653, 29.712009098444714], [-95.15350122143415, 29.70909605753604], [-95.1534875804808, 29.707105387380633], [-95.15350220076456, 29.70557665046041], [-95.15352500082822, 29.703192635185502], [-95.15352127050296, 29.699823523608156], [-95.1535493002517, 29.696826423281657], [-95.15357771016538, 29.690099649379956], [-95.15358541914311, 29.688867239271058], [-95.15360381910318, 29.68804807872504], [-95.15368726948152, 29.687290918089037], [-95.15383874015107, 29.686619908713258], [-95.15470650938862, 29.6838311974594], [-95.15542627874188, 29.681532256463875], [-95.15565649930916, 29.68069474620368], [-95.1558476498091, 29.680089445448726], [-95.15600494940371, 29.679432285081333], [-95.15609618998319, 29.678820895163376], [-95.1561465201989, 29.677817825448205], [-95.15614377004232, 29.67726895415256], [-95.15607974899731, 29.676281354321933], [-95.15602698962583, 29.675069393719966], [-95.15599907930698, 29.673867073394618], [-95.15602565926618, 29.67253044314615], [-95.15601338879723, 29.670568591563235], [-95.15589491867654, 29.668259120243246], [-95.15575244824333, 29.666205789978264], [-95.1557296783357, 29.665161609593284], [-95.15572907803089, 29.66394450885088], [-95.15581346785464, 29.662999908516642], [-95.15601887779859, 29.661855307806526], [-95.15609300861328, 29.66137905779929], [-95.15614651868101, 29.66061414754439], [-95.15617928740423, 29.659394976907112], [-95.15619250812676, 29.658037345953716], [-95.15616510738914, 29.654515335443584], [-95.15611855768418, 29.652117054254187], [-95.15614400753674, 29.65085519405373], [-95.15620810765526, 29.64987912337608], [-95.15632652771023, 29.648574542450817], [-95.15642598710656, 29.648084483297364], [-95.15664249647402, 29.647209572100333], [-95.15687588776413, 29.646374041859], [-95.15727302704525, 29.645208811260083], [-95.15795756780904, 29.64351952050504], [-95.15838848777153, 29.642623600356817], [-95.15871975860794, 29.642054439466786], [-95.15927710814759, 29.641203029815863], [-95.15995530751228, 29.64035622940333], [-95.16041067886522, 29.63987776928578], [-95.16127605874921, 29.639071178661723], [-95.16754680197687, 29.633241305523942], [-95.16964609223118, 29.631281434430683], [-95.17263398379697, 29.628516443317828], [-95.17348830397795, 29.62777547311459], [-95.17416655501391, 29.62722613327207], [-95.17462210438813, 29.62689309231347], [-95.1751321752475, 29.626529071563215], [-95.17560970560211, 29.626210082214033], [-95.17669255480422, 29.62543814170056], [-95.17908601646596, 29.623692801058485], [-95.18064028774009, 29.622609289678675], [-95.18178203769061, 29.621863439822782], [-95.18267889835931, 29.62132899989252], [-95.18339545900699, 29.620919919417002], [-95.18435106912821, 29.620420749081823], [-95.18849860460953, 29.61836798268357]]}, "properties": {"OBJECTID": 95, "Road_Category": "Toll", "Shield_Category": "Sam Houston Tollway", "Route_No": "8", "Route_Name": "Sam Houston Tollway", "Tollway_Owner": "HCTRA", "Shape.STLength()": 56360.289364725955}}, {"type": "Feature", "id": 96, "geometry": {"type": "LineString", "coordinates": [[-95.18849860460953, 29.61836798268357], [-95.18954983197453, 29.61784765773559], [-95.1906421623795, 29.61721366779901], [-95.19112593195352, 29.616886447752304], [-95.19204104255678, 29.616248177154187], [-95.19322147313274, 29.61534499624608], [-95.19568862471283, 29.61352617536931], [-95.19816695547914, 29.611764104016505], [-95.20045421616933, 29.61011524321166], [-95.20317994839696, 29.608163912507674], [-95.20493599783235, 29.606915982658602], [-95.20552904926396, 29.606516341325964], [-95.20610447985686, 29.606098721572213], [-95.20722366918106, 29.605254251929036], [-95.20942642051968, 29.60366048048993], [-95.21021691032522, 29.60312843005041], [-95.21080945073925, 29.602774009760694], [-95.21186617151345, 29.6022552300397], [-95.21242019163654, 29.602017709450617], [-95.21294697287065, 29.601833009501615], [-95.21407293266701, 29.601495888811932], [-95.21461626275601, 29.601370989752446], [-95.21521934338885, 29.601261569246056], [-95.21589760305041, 29.601161609208045], [-95.21674856418528, 29.601087998894414], [-95.21774037474246, 29.601072609358766], [-95.22373955257929, 29.60096234281532]]}, "properties": {"OBJECTID": 96, "Road_Category": "State", "Shield_Category": "Beltway", "Route_No": "8", "Route_Name": "SH 8", "Tollway_Owner": null, "Shape.STLength()": 13313.133440388337}}, {"type": "Feature", "id": 97, "geometry": {"type": "LineString", "coordinates": [[-95.77613003783738, 29.706357977122565], [-95.77609909954943, 29.70663372483815], [-95.77600082971428, 29.707225815349688], [-95.77581009018519, 29.7081268657335], [-95.77568650989147, 29.708595595575666], [-95.77530271984674, 29.709748656290053], [-95.77520222944025, 29.70999033610183], [-95.77481328900359, 29.710859896825326], [-95.774585609039, 29.71135194630437], [-95.7740378193554, 29.712543557429434], [-95.77395507903206, 29.712730327083072], [-95.77359966874799, 29.71368522800969], [-95.77345701898444, 29.71408822832348], [-95.77322040906026, 29.714934147651828], [-95.7731007796088, 29.715462348370377], [-95.772987818707, 29.716038638730094], [-95.77290593887453, 29.716606389251304], [-95.77287559810227, 29.71684850896596], [-95.77278421885059, 29.717833278747708], [-95.77276756882317, 29.718263459741078], [-95.77275859922493, 29.719069109978005], [-95.77277855879187, 29.719665150133448], [-95.77277740924727, 29.721043461200438], [-95.7727959694705, 29.722422441566323], [-95.77281346003281, 29.72392581147255], [-95.77283076919043, 29.725333462770696], [-95.77285018030331, 29.726743102907562], [-95.77286933965811, 29.728158464220463], [-95.77288463056212, 29.729562224756293], [-95.7728966203461, 29.730940984919357], [-95.77291562070415, 29.732360174920007], [-95.77292400047774, 29.733771355347372], [-95.77294860005127, 29.73506247641753], [-95.7729592608473, 29.736471827044085], [-95.77297582083365, 29.73789668745811], [-95.77299120088699, 29.739348308375195], [-95.77300741143765, 29.74073103851628], [-95.77302409176372, 29.74200274947981], [-95.7730466212848, 29.74339143978242], [-95.77304901172461, 29.744739250465628], [-95.77312121147699, 29.745344690196987], [-95.7732117113654, 29.745732501127463], [-95.77331132186215, 29.746112960514086], [-95.7734914308896, 29.74665883150998], [-95.77366705260614, 29.74710691163046], [-95.7738646526065, 29.747504042069487], [-95.77405492220808, 29.74786838188761], [-95.77449046258191, 29.74859314238887], [-95.77473314169364, 29.74896305157863], [-95.77530282239492, 29.749931592741582], [-95.77548364321756, 29.750261152899174], [-95.77563649277528, 29.750578292615682], [-95.7757984527591, 29.750937853123048], [-95.77592090323984, 29.751298012436127], [-95.77602043308701, 29.751630613189175], [-95.77616088413737, 29.75218089349969], [-95.77624847347997, 29.752886393172325], [-95.77628328427667, 29.75349442357516], [-95.77628024372547, 29.754015034005942], [-95.77627821432809, 29.75426192368985], [-95.77627941465218, 29.75518662450035], [-95.77628057305242, 29.75566142528836], [-95.77627867414142, 29.7563562951595], [-95.77628319395383, 29.7571049756166], [-95.77627529420434, 29.7582878053524], [-95.77628253443561, 29.758523525444197], [-95.77627184451379, 29.759419106355494], [-95.77627443442147, 29.759911196441404], [-95.77626657471275, 29.760942787243717], [-95.77626676454996, 29.761289307255907], [-95.77627077478478, 29.761999677293982], [-95.77627275421135, 29.76270615788288], [-95.77626484509557, 29.76413978819295], [-95.77626165450506, 29.765565909205485], [-95.77625174462385, 29.766243278507705], [-95.77627000548007, 29.766728228893534], [-95.77634106407137, 29.767611219325122], [-95.77643081522679, 29.76816747927661], [-95.77645614479928, 29.76834061979338], [-95.77656932478561, 29.768912969999953], [-95.77670039578469, 29.769528030382823], [-95.7767460347451, 29.769688450987164], [-95.77692028571624, 29.770419810616442], [-95.77706255642035, 29.771029510291836], [-95.77716089586642, 29.77154010148248], [-95.77724520665522, 29.772170831286054], [-95.77727587546183, 29.772422641537148], [-95.77732176506024, 29.773128671139627], [-95.77733487253997, 29.773630099157074]]}, "properties": {"OBJECTID": 97, "Road_Category": "State", "Shield_Category": "State", "Route_No": "99", "Route_Name": "SH 99", "Tollway_Owner": null, "Shape.STLength()": 24844.13524108951}}, {"type": "Feature", "id": 98, "geometry": {"type": "LineString", "coordinates": [[-95.77733487253997, 29.773630099157074], [-95.77733899544653, 29.773787801618674], [-95.77732884582832, 29.775273042734305], [-95.77733485543133, 29.776689913080105], [-95.77733066616213, 29.778389764008], [-95.77732389645215, 29.780198654640184], [-95.7773079669758, 29.781013665229846], [-95.77731642650177, 29.782174074906333], [-95.7773003863538, 29.783442796330725], [-95.77730872714216, 29.78505692600626], [-95.77731089512649, 29.785304605773888], [-95.77732079740997, 29.786435707125044], [-95.77726827741806, 29.787484967981314], [-95.77719246690978, 29.78846453732317], [-95.77710496809533, 29.78925993817313], [-95.7769294174615, 29.790712878765536], [-95.77674297716085, 29.792113759412505], [-95.77658734789387, 29.793412290074095], [-95.7763449072162, 29.79533969087995], [-95.77611175764865, 29.797054901455876], [-95.77602670709186, 29.79764362186174], [-95.77561318767928, 29.800920743480198], [-95.7754769180172, 29.801927013576346], [-95.775358567731, 29.802824764051522], [-95.7752320878238, 29.80360737450993], [-95.77500609856537, 29.804857624317457], [-95.77479094762936, 29.80601059507233], [-95.77442676708122, 29.807859276294643], [-95.77404916829848, 29.809713266768096], [-95.7737900170426, 29.810968146645415], [-95.77363238697093, 29.81170951756556], [-95.77345172740351, 29.812375467401726], [-95.77321769746894, 29.813056857838745], [-95.77294927692031, 29.81377156847971], [-95.77271037707813, 29.81426326853943], [-95.77236177798099, 29.815004019244963], [-95.77201844730187, 29.815624329032275], [-95.77155852652884, 29.816349879846953], [-95.77110263641691, 29.816983669824378], [-95.77060400699493, 29.817690699713], [-95.770113696838, 29.818357791291636], [-95.76945372638137, 29.819289171704142], [-95.76880638587842, 29.820232442134877], [-95.7683931851444, 29.820792991752803], [-95.76776099489206, 29.82169082279185], [-95.76658078581107, 29.82336868276038], [-95.76577355445578, 29.82450188340689], [-95.76495189406302, 29.82566330347217], [-95.76387097427991, 29.827177904621195], [-95.76283125340055, 29.828653665375626], [-95.76217189313421, 29.829567795162628], [-95.76074691268288, 29.831564805785362], [-95.75952573280333, 29.83326995763155], [-95.75876465163685, 29.834548247541324], [-95.75841509243854, 29.835156838111324], [-95.75806857222683, 29.83584593814418], [-95.75772711161541, 29.836569668896345], [-95.75741830115484, 29.83744955907462], [-95.75705813251113, 29.838448339721968], [-95.75682369211701, 29.839284769672677], [-95.75658065097598, 29.84031618993967], [-95.75639936236527, 29.84144156106466], [-95.75629269186138, 29.842517751839896], [-95.75621870111851, 29.84404875206587], [-95.75622897103759, 29.845611293177434], [-95.75622197261934, 29.84651851231031], [-95.75625552199467, 29.848150753704655], [-95.75628984244572, 29.849765793947604], [-95.75631930309781, 29.85358612622195], [-95.7563548930976, 29.858015467896145], [-95.75638339280043, 29.862306739223058], [-95.7564460638144, 29.86657043132436], [-95.7564720038523, 29.870471072633542], [-95.75651037490802, 29.87468802511247], [-95.75655710497678, 29.878865045836687], [-95.75658394506337, 29.88154812761807], [-95.75666328588876, 29.88273966690269], [-95.75674408534329, 29.883299478075564], [-95.75689883607764, 29.88427529883417], [-95.75717484617157, 29.88534130874001], [-95.75759139584115, 29.886808328879518], [-95.75773067677468, 29.88738733005512], [-95.75795962609551, 29.888474749744084], [-95.75805111609466, 29.889391010437645], [-95.75812191738999, 29.89092687126], [-95.75815212619256, 29.891737711865453], [-95.75822020729377, 29.896030333442265], [-95.75827031780798, 29.900282154094878], [-95.75829298786769, 29.90141436514625], [-95.75831385871457, 29.902437405339917], [-95.75838483768422, 29.903220886061348], [-95.75848138776944, 29.904022446508833], [-95.75870759863973, 29.905023626474527], [-95.75899607871986, 29.905957956614046], [-95.75927896883266, 29.906719807471855], [-95.75957604863198, 29.907459146900386], [-95.75990197967805, 29.90814201792461], [-95.76110645088252, 29.910433688219094], [-95.76142252113891, 29.911041559347545], [-95.76168517022558, 29.911664878975362], [-95.76187161131641, 29.912222479523106], [-95.76202286067998, 29.91283058942572], [-95.76207692077328, 29.91369966000438], [-95.76208775097531, 29.914952089736598], [-95.76209002134163, 29.916548850549464], [-95.76206420158191, 29.91818487180936], [-95.76206312129355, 29.919408202578193], [-95.76209723184172, 29.920581003267202], [-95.76213334117864, 29.92155860309333], [-95.76217347194932, 29.922295103088253], [-95.76225718211522, 29.923239824149384], [-95.76239287181609, 29.92465150433821], [-95.76268646273574, 29.926820855828982], [-95.76295952255465, 29.928857415844952], [-95.76325949363039, 29.931182046798448], [-95.76347885277497, 29.932941127999747], [-95.76374838315995, 29.93485886782413], [-95.76396838410969, 29.93585408822666], [-95.76428193409804, 29.93692134979058], [-95.76472752467112, 29.93798535997442], [-95.76501568527091, 29.938630579823524], [-95.76561798538128, 29.939730450683328], [-95.76633545520441, 29.940811170804466], [-95.76725189551047, 29.942166560900382], [-95.76817545691054, 29.943560471380398], [-95.7685764570919, 29.944240071870077], [-95.76901464713315, 29.945074082626157], [-95.76940155789738, 29.946074852581223], [-95.76962974839779, 29.947085653064452], [-95.76976984745306, 29.948300282822697], [-95.76978197812481, 29.949625513995866], [-95.76978148799542, 29.95183865482786], [-95.76975263847835, 29.954096806393338], [-95.76975046865306, 29.95494676612857], [-95.76972995834302, 29.95821604729715], [-95.76969462847308, 29.96022126850358], [-95.76967655947048, 29.963835239277714], [-95.76965772912297, 29.965664880619777], [-95.76966149959887, 29.968781821404665], [-95.76963230925593, 29.971047623213977], [-95.76963246993945, 29.9746468947591], [-95.76960865067589, 29.976790344563383], [-95.76957637049814, 29.980327286257282], [-95.76955283093308, 29.982263987334974], [-95.76953663126027, 29.985234768090763], [-95.76947081094225, 29.986932658831563], [-95.76941325146295, 29.987842049141232], [-95.76926336197351, 29.98985112084099], [-95.76910771201653, 29.99179109084287], [-95.76900400252185, 29.99334987137922], [-95.768972002488, 29.995278642987266], [-95.76893987200754, 29.99661007321702], [-95.76893812151707, 29.99785062359639], [-95.76897478619358, 29.998849855328768]]}, "properties": {"OBJECTID": 98, "Road_Category": "Toll", "Shield_Category": "Grand Parkway", "Route_No": "99", "Route_Name": "Grand Parkway", "Tollway_Owner": "TxDOT", "Shape.STLength()": 84082.0758615252}}, {"type": "Feature", "id": 99, "geometry": {"type": "LineString", "coordinates": [[-95.69151755367751, 29.559166319859216], [-95.69137705397557, 29.55955199013786], [-95.6913294933291, 29.559690020105883], [-95.69115895259628, 29.5599324699991], [-95.69100253410234, 29.560123690567586], [-95.69087775273363, 29.56027302067847], [-95.69069037301786, 29.560490620720774], [-95.6905782925312, 29.560616110256177], [-95.69044803255957, 29.560751320736443], [-95.68929223274625, 29.562582071668913], [-95.68866480251971, 29.56380558183671], [-95.68817376222995, 29.56479961225951], [-95.68761889245873, 29.565653643256635], [-95.68722325220104, 29.566275713670933], [-95.68656034192983, 29.56719496332458], [-95.68582232137159, 29.568226514194805], [-95.68500217105273, 29.56933183441462], [-95.68435103054985, 29.570182565270105], [-95.68354368035631, 29.571196415794525], [-95.68282583010418, 29.57216738650402], [-95.68220088912902, 29.57301899623107], [-95.6812398893225, 29.574333896643466], [-95.68071898951314, 29.575012937038977], [-95.68042849859151, 29.5754236578965], [-95.68017120868193, 29.575809996964377], [-95.68003911876818, 29.57602142781574], [-95.67983378849938, 29.576381967803275], [-95.67968616866816, 29.576666378272574], [-95.67954983881522, 29.57697261841321], [-95.67939777890358, 29.577356418747875], [-95.67927126867292, 29.577756408364927], [-95.67920044877468, 29.57800821804064], [-95.67912794858039, 29.57833654853163], [-95.67908804843272, 29.578523548309573], [-95.67902137800124, 29.578800009008035], [-95.67897020794712, 29.5790432989903], [-95.67886354833557, 29.579538148997013], [-95.67875848793253, 29.580026559470795], [-95.67871139845973, 29.580247010125305], [-95.67851019945716, 29.581220289991126], [-95.67843139884837, 29.58156217999564], [-95.67830392875922, 29.58220870978179], [-95.67822148812074, 29.58258302038734], [-95.67815330874768, 29.582883160724418], [-95.67788363844917, 29.583967051243235], [-95.67782835771153, 29.5842236011713], [-95.67775182812854, 29.584563661453387], [-95.67768685839883, 29.584840941608913], [-95.67762296903597, 29.585143141452292], [-95.6775795686479, 29.585379031620274], [-95.67755232877481, 29.585596341624434], [-95.67752530928405, 29.585857692178983], [-95.67749045865297, 29.586245112511993], [-95.67749795904396, 29.586566981935377], [-95.67750821871144, 29.5869253222598], [-95.67754927825493, 29.587378512849085], [-95.677604828899, 29.58780157315796], [-95.67770762893362, 29.588245393155677], [-95.67783833849813, 29.588604013171835], [-95.67800473974955, 29.58904617274834], [-95.67816406834118, 29.589499572936624], [-95.67840337939889, 29.589976772822986], [-95.67857104959457, 29.59029262387846], [-95.67888495908095, 29.59091403478503], [-95.6793485705693, 29.591812383724502], [-95.67957309030956, 29.592277585203117], [-95.6801051308185, 29.59326251484832], [-95.68032163029585, 29.59366235549926], [-95.68095305088617, 29.59487464543593], [-95.6810999815184, 29.59516490558865], [-95.68148139144226, 29.59589389576103], [-95.68176762187082, 29.596449255622847], [-95.68236899156946, 29.59759925673816], [-95.6825315816658, 29.597882387050568], [-95.68300594200956, 29.59878684672756], [-95.68327498266993, 29.599286107482225], [-95.68376489328479, 29.600235116923372], [-95.68400428356728, 29.600662527993585], [-95.68473966355431, 29.60205063889253], [-95.68551294447188, 29.603522358384918], [-95.68623318529062, 29.604955898881705], [-95.68699819528827, 29.606417749248383], [-95.68772834544878, 29.607826729858708], [-95.68844468676522, 29.609152910435142], [-95.68877627578564, 29.60967535068494], [-95.68904920619664, 29.61008858087789], [-95.68932191624698, 29.610457771156224], [-95.68951840704713, 29.610669301279717], [-95.68972689674844, 29.610955901639482], [-95.6904027774944, 29.61176573142392], [-95.69084379829556, 29.612242112567337], [-95.69200276887322, 29.61342062271107], [-95.69230665910597, 29.61372961266586], [-95.69340058936501, 29.614844642866366], [-95.69365360997739, 29.61511551272391], [-95.69411371980226, 29.61565571349869], [-95.69447090037899, 29.616096683270882], [-95.6947414603461, 29.616465793547565], [-95.69519630027563, 29.617124493832165], [-95.6954091607329, 29.61746100441438], [-95.69564555030854, 29.61785958426545], [-95.69616156122876, 29.618866864112196], [-95.69632386035072, 29.619207394086324], [-95.69662022090536, 29.619833904714152], [-95.69682832072422, 29.620277454616815], [-95.6969576718306, 29.620570925228844], [-95.69737985136236, 29.621471635297], [-95.69755492224513, 29.621870035291877], [-95.69790727201938, 29.622617125417285], [-95.69810900209012, 29.623056636101392], [-95.69824290191598, 29.623346426318218], [-95.6986410420681, 29.62424631607466], [-95.69885840320836, 29.62472846631472], [-95.69926807243407, 29.625665116639066], [-95.69949888369462, 29.626189847232432], [-95.70008410377511, 29.627465556881777], [-95.70015412392047, 29.627615347792922], [-95.70063100395546, 29.62866721785064], [-95.70080492432392, 29.629042607693727], [-95.70140203405691, 29.630347439053768], [-95.70199065477918, 29.631646228642044], [-95.70243815447729, 29.632620529812854], [-95.70261771621134, 29.633017159782828], [-95.7030661351543, 29.63402019954835], [-95.70324295580258, 29.63438036004155], [-95.70372913597726, 29.635470830581426], [-95.7038673562956, 29.63576268041428], [-95.7042449364002, 29.636585280597544], [-95.70447136696863, 29.637061981101798], [-95.70465844701539, 29.63743781126919], [-95.70473687664173, 29.63764531109627], [-95.70491982779546, 29.638065021945035], [-95.705037526958, 29.63832554146133], [-95.70543210687653, 29.639209971795523], [-95.70565751747263, 29.639709611724633], [-95.70602344872091, 29.640499271875477], [-95.70626518775606, 29.6410262627037], [-95.7065342484173, 29.641628853368534], [-95.70673739778596, 29.642087532955646], [-95.70689041836005, 29.642441142574974], [-95.70703826813256, 29.64291135392071], [-95.70714778814082, 29.643257743347203], [-95.70732862880122, 29.643725233008933], [-95.7076987091959, 29.644717953411316], [-95.70787037935561, 29.64519470388113], [-95.70834617915342, 29.646422644343307], [-95.70843078015491, 29.646590144598267], [-95.70889831934923, 29.64765890510434], [-95.70904397041711, 29.64798163493874], [-95.70961479062059, 29.649291276124995], [-95.71029196147852, 29.650723206481587], [-95.7109453414942, 29.652148587004135], [-95.7115983222818, 29.65358352670349], [-95.71226384236232, 29.655032287772052], [-95.71270833238013, 29.655832237872236], [-95.71292741284749, 29.656130638410428], [-95.71314784320795, 29.65644823866726], [-95.71359210333802, 29.656957188991253], [-95.71388063275768, 29.657271348222455], [-95.71422681350879, 29.65761999899159], [-95.7144616829804, 29.65780981906543], [-95.71465339464915, 29.65793499860638], [-95.71491191476805, 29.658135188908624], [-95.71521824385681, 29.658344649149605], [-95.71557710416565, 29.658555888541077], [-95.7160175145183, 29.658806259161892], [-95.71641906442056, 29.658994059192473], [-95.71701503512027, 29.65924586904406], [-95.71770412599604, 29.659474009330385], [-95.71835981661525, 29.659614879633992], [-95.7189745265523, 29.65974095940025], [-95.71956088596221, 29.659814390006698], [-95.71991055622401, 29.659837699682836], [-95.72040861766513, 29.659875589877466], [-95.72119296685213, 29.659932738942395], [-95.72183665758594, 29.659998519552886], [-95.72217984854115, 29.660019689697275], [-95.72282454834362, 29.66006252873975], [-95.72341226881292, 29.660105359154667], [-95.72400435875852, 29.66014832910822], [-95.72447363917688, 29.660192889445], [-95.72568594962067, 29.6602874293472], [-95.72678006971552, 29.66037796992383], [-95.72810097106402, 29.66049528918566], [-95.72920410165749, 29.660580368909276], [-95.7307357030049, 29.66069136840166], [-95.73149767241051, 29.660759178412494], [-95.73285015285917, 29.6608564588964], [-95.73387635335068, 29.66094655893046], [-95.73609797464157, 29.661117118969692], [-95.73740895499988, 29.66121103880223], [-95.73809029601085, 29.66126843916627], [-95.73877676692673, 29.661358548711483], [-95.73928738676875, 29.661459968608966], [-95.73992519700002, 29.66160968920494], [-95.74066847690565, 29.6618529392166], [-95.7411380972557, 29.662039108481725], [-95.74152943824798, 29.6622111684062], [-95.74198458823936, 29.662427488650533], [-95.74234082741341, 29.662650049180534], [-95.7427823389586, 29.662927159136053], [-95.74318941861306, 29.66318971934711], [-95.74366409928818, 29.663609609280606], [-95.74406461944555, 29.66402125909406], [-95.74521215075325, 29.665189310182654], [-95.74598013004773, 29.665917690160214], [-95.7464814409867, 29.666430350658676], [-95.74731923108975, 29.667266360950194], [-95.74781390237641, 29.667780711301454], [-95.74877226144604, 29.66871647075317], [-95.74918385259552, 29.669126561972], [-95.75024134345642, 29.670102011585357], [-95.75065387329622, 29.670491081004226], [-95.75223867467373, 29.6718383616154], [-95.75292635477763, 29.672401282896587], [-95.7535583051711, 29.672885762478433], [-95.75383790513075, 29.673107632447238], [-95.75476622526625, 29.673781983009473], [-95.75535466565925, 29.674209472016663], [-95.7557659571686, 29.67447787369119], [-95.75776174712222, 29.675804402680733], [-95.76001597872977, 29.67713764358474], [-95.76180623975091, 29.678204534142235], [-95.76328321112803, 29.679017794020385], [-95.76482843162174, 29.679974974834582], [-95.76575724227928, 29.680691374457627], [-95.766190592053, 29.681107884822218], [-95.76667494224068, 29.681811335544495], [-95.76692610243829, 29.68223323591437], [-95.76723936273397, 29.682839065781163], [-95.76735737326052, 29.683497725178764], [-95.76750378341644, 29.6846588964075], [-95.76754376273855, 29.684947385796345], [-95.76774908280255, 29.686365137214963], [-95.76797603430583, 29.687289697159912], [-95.76814117402134, 29.687773807002497], [-95.76849012476495, 29.68861630731356], [-95.76871505449738, 29.6890870980141], [-95.76878682412647, 29.689200527586678], [-95.76934328486924, 29.690160988961285], [-95.76971979458017, 29.690675128702875], [-95.77059931562397, 29.691719118662775], [-95.77091458610101, 29.692079978824296], [-95.77178173621591, 29.693106319349212], [-95.7720969363877, 29.6934690791676], [-95.77307538710441, 29.694608249876215], [-95.77333187692085, 29.694909699353587], [-95.77418004767127, 29.69592008028703], [-95.77452415745675, 29.696324000442026], [-95.77495110800034, 29.696939360707002], [-95.77523487777476, 29.697469531326885], [-95.7753189777926, 29.69765229105995], [-95.7755910591777, 29.698499861133573], [-95.77568381863033, 29.69893560110487], [-95.77580461814878, 29.699933181184793], [-95.77586958927444, 29.700352682140554], [-95.77590016188744, 29.70064452576525], [-95.7759778593261, 29.70138622239091], [-95.7760108086489, 29.701735732658328], [-95.7761111387964, 29.702700092754476], [-95.7761536289872, 29.70313224246338], [-95.77621050998899, 29.704087503283713], [-95.77621224950046, 29.704548923932773], [-95.77620899885004, 29.70522458457574], [-95.77617099861565, 29.70599289419826], [-95.77613003783738, 29.706357977122565]]}, "properties": {"OBJECTID": 99, "Road_Category": "Toll", "Shield_Category": "Grand Parkway", "Route_No": "99", "Route_Name": "Grand Parkway", "Tollway_Owner": "TxDOT", "Shape.STLength()": 69051.43090031449}}, {"type": "Feature", "id": 100, "geometry": {"type": "LineString", "coordinates": [[-95.43562464187958, 30.106747760821893], [-95.4352969318167, 30.106353021197428], [-95.43491255134273, 30.105874650920146], [-95.43442551094907, 30.10541471023212], [-95.43394384131823, 30.105109830486168], [-95.43341138030064, 30.10480311073259], [-95.43148379946057, 30.10387110051292], [-95.42882103690671, 30.102678699808497], [-95.42309742460667, 30.10005977898281], [-95.42008411278675, 30.098705608078657], [-95.41745085198902, 30.09750580854379], [-95.41685078073603, 30.09716095834838], [-95.41629009019563, 30.096728758776493], [-95.41582432073501, 30.096286628170617], [-95.41540160022, 30.095773847934723], [-95.41515623049213, 30.095398067977722], [-95.41496136979966, 30.095038217744936], [-95.41475728968864, 30.09456645802154], [-95.41428299929616, 30.092804326812416], [-95.41370683986105, 30.090815205833636], [-95.41315220921796, 30.088711014396594], [-95.41240758801563, 30.08598173379059], [-95.41178693717481, 30.08380230300584], [-95.41136858708398, 30.082235103148996], [-95.41086230682556, 30.08054218202899], [-95.41068732729988, 30.07978023128214], [-95.41064427557284, 30.079137341383305], [-95.41071147695907, 30.078290270640128], [-95.41106963581818, 30.076689830546815], [-95.41141698700223, 30.074823500338724], [-95.41170976625486, 30.073608719043573], [-95.41183358695417, 30.072489958841718], [-95.41180373692178, 30.071676089006058], [-95.41156698576177, 30.070703568356706], [-95.41120846631028, 30.069909587725515], [-95.4105635848489, 30.069013787231796], [-95.40977300506465, 30.06794306701257], [-95.40739347413337, 30.06467122636885], [-95.40679959294106, 30.06383286566301], [-95.4063580932886, 30.063245085567836], [-95.40612755197432, 30.06266492579148], [-95.40589206225867, 30.061696554642086], [-95.40557064123023, 30.060410884209542], [-95.40486813178872, 30.05757506339905], [-95.40439041010102, 30.055781042728324], [-95.40397915043248, 30.054105051033577], [-95.4037509501997, 30.053294652005928], [-95.40368796971961, 30.05279439112286], [-95.40367131101614, 30.052160701308882], [-95.40377863058671, 30.05138853022789], [-95.40389502026582, 30.050956750706113], [-95.40414896092351, 30.05038191116852], [-95.40497053020943, 30.048552078782173], [-95.40699108212995, 30.04409135710037], [-95.40740786098014, 30.04322825713366], [-95.40764601163612, 30.042665036732192], [-95.40778007127169, 30.042090656552823], [-95.40789032126025, 30.041475436290057], [-95.40787639132613, 30.040581326528564], [-95.4077568907756, 30.039850766124626], [-95.40694437088564, 30.036726915217198], [-95.40590592952408, 30.032252542414575], [-95.40571589911767, 30.031019992383953], [-95.40528425884781, 30.029142481822195], [-95.40448595846108, 30.02685178066343], [-95.40434456817371, 30.026068790559002], [-95.404302167878, 30.025516759944047], [-95.40442573782411, 30.02408685943542], [-95.40468183765839, 30.022606659420713], [-95.40471934796761, 30.02160113853102], [-95.40463698804564, 30.019650878161272], [-95.40461570817656, 30.019220637522217], [-95.40454520713224, 30.017369187165045], [-95.40439612710702, 30.012959905145856], [-95.404377657454, 30.01264622447217], [-95.4042721874499, 30.012227504482578], [-95.40401777641763, 30.011250164760337], [-95.40360533659988, 30.009553762947515], [-95.4035621671626, 30.009249493303063], [-95.40325595540347, 30.00863851307605], [-95.40275978628289, 30.007819852293668], [-95.40212448611922, 30.00711261232235], [-95.40124950469797, 30.006345753076594], [-95.40016266389088, 30.00528732240363], [-95.39967142341715, 30.004738302391623], [-95.39929013451733, 30.004294871960425], [-95.39905424285868, 30.003805912268945], [-95.39881418301444, 30.00322944159177], [-95.39864750370917, 30.002597731534923], [-95.39805887252567, 30.00018701097276], [-95.39723487207638, 29.996945098489647], [-95.39698499129085, 29.995951518284418], [-95.3963584215797, 29.993385757052277], [-95.39594522106822, 29.991821007170106], [-95.39512912983042, 29.988476476109312], [-95.39430822969173, 29.985233484943713], [-95.393743848879, 29.982951204041452], [-95.3928607280407, 29.979430692140244], [-95.39228740825622, 29.977145751427095], [-95.39209830760566, 29.97640522099038], [-95.39193821729455, 29.97587285090465], [-95.39175984793225, 29.975435560277347], [-95.39156639719873, 29.975056950092085], [-95.39110806728048, 29.97440665005728], [-95.39032738639658, 29.973630360748356], [-95.38973594609047, 29.973207989040223], [-95.38919394580455, 29.972901089679944], [-95.38868168484275, 29.972691019234205], [-95.38812826432181, 29.972479438933025], [-95.38685505444063, 29.972086149751966], [-95.38526970369162, 29.971609689789837], [-95.38371352261589, 29.971098369529642], [-95.38302034159929, 29.970791939036122], [-95.38255842204453, 29.970535799281645], [-95.38192844228234, 29.97005812919812], [-95.3813478215772, 29.969498478383755], [-95.38073261183236, 29.968626428753215], [-95.3803705304802, 29.967865297817674], [-95.38025282081948, 29.96745412808157], [-95.38018827085985, 29.967080787919453], [-95.38011431028653, 29.966473747587703], [-95.38009901039909, 29.96550383688721], [-95.38005747009633, 29.964078217131036], [-95.37995985982884, 29.959808705006868], [-95.37995672008086, 29.958731144439795], [-95.38007327963692, 29.957933994677365], [-95.38040018964739, 29.956986053849523], [-95.38105585000858, 29.956029632863803], [-95.38171379076391, 29.95533651247055], [-95.38272996024072, 29.954375062649902], [-95.38329022134195, 29.953700472747474], [-95.3836598218892, 29.953157432602573], [-95.38384118166546, 29.952720431677875], [-95.38410949140285, 29.952015411915575], [-95.38414869037008, 29.951703231468656], [-95.38422886088216, 29.95094322075622], [-95.38422338124379, 29.95057504124946], [-95.38374942113516, 29.948401020277295], [-95.38217972887664, 29.942183477667147], [-95.3811861585023, 29.9382648561429], [-95.38053937794682, 29.935703364984196], [-95.38016692695234, 29.93444521474169], [-95.37973766730185, 29.932796063350956], [-95.37929444740665, 29.93100878346057], [-95.37880381636451, 29.929207802428365], [-95.37851457617873, 29.927791122363708], [-95.37834245680293, 29.926653952207705], [-95.37820676579044, 29.92562613090548], [-95.37796049636874, 29.924450041211326], [-95.37727920524918, 29.92175653976535], [-95.37676727504942, 29.91983222849012], [-95.3764582438027, 29.91911179859248], [-95.37619835384086, 29.91851593850356], [-95.37596574469244, 29.917745827618525], [-95.37595006331621, 29.9169631171584], [-95.37604021347873, 29.91574743764113], [-95.37602925302545, 29.91502731654513], [-95.37597936349597, 29.91449295626212], [-95.3758243632729, 29.913715425899483], [-95.37564957319759, 29.913152356461154], [-95.37500432254434, 29.911389565399386], [-95.37417793203817, 29.90795305412342], [-95.3736884208265, 29.90584693381261], [-95.37281933153173, 29.902207142627358], [-95.3715949492912, 29.89738758054652], [-95.37039972855166, 29.892587328267414], [-95.36976008904384, 29.89008710789868], [-95.3686524572088, 29.88565320522088], [-95.36811150665949, 29.883479374366587], [-95.36663944510389, 29.877537782793677], [-95.36621103489195, 29.875846871866237], [-95.36494390424139, 29.870822109535336], [-95.36387147262755, 29.866570498077547], [-95.3634462330406, 29.8648811471044], [-95.36202355196124, 29.859253915392852], [-95.3613967408064, 29.856655024177474], [-95.36025965020373, 29.852042002868085], [-95.3588616886736, 29.846527000435355], [-95.35868237859631, 29.84586968025738], [-95.35836253785628, 29.84468461952578], [-95.35803340843466, 29.843316318672372], [-95.35799103878664, 29.843073588892224], [-95.35768631809215, 29.842003548508977], [-95.35665092663953, 29.83783509667853], [-95.35548514515611, 29.83324247554383], [-95.3548271857495, 29.830613003671512], [-95.35475100474419, 29.83024775350591], [-95.35468935472198, 29.829916533794222], [-95.35467807505258, 29.829696643538234], [-95.35467508425019, 29.829368784031583], [-95.35471697494098, 29.82888974356488], [-95.35532099543421, 29.825666921698986], [-95.35533449513048, 29.825593971573923], [-95.3556190147468, 29.82426714081106], [-95.35565072523704, 29.824119280670462], [-95.35586572067177, 29.82302287341716]]}, "properties": {"OBJECTID": 100, "Road_Category": "Toll", "Shield_Category": "Hardy Toll Road", "Route_No": null, "Route_Name": "Hardy Toll Road", "Tollway_Owner": "HCTRA", "Shape.STLength()": 112194.20818628116}}, {"type": "Feature", "id": 101, "geometry": {"type": "LineString", "coordinates": [[-95.35586572067177, 29.82302287341716], [-95.35598019578046, 29.82243908027537], [-95.35600019506758, 29.822099069762018], [-95.35600019519856, 29.821759069904616], [-95.35598019433733, 29.821419079745247], [-95.35593019536016, 29.82108907990257], [-95.3558501947015, 29.82074908006498], [-95.35576019455625, 29.820419079643067], [-95.35563019487952, 29.82009908007986], [-95.35548019535777, 29.819789079694644], [-95.35527019442979, 29.819409080049404], [-95.35510019458988, 29.819129079449294], [-95.35478594401538, 29.818735889494896], [-95.3544689239532, 29.818343098184826], [-95.35415724357017, 29.817976558711567], [-95.35413340460543, 29.817948529313437], [-95.35391063333329, 29.81766086898926], [-95.35351132300208, 29.81716057853008], [-95.35307124350773, 29.81663549835622], [-95.35260243304742, 29.816012807890097], [-95.35245486190757, 29.815793787636647], [-95.35238019286204, 29.81563907816279], [-95.3522302024703, 29.81538907761436], [-95.35213019259137, 29.815209077487925], [-95.35188019187747, 29.814829077080265], [-95.35172019229023, 29.81447907796102], [-95.35154519196924, 29.81408907712391], [-95.35128183211769, 29.813575707977986], [-95.35110596193869, 29.81333735709505], [-95.35089441119901, 29.81308716767798], [-95.35072681182123, 29.812928177310646], [-95.35057477192753, 29.81282246717322], [-95.35043303194931, 29.81275401731157], [-95.35023019133125, 29.812679076506218], [-95.34995706099279, 29.812567336697068], [-95.34891019995938, 29.812139076225108], [-95.34815951926028, 29.81191130681687], [-95.34739158973993, 29.811658266220714], [-95.34727171925293, 29.81157927624142]]}, "properties": {"OBJECTID": 101, "Road_Category": null, "Shield_Category": "Hardy Toll Road", "Route_No": null, "Route_Name": "Hardy Toll Road", "Tollway_Owner": null, "Shape.STLength()": 5336.244079345212}}, {"type": "Feature", "id": 102, "geometry": {"type": "LineString", "coordinates": [[-95.12527817025486, 29.521066785846322], [-95.12437730935234, 29.521521216026713], [-95.1222844094988, 29.522762596694264], [-95.12189696900813, 29.52299225634685], [-95.12152671971224, 29.523234536255575], [-95.12069390932584, 29.523800286961503], [-95.11977252901993, 29.5244341665803], [-95.11933560823299, 29.524725916851498], [-95.11853895875639, 29.525264577409608], [-95.11753758856561, 29.52598205705128], [-95.11690468807487, 29.526370857476785], [-95.11621983757097, 29.52679282781705], [-95.11526789724341, 29.527327558094427], [-95.11413132771541, 29.527934287817107], [-95.1131501473691, 29.52845028839553], [-95.11086691654971, 29.529663308054676], [-95.11047273630913, 29.529903048568038], [-95.11022037638439, 29.530121898599585], [-95.10990380649203, 29.53041738830381], [-95.10975134659802, 29.53064889820439], [-95.10955785657573, 29.530896398321836], [-95.10944419616739, 29.531155778348], [-95.10927059660742, 29.531606278700032], [-95.10918819633322, 29.5320427091731], [-95.10918606667384, 29.53248225857148], [-95.10921936650718, 29.532817668640053], [-95.10928632673992, 29.53308403948609], [-95.10939076616391, 29.53340460896283], [-95.10972831615379, 29.534085909271553], [-95.11026178637414, 29.535267159156714], [-95.11132759754224, 29.537453769693432], [-95.1115357773407, 29.537910249910595], [-95.1117792168945, 29.538464800423153], [-95.11202709789367, 29.538931600226288], [-95.11219893730183, 29.53936432998233], [-95.11227081722836, 29.539679600803506], [-95.11231577771504, 29.540182520498842], [-95.1122800072409, 29.54069110019373], [-95.1121260279577, 29.541151160254625], [-95.1119201079985, 29.54164438085919], [-95.11164835741496, 29.54204712122792], [-95.11125485755164, 29.54247154082252], [-95.11077278760008, 29.54282763072493], [-95.10962432707439, 29.54365129169473], [-95.10736576603414, 29.54524937210465], [-95.10694069601546, 29.54554491216673], [-95.10637181610413, 29.545845641960106], [-95.10617435584, 29.545938411753674], [-95.10591068637346, 29.546042951696155], [-95.10484308548595, 29.546392512233385], [-95.10185834554784, 29.547357772511607], [-95.09829220423613, 29.548534772831218], [-95.0973731142819, 29.5488556626621], [-95.0963051336466, 29.549274262436768], [-95.09496245337934, 29.54970616307508], [-95.09324553310381, 29.55027686336858], [-95.08892335202434, 29.551642463562953], [-95.0834576104186, 29.553399514198926], [-95.07988647999186, 29.55454004429937], [-95.07824376942915, 29.55504408500158], [-95.07735251958094, 29.555438135233686], [-95.07663128890034, 29.555932375312], [-95.07634179909401, 29.55618078479913], [-95.07621831921873, 29.55632850526844], [-95.076079188456, 29.556502014837527], [-95.07587763891023, 29.55680403485873], [-95.07487926873117, 29.558575305508747], [-95.0746260383677, 29.558968225744806], [-95.07418437858696, 29.559602725828604], [-95.07326003854752, 29.561230075941737], [-95.07292496871318, 29.56175471667634], [-95.07268941845042, 29.562049616327812], [-95.07239140849475, 29.56235433602657], [-95.07126549780106, 29.56360080671702], [-95.07105595850054, 29.563804066828553], [-95.07083410767358, 29.56398920709217], [-95.07060829744829, 29.564151876787772], [-95.06970883731826, 29.564718066601284], [-95.06926175732568, 29.564949126623755], [-95.06884418732808, 29.565123227479162], [-95.0660279568179, 29.565935397545864], [-95.0647295460624, 29.56628877734286], [-95.06330956643708, 29.56664849762297], [-95.06300620585257, 29.566704587421874], [-95.06270155599402, 29.566739477253737], [-95.06244689571545, 29.56675169780223], [-95.06201772578589, 29.56674399772004], [-95.05717128481426, 29.56655137768597], [-95.05684394450637, 29.56652519768425], [-95.05648762421079, 29.56647519804434], [-95.05621593400045, 29.566413328148915], [-95.05586529409163, 29.56630635774402], [-95.05552574416708, 29.566180647511178], [-95.055177963967, 29.566026647554327], [-95.0547369634632, 29.565772667849448], [-95.05330555348323, 29.564843017309578], [-95.05299305297447, 29.564663257813883], [-95.05274544315775, 29.564548037742153], [-95.05244077303581, 29.56443054776733], [-95.05211891344881, 29.56433600770113], [-95.05180123307439, 29.5642740672137], [-95.05094542279026, 29.564141917098464], [-95.0503896326112, 29.564093567335817], [-95.04987904294522, 29.56410320780677], [-95.04816747235522, 29.564183087750333], [-95.0463560420301, 29.56430930758164], [-95.04512478112554, 29.564375227545142], [-95.04488558100861, 29.564372137928427], [-95.04463086079345, 29.56434882760193], [-95.04432304158277, 29.564291167495025], [-95.04407545102205, 29.564227788016712], [-95.04371355120043, 29.564085847974223], [-95.04338694070401, 29.563914877237348], [-95.04307924062198, 29.56370268759463], [-95.04281207074855, 29.563460457250468], [-95.04247019105871, 29.563064127588365], [-95.04062677034321, 29.560754157539208], [-95.04048066006946, 29.560599227078903], [-95.04023330955457, 29.560378517272447], [-95.04006070950604, 29.560253997021416], [-95.03979530001638, 29.560095706996297], [-95.03935582014428, 29.559903557216163], [-95.03894765966875, 29.55979212720293], [-95.03847104985711, 29.559727827025526], [-95.03803785926283, 29.559721727422993], [-95.03750961957773, 29.55978585678154], [-95.03559156820513, 29.560112707366496], [-95.03459583870779, 29.560308386912062], [-95.03182194731697, 29.56077396770901], [-95.03153394789105, 29.560835077011916], [-95.03104522709364, 29.560973277327253], [-95.03068000722304, 29.561106737817973], [-95.02873613730243, 29.561884238118637], [-95.02848190738457, 29.561994987478187], [-95.02824513660737, 29.562126337658164], [-95.02787229646978, 29.562375448273396], [-95.0275700065598, 29.56263578823238], [-95.02658148639699, 29.5636795882578], [-95.0264733362302, 29.563776577906978], [-95.0263759460084, 29.563831208378215], [-95.02620258679038, 29.563881587879543], [-95.02601419594541, 29.563899698654755], [-95.02581710607957, 29.563895708359016]]}, "properties": {"OBJECTID": 102, "Road_Category": "State", "Shield_Category": "NASA", "Route_No": "1", "Route_Name": "NASA Road 1", "Tollway_Owner": null, "Shape.STLength()": 42192.95757113826}}, {"type": "Feature", "id": 103, "geometry": {"type": "LineString", "coordinates": [[-95.38007327963692, 29.957933994677365], [-95.37707501434498, 29.957611577615758], [-95.37379586313128, 29.957661537626905], [-95.37133038241849, 29.95770912697149], [-95.36980897227414, 29.957702277470652], [-95.36905743213323, 29.957670317053413], [-95.36851814235159, 29.95763154712819], [-95.3666263210379, 29.957402177400827], [-95.36466870111892, 29.957158947526597], [-95.36337225103317, 29.957034167178456], [-95.36132646027824, 29.957003647756295], [-95.35990320998702, 29.957003657746476], [-95.35621751887867, 29.957132977650325], [-95.35359610797613, 29.95719023822275], [-95.35298799755013, 29.957191008159587], [-95.35238706805119, 29.957145987591243], [-95.3517029071111, 29.957001768094226], [-95.35112997741574, 29.95684800816453], [-95.3505981876814, 29.95664625805644], [-95.35023985696915, 29.956472507799123], [-95.34960589736733, 29.95611883778718], [-95.34906250664422, 29.95572294796511], [-95.34845583693802, 29.955186037478438], [-95.34754791639249, 29.95422389706286], [-95.34683413624862, 29.953590947776558], [-95.34626387600726, 29.9532143472066], [-95.3457917557812, 29.952955897180658], [-95.34517479554411, 29.952686097445266], [-95.34466201531156, 29.95255275767544], [-95.34418377573381, 29.952420666963096], [-95.34366867522337, 29.95233546721386], [-95.34301934530956, 29.95230561708064], [-95.34072567412747, 29.95233599697301], [-95.33856772434932, 29.952362106989263], [-95.33515062256812, 29.95239053771578], [-95.33450500291191, 29.95242710745143], [-95.3342534128822, 29.95247109729228]]}, "properties": {"OBJECTID": 103, "Road_Category": "Toll", "Shield_Category": "Hardy Toll Road", "Route_No": null, "Route_Name": "Hardy Toll Road", "Tollway_Owner": "HCTRA", "Shape.STLength()": 15131.189689296674}}, {"type": "Feature", "id": 104, "geometry": {"type": "LineString", "coordinates": [[-95.80422945262238, 30.25866086907648], [-95.77060498497, 30.251454659809127]]}, "properties": {"OBJECTID": 104, "Road_Category": "Toll", "Shield_Category": "Toll", "Route_No": "249", "Route_Name": "Tomball Tollway", "Tollway_Owner": "MCTRA", "Shape.STLength()": 10935.318042149709}}, {"type": "Feature", "id": 105, "geometry": {"type": "LineString", "coordinates": [[-95.77060498497, 30.251454659809127], [-95.7484191185816, 30.24809875859164], [-95.74461336989374, 30.244568567985088], [-95.7415507446273, 30.23203079761719], [-95.72605712073667, 30.22233149784242]]}, "properties": {"OBJECTID": 105, "Road_Category": "Toll", "Shield_Category": "Toll", "Route_No": "249", "Route_Name": "Tomball Tollway", "Tollway_Owner": "MCTRA", "Shape.STLength()": 19563.10579130796}}, {"type": "Feature", "id": 106, "geometry": {"type": "LineString", "coordinates": [[-95.72605712073667, 30.22233149784242], [-95.72339813068156, 30.220666535096132], [-95.68387978248406, 30.188109022548588], [-95.68139396291633, 30.186936401767994]]}, "properties": {"OBJECTID": 106, "Road_Category": "Toll", "Shield_Category": "Toll", "Route_No": "249", "Route_Name": "Tomball Tollway", "Tollway_Owner": "MCTRA", "Shape.STLength()": 19135.213153966884}}, {"type": "Feature", "id": 107, "geometry": {"type": "LineString", "coordinates": [[-95.68139396291633, 30.186936401767994], [-95.67206250658958, 30.181155678321424], [-95.67185928358835, 30.170546998203996]]}, "properties": {"OBJECTID": 107, "Road_Category": "Toll", "Shield_Category": "Toll", "Route_No": "249", "Route_Name": "Tomball Tollway", "Tollway_Owner": "MCTRA", "Shape.STLength()": 7479.9568794420775}}, {"type": "Feature", "id": 108, "geometry": {"type": "LineString", "coordinates": [[-95.68341020399669, 30.171271829966855], [-95.67565481042305, 30.166877919134443], [-95.67440150017158, 30.166050497937277], [-95.67387801912112, 30.16561995840193], [-95.67302798827808, 30.164529687860732], [-95.67238574734104, 30.163412417505477], [-95.67176562407819, 30.162431538678575]]}, "properties": {"OBJECTID": 108, "Road_Category": "State", "Shield_Category": "State", "Route_No": "249", "Route_Name": "SH 249", "Tollway_Owner": null, "Shape.STLength()": 4991.0858104375975}}, {"type": "Feature", "id": 109, "geometry": {"type": "LineString", "coordinates": [[-95.67185928358835, 30.170546998203996], [-95.67176562407819, 30.162431538678575]]}, "properties": {"OBJECTID": 109, "Road_Category": "Toll", "Shield_Category": "Toll", "Route_No": "249", "Route_Name": "Tomball Tollway", "Tollway_Owner": "MCTRA", "Shape.STLength()": 2951.6275767438888}}, {"type": "Feature", "id": 110, "geometry": {"type": "LineString", "coordinates": [[-95.67176562407819, 30.162431538678575], [-95.66828753580069, 30.156929665367116], [-95.65630162672169, 30.137473317819097], [-95.65452247668578, 30.134460946606122], [-95.65177121431245, 30.13004776499842], [-95.64901326275064, 30.124689894201516], [-95.64760196135255, 30.122162312711488], [-95.64684486053218, 30.120862102081965], [-95.64665925111112, 30.120521412000606], [-95.6457754246466, 30.11916102447214]]}, "properties": {"OBJECTID": 110, "Road_Category": "Toll", "Shield_Category": "Toll", "Route_No": "249", "Route_Name": "Tomball Tollway", "Tollway_Owner": "MCTRA", "Shape.STLength()": 17758.058371072722}}, {"type": "Feature", "id": 111, "geometry": {"type": "LineString", "coordinates": [[-95.6457754246466, 30.11916102447214], [-95.64567955033168, 30.119013451779725], [-95.64434179888252, 30.116834160425], [-95.64420442912638, 30.116631980740163], [-95.64309742785338, 30.114819589422925], [-95.64277643834869, 30.11426466931851], [-95.64227740818394, 30.11326411929294], [-95.64196498816338, 30.112522979069155], [-95.64164683779941, 30.111630288970446], [-95.64070227658829, 30.108783557656857], [-95.64039315694497, 30.10790301755782], [-95.63912420531825, 30.10499079604282], [-95.63885663566808, 30.10430726523616], [-95.63863299461642, 30.10355206576658], [-95.63820572982814, 30.101575220693967]]}, "properties": {"OBJECTID": 111, "Road_Category": "Toll", "Shield_Category": "Toll", "Route_No": "249", "Route_Name": "Tomball Tollway", "Tollway_Owner": "HCTRA", "Shape.STLength()": 6863.750270577734}}, {"type": "Feature", "id": 112, "geometry": {"type": "LineString", "coordinates": [[-95.77590016188744, 29.70064452576525], [-95.77486011860839, 29.700726861953694], [-95.77407233825932, 29.700779152371425], [-95.77353028741547, 29.70082536304473], [-95.77307935711923, 29.700846032349858], [-95.77263628759616, 29.700874103072493], [-95.77229943667751, 29.70090572248895], [-95.77199525780652, 29.700938432741662], [-95.77152767610768, 29.70096568243902], [-95.7709444664223, 29.701017642765564], [-95.77008220568389, 29.701088852815026], [-95.7695992160317, 29.701094153197086], [-95.76880482500184, 29.701110482738894], [-95.76769084476923, 29.70113755345089], [-95.76628336465421, 29.701140513687093], [-95.7648639531365, 29.701228783524204], [-95.7623425215978, 29.701444473758162], [-95.75904112964857, 29.701719724570513], [-95.75661048857728, 29.701916903770442], [-95.75430332849297, 29.702096754953217], [-95.75049281572676, 29.702411853941072], [-95.74665778421684, 29.702726024727948], [-95.7423874719117, 29.703075455823097], [-95.73882325974593, 29.703369916363403], [-95.73455258843943, 29.703726216217515], [-95.73158761609963, 29.70397635638275], [-95.72719180437265, 29.7043853470094], [-95.72349081288927, 29.70462475719074], [-95.71844002992339, 29.70503989804224], [-95.71419435784202, 29.705382068783145], [-95.70883142543646, 29.705821978465675], [-95.70444615328354, 29.706173389730093], [-95.70321263278562, 29.70631013935275], [-95.70275944156904, 29.706380489854784], [-95.7020601811289, 29.70646392038926], [-95.69745359900031, 29.706821860094085], [-95.69512074826672, 29.707021190811783], [-95.69392179706416, 29.707116170457926], [-95.69269769680095, 29.70722456023171], [-95.69228725739302, 29.707253470900973], [-95.69223402593909, 29.707260730979996], [-95.6905979264742, 29.707405701411847], [-95.68867676405752, 29.70755293099979], [-95.68760621469083, 29.707650711243573], [-95.68600730329759, 29.707779581145523], [-95.68467434335338, 29.70789269146173], [-95.6827197523254, 29.708052311182733]]}, "properties": {"OBJECTID": 112, "Road_Category": "Toll", "Shield_Category": "Westpark Tollway", "Route_No": null, "Route_Name": "Westpark Tollway", "Tollway_Owner": "FBCTRA", "Shape.STLength()": 29708.251663475326}}, {"type": "Feature", "id": 113, "geometry": {"type": "LineString", "coordinates": [[-95.77590016188744, 29.70064452576525], [-95.77842711806993, 29.70042606977677], [-95.7834456309088, 29.69962816905972], [-95.79713598688265, 29.698492648673888], [-95.79868090525754, 29.698451357363783], [-95.80188104219275, 29.698398447425763], [-95.82008753626712, 29.696824443798832]]}, "properties": {"OBJECTID": 113, "Road_Category": "Toll", "Shield_Category": "Westpark Tollway", "Route_No": null, "Route_Name": "Westpark Tollway", "Tollway_Owner": "FBCTRA", "Shape.STLength()": 14106.565411359003}}]}